name,clothing_type,category,brand,size,primary_color,secondary_colors,style_tags,weather_tags,season,description,image_filename,privacy
Beige Blazer,Blazer,outerwear,,,beige,black|gray,,,all-season,AI-detected Blazer processed on 2025-11-08,beige-blazer-1762585166.png,public
Beige Blazer,Blazer,outerwear,,,beige,pink|black,,,all-season,AI-detected Blazer processed on 2025-11-08,beige-blazer-1762574558.png,public
Beige Body,Body,top,,,beige,black|gray,,,all-season,AI-detected Body processed on 2025-11-08,beige-body-1762583120.png,public
Beige Body,Body,top,,,beige,black|gray,,,all-season,AI-detected Body processed on 2025-11-08,beige-body-1762594090.png,public
Beige Body,Body,top,,,beige,black|pink,,,all-season,AI-detected Body processed on 2025-11-08,beige-body-1762591481.png,public
Beige Dress,Dress,outerwear,,,beige,black,,,all-season,AI-detected Dress processed on 2025-11-08,beige-dress-1762601423.png,public
Beige Dress,Dress,outerwear,,,beige,black,,,all-season,AI-detected Dress processed on 2025-11-08,beige-dress-1762604571.png,public
Beige Dress,Dress,outerwear,,,beige,black|brown,,,all-season,AI-detected Dress processed on 2025-11-08,beige-dress-1762574582.png,public
Beige Dress,Dress,outerwear,,,beige,black|gray,,,all-season,AI-detected Dress processed on 2025-11-08,beige-dress-1762569841.png,public
Beige Dress,Dress,outerwear,,,beige,black|gray,,,all-season,AI-detected Dress processed on 2025-11-08,beige-dress-1762570699.png,public
Beige Dress,Dress,outerwear,,,beige,black|gray,,,all-season,AI-detected Dress processed on 2025-11-08,beige-dress-1762570828.png,public
Beige Dress,Dress,outerwear,,,beige,black|gray,,,all-season,AI-detected Dress processed on 2025-11-08,beige-dress-1762571388.png,public
Beige Dress,Dress,outerwear,,,beige,black|gray,,,all-season,AI-detected Dress processed on 2025-11-08,beige-dress-1762571520.png,public
Beige Dress,Dress,outerwear,,,beige,black|gray,,,all-season,AI-detected Dress processed on 2025-11-08,beige-dress-1762571745.png,public
Beige Dress,Dress,outerwear,,,beige,black|gray,,,all-season,AI-detected Dress processed on 2025-11-08,beige-dress-1762572307.png,public
Beige Dress,Dress,outerwear,,,beige,black|gray,,,all-season,AI-detected Dress processed on 2025-11-08,beige-dress-1762572595.png,public
Beige Dress,Dress,outerwear,,,beige,black|gray,,,all-season,AI-detected Dress processed on 2025-11-08,beige-dress-1762573230.png,public
Beige Dress,Dress,outerwear,,,beige,black|gray,,,all-season,AI-detected Dress processed on 2025-11-08,beige-dress-1762574612.png,public
Beige Dress,Dress,outerwear,,,beige,black|gray,,,all-season,AI-detected Dress processed on 2025-11-08,beige-dress-1762575042.png,public
Beige Dress,Dress,outerwear,,,beige,black|gray,,,all-season,AI-detected Dress processed on 2025-11-08,beige-dress-1762575923.png,public
Beige Dress,Dress,outerwear,,,beige,black|gray,,,all-season,AI-detected Dress processed on 2025-11-08,beige-dress-1762576140.png,public
Beige Dress,Dress,outerwear,,,beige,black|gray,,,all-season,AI-detected Dress processed on 2025-11-08,beige-dress-1762576679.png,public
Beige Dress,Dress,outerwear,,,beige,black|gray,,,all-season,AI-detected Dress processed on 2025-11-08,beige-dress-1762578724.png,public
Beige Dress,Dress,outerwear,,,beige,black|gray,,,all-season,AI-detected Dress processed on 2025-11-08,beige-dress-1762578841.png,public
Beige Dress,Dress,outerwear,,,beige,black|gray,,,all-season,AI-detected Dress processed on 2025-11-08,beige-dress-1762578976.png,public
Beige Dress,Dress,outerwear,,,beige,black|gray,,,all-season,AI-detected Dress processed on 2025-11-08,beige-dress-1762579544.png,public
Beige Dress,Dress,outerwear,,,beige,black|gray,,,all-season,AI-detected Dress processed on 2025-11-08,beige-dress-1762580112.png,public
Beige Dress,Dress,outerwear,,,beige,black|gray,,,all-season,AI-detected Dress processed on 2025-11-08,beige-dress-1762580180.png,public
Beige Dress,Dress,outerwear,,,beige,black|gray,,,all-season,AI-detected Dress processed on 2025-11-08,beige-dress-1762580473.png,public
Beige Dress,Dress,outerwear,,,beige,black|gray,,,all-season,AI-detected Dress processed on 2025-11-08,beige-dress-1762580523.png,public
Beige Dress,Dress,outerwear,,,beige,black|gray,,,all-season,AI-detected Dress processed on 2025-11-08,beige-dress-1762580604.png,public
Beige Dress,Dress,outerwear,,,beige,black|gray,,,all-season,AI-detected Dress processed on 2025-11-08,beige-dress-1762581113.png,public
Beige Dress,Dress,outerwear,,,beige,black|gray,,,all-season,AI-detected Dress processed on 2025-11-08,beige-dress-1762581217.png,public
Beige Dress,Dress,outerwear,,,beige,black|gray,,,all-season,AI-detected Dress processed on 2025-11-08,beige-dress-1762581377.png,public
Beige Dress,Dress,outerwear,,,beige,black|gray,,,all-season,AI-detected Dress processed on 2025-11-08,beige-dress-1762581914.png,public
Beige Dress,Dress,outerwear,,,beige,black|gray,,,all-season,AI-detected Dress processed on 2025-11-08,beige-dress-1762582217.png,public
Beige Dress,Dress,outerwear,,,beige,black|gray,,,all-season,AI-detected Dress processed on 2025-11-08,beige-dress-1762582985.png,public
Beige Dress,Dress,outerwear,,,beige,black|gray,,,all-season,AI-detected Dress processed on 2025-11-08,beige-dress-1762583413.png,public
Beige Dress,Dress,outerwear,,,beige,black|gray,,,all-season,AI-detected Dress processed on 2025-11-08,beige-dress-1762584278.png,public
Beige Dress,Dress,outerwear,,,beige,black|gray,,,all-season,AI-detected Dress processed on 2025-11-08,beige-dress-1762585912.png,public
Beige Dress,Dress,outerwear,,,beige,black|gray,,,all-season,AI-detected Dress processed on 2025-11-08,beige-dress-1762585937.png,public
Beige Dress,Dress,outerwear,,,beige,black|gray,,,all-season,AI-detected Dress processed on 2025-11-08,beige-dress-1762586237.png,public
Beige Dress,Dress,outerwear,,,beige,black|gray,,,all-season,AI-detected Dress processed on 2025-11-08,beige-dress-1762586433.png,public
Beige Dress,Dress,outerwear,,,beige,black|gray,,,all-season,AI-detected Dress processed on 2025-11-08,beige-dress-1762586642.png,public
Beige Dress,Dress,outerwear,,,beige,black|gray,,,all-season,AI-detected Dress processed on 2025-11-08,beige-dress-1762586780.png,public
Beige Dress,Dress,outerwear,,,beige,black|gray,,,all-season,AI-detected Dress processed on 2025-11-08,beige-dress-1762587497.png,public
Beige Dress,Dress,outerwear,,,beige,black|gray,,,all-season,AI-detected Dress processed on 2025-11-08,beige-dress-1762587727.png,public
Beige Dress,Dress,outerwear,,,beige,black|gray,,,all-season,AI-detected Dress processed on 2025-11-08,beige-dress-1762588135.png,public
Beige Dress,Dress,outerwear,,,beige,black|gray,,,all-season,AI-detected Dress processed on 2025-11-08,beige-dress-1762589071.png,public
Beige Dress,Dress,outerwear,,,beige,black|gray,,,all-season,AI-detected Dress processed on 2025-11-08,beige-dress-1762589099.png,public
Beige Dress,Dress,outerwear,,,beige,black|gray,,,all-season,AI-detected Dress processed on 2025-11-08,beige-dress-1762589293.png,public
Beige Dress,Dress,outerwear,,,beige,black|gray,,,all-season,AI-detected Dress processed on 2025-11-08,beige-dress-1762589639.png,public
Beige Dress,Dress,outerwear,,,beige,black|gray,,,all-season,AI-detected Dress processed on 2025-11-08,beige-dress-1762589990.png,public
Beige Dress,Dress,outerwear,,,beige,black|gray,,,all-season,AI-detected Dress processed on 2025-11-08,beige-dress-1762590084.png,public
Beige Dress,Dress,outerwear,,,beige,black|gray,,,all-season,AI-detected Dress processed on 2025-11-08,beige-dress-1762590176.png,public
Beige Dress,Dress,outerwear,,,beige,black|gray,,,all-season,AI-detected Dress processed on 2025-11-08,beige-dress-1762590453.png,public
Beige Dress,Dress,outerwear,,,beige,black|gray,,,all-season,AI-detected Dress processed on 2025-11-08,beige-dress-1762591340.png,public
Beige Dress,Dress,outerwear,,,beige,black|gray,,,all-season,AI-detected Dress processed on 2025-11-08,beige-dress-1762593229.png,public
Beige Dress,Dress,outerwear,,,beige,black|gray,,,all-season,AI-detected Dress processed on 2025-11-08,beige-dress-1762593512.png,public
Beige Dress,Dress,outerwear,,,beige,black|gray,,,all-season,AI-detected Dress processed on 2025-11-08,beige-dress-1762593971.png,public
Beige Dress,Dress,outerwear,,,beige,black|gray,,,all-season,AI-detected Dress processed on 2025-11-08,beige-dress-1762595029.png,public
Beige Dress,Dress,outerwear,,,beige,black|gray,,,all-season,AI-detected Dress processed on 2025-11-08,beige-dress-1762595143.png,public
Beige Dress,Dress,outerwear,,,beige,black|gray,,,all-season,AI-detected Dress processed on 2025-11-08,beige-dress-1762595205.png,public
Beige Dress,Dress,outerwear,,,beige,black|gray,,,all-season,AI-detected Dress processed on 2025-11-08,beige-dress-1762596933.png,public
Beige Dress,Dress,outerwear,,,beige,black|gray,,,all-season,AI-detected Dress processed on 2025-11-08,beige-dress-1762597723.png,public
Beige Dress,Dress,outerwear,,,beige,black|gray,,,all-season,AI-detected Dress processed on 2025-11-08,beige-dress-1762597919.png,public
Beige Dress,Dress,outerwear,,,beige,black|gray,,,all-season,AI-detected Dress processed on 2025-11-08,beige-dress-1762598150.png,public
Beige Dress,Dress,outerwear,,,beige,black|gray,,,all-season,AI-detected Dress processed on 2025-11-08,beige-dress-1762598740.png,public
Beige Dress,Dress,outerwear,,,beige,black|gray,,,all-season,AI-detected Dress processed on 2025-11-08,beige-dress-1762599164.png,public
Beige Dress,Dress,outerwear,,,beige,black|gray,,,all-season,AI-detected Dress processed on 2025-11-08,beige-dress-1762599259.png,public
Beige Dress,Dress,outerwear,,,beige,black|gray,,,all-season,AI-detected Dress processed on 2025-11-08,beige-dress-1762599642.png,public
Beige Dress,Dress,outerwear,,,beige,black|gray,,,all-season,AI-detected Dress processed on 2025-11-08,beige-dress-1762599784.png,public
Beige Dress,Dress,outerwear,,,beige,black|gray,,,all-season,AI-detected Dress processed on 2025-11-08,beige-dress-1762599871.png,public
Beige Dress,Dress,outerwear,,,beige,black|gray,,,all-season,AI-detected Dress processed on 2025-11-08,beige-dress-1762599882.png,public
Beige Dress,Dress,outerwear,,,beige,black|gray,,,all-season,AI-detected Dress processed on 2025-11-08,beige-dress-1762600316.png,public
Beige Dress,Dress,outerwear,,,beige,black|gray,,,all-season,AI-detected Dress processed on 2025-11-08,beige-dress-1762601155.png,public
Beige Dress,Dress,outerwear,,,beige,black|gray,,,all-season,AI-detected Dress processed on 2025-11-08,beige-dress-1762601705.png,public
Beige Dress,Dress,outerwear,,,beige,black|gray,,,all-season,AI-detected Dress processed on 2025-11-08,beige-dress-1762601988.png,public
Beige Dress,Dress,outerwear,,,beige,black|gray,,,all-season,AI-detected Dress processed on 2025-11-08,beige-dress-1762602284.png,public
Beige Dress,Dress,outerwear,,,beige,black|gray,,,all-season,AI-detected Dress processed on 2025-11-08,beige-dress-1762602545.png,public
Beige Dress,Dress,outerwear,,,beige,black|gray,,,all-season,AI-detected Dress processed on 2025-11-08,beige-dress-1762603191.png,public
Beige Dress,Dress,outerwear,,,beige,black|gray,,,all-season,AI-detected Dress processed on 2025-11-08,beige-dress-1762603677.png,public
Beige Dress,Dress,outerwear,,,beige,black|gray,,,all-season,AI-detected Dress processed on 2025-11-08,beige-dress-1762606326.png,public
Beige Dress,Dress,outerwear,,,beige,black|gray,,,all-season,AI-detected Dress processed on 2025-11-08,beige-dress-1762606727.png,public
Beige Dress,Dress,outerwear,,,beige,black|gray,,,all-season,AI-detected Dress processed on 2025-11-08,beige-dress-1762607617.png,public
Beige Dress,Dress,outerwear,,,beige,black|pink,,,all-season,AI-detected Dress processed on 2025-11-08,beige-dress-1762570058.png,public
Beige Dress,Dress,outerwear,,,beige,black|pink,,,all-season,AI-detected Dress processed on 2025-11-08,beige-dress-1762570985.png,public
Beige Dress,Dress,outerwear,,,beige,black|pink,,,all-season,AI-detected Dress processed on 2025-11-08,beige-dress-1762571022.png,public
Beige Dress,Dress,outerwear,,,beige,black|pink,,,all-season,AI-detected Dress processed on 2025-11-08,beige-dress-1762571323.png,public
Beige Dress,Dress,outerwear,,,beige,black|pink,,,all-season,AI-detected Dress processed on 2025-11-08,beige-dress-1762572387.png,public
Beige Dress,Dress,outerwear,,,beige,black|pink,,,all-season,AI-detected Dress processed on 2025-11-08,beige-dress-1762572539.png,public
Beige Dress,Dress,outerwear,,,beige,black|pink,,,all-season,AI-detected Dress processed on 2025-11-08,beige-dress-1762572623.png,public
Beige Dress,Dress,outerwear,,,beige,black|pink,,,all-season,AI-detected Dress processed on 2025-11-08,beige-dress-1762573828.png,public
Beige Dress,Dress,outerwear,,,beige,black|pink,,,all-season,AI-detected Dress processed on 2025-11-08,beige-dress-1762573966.png,public
Beige Dress,Dress,outerwear,,,beige,black|pink,,,all-season,AI-detected Dress processed on 2025-11-08,beige-dress-1762577568.png,public
Beige Dress,Dress,outerwear,,,beige,black|pink,,,all-season,AI-detected Dress processed on 2025-11-08,beige-dress-1762577655.png,public
Beige Dress,Dress,outerwear,,,beige,black|pink,,,all-season,AI-detected Dress processed on 2025-11-08,beige-dress-1762577974.png,public
Beige Dress,Dress,outerwear,,,beige,black|pink,,,all-season,AI-detected Dress processed on 2025-11-08,beige-dress-1762578679.png,public
Beige Dress,Dress,outerwear,,,beige,black|pink,,,all-season,AI-detected Dress processed on 2025-11-08,beige-dress-1762579785.png,public
Beige Dress,Dress,outerwear,,,beige,black|pink,,,all-season,AI-detected Dress processed on 2025-11-08,beige-dress-1762580679.png,public
Beige Dress,Dress,outerwear,,,beige,black|pink,,,all-season,AI-detected Dress processed on 2025-11-08,beige-dress-1762580951.png,public
Beige Dress,Dress,outerwear,,,beige,black|pink,,,all-season,AI-detected Dress processed on 2025-11-08,beige-dress-1762582053.png,public
Beige Dress,Dress,outerwear,,,beige,black|pink,,,all-season,AI-detected Dress processed on 2025-11-08,beige-dress-1762582091.png,public
Beige Dress,Dress,outerwear,,,beige,black|pink,,,all-season,AI-detected Dress processed on 2025-11-08,beige-dress-1762582547.png,public
Beige Dress,Dress,outerwear,,,beige,black|pink,,,all-season,AI-detected Dress processed on 2025-11-08,beige-dress-1762583232.png,public
Beige Dress,Dress,outerwear,,,beige,black|pink,,,all-season,AI-detected Dress processed on 2025-11-08,beige-dress-1762583649.png,public
Beige Dress,Dress,outerwear,,,beige,black|pink,,,all-season,AI-detected Dress processed on 2025-11-08,beige-dress-1762584984.png,public
Beige Dress,Dress,outerwear,,,beige,black|pink,,,all-season,AI-detected Dress processed on 2025-11-08,beige-dress-1762585619.png,public
Beige Dress,Dress,outerwear,,,beige,black|pink,,,all-season,AI-detected Dress processed on 2025-11-08,beige-dress-1762585848.png,public
Beige Dress,Dress,outerwear,,,beige,black|pink,,,all-season,AI-detected Dress processed on 2025-11-08,beige-dress-1762593681.png,public
Beige Dress,Dress,outerwear,,,beige,black|pink,,,all-season,AI-detected Dress processed on 2025-11-08,beige-dress-1762594260.png,public
Beige Dress,Dress,outerwear,,,beige,black|pink,,,all-season,AI-detected Dress processed on 2025-11-08,beige-dress-1762595806.png,public
Beige Dress,Dress,outerwear,,,beige,black|pink,,,all-season,AI-detected Dress processed on 2025-11-08,beige-dress-1762596670.png,public
Beige Dress,Dress,outerwear,,,beige,black|pink,,,all-season,AI-detected Dress processed on 2025-11-08,beige-dress-1762596681.png,public
Beige Dress,Dress,outerwear,,,beige,black|pink,,,all-season,AI-detected Dress processed on 2025-11-08,beige-dress-1762598970.png,public
Beige Dress,Dress,outerwear,,,beige,black|pink,,,all-season,AI-detected Dress processed on 2025-11-08,beige-dress-1762599618.png,public
Beige Dress,Dress,outerwear,,,beige,black|pink,,,all-season,AI-detected Dress processed on 2025-11-08,beige-dress-1762600727.png,public
Beige Dress,Dress,outerwear,,,beige,black|pink,,,all-season,AI-detected Dress processed on 2025-11-08,beige-dress-1762601259.png,public
Beige Dress,Dress,outerwear,,,beige,black|pink,,,all-season,AI-detected Dress processed on 2025-11-08,beige-dress-1762602352.png,public
Beige Dress,Dress,outerwear,,,beige,black|pink,,,all-season,AI-detected Dress processed on 2025-11-08,beige-dress-1762602944.png,public
Beige Dress,Dress,outerwear,,,beige,black|pink,,,all-season,AI-detected Dress processed on 2025-11-08,beige-dress-1762603427.png,public
Beige Dress,Dress,outerwear,,,beige,black|pink,,,all-season,AI-detected Dress processed on 2025-11-08,beige-dress-1762604703.png,public
Beige Dress,Dress,outerwear,,,beige,black|pink,,,all-season,AI-detected Dress processed on 2025-11-08,beige-dress-1762606156.png,public
Beige Dress,Dress,outerwear,,,beige,black|pink,,,all-season,AI-detected Dress processed on 2025-11-08,beige-dress-1762606244.png,public
Beige Dress,Dress,outerwear,,,beige,black|pink,,,all-season,AI-detected Dress processed on 2025-11-08,beige-dress-1762606534.png,public
Beige Dress,Dress,outerwear,,,beige,brown|black,,,all-season,AI-detected Dress processed on 2025-11-08,beige-dress-1762584329.png,public
Beige Dress,Dress,outerwear,,,beige,brown|black,,,all-season,AI-detected Dress processed on 2025-11-08,beige-dress-1762596787.png,public
Beige Dress,Dress,outerwear,,,beige,brown|pink,,,all-season,AI-detected Dress processed on 2025-11-08,beige-dress-1762574012.png,public
Beige Dress,Dress,outerwear,,,beige,gray|black,,,all-season,AI-detected Dress processed on 2025-11-08,beige-dress-1762569484.png,public
Beige Dress,Dress,outerwear,,,beige,gray|black,,,all-season,AI-detected Dress processed on 2025-11-08,beige-dress-1762570100.png,public
Beige Dress,Dress,outerwear,,,beige,gray|black,,,all-season,AI-detected Dress processed on 2025-11-08,beige-dress-1762572961.png,public
Beige Dress,Dress,outerwear,,,beige,gray|black,,,all-season,AI-detected Dress processed on 2025-11-08,beige-dress-1762580448.png,public
Beige Dress,Dress,outerwear,,,beige,gray|black,,,all-season,AI-detected Dress processed on 2025-11-08,beige-dress-1762586795.png,public
Beige Dress,Dress,outerwear,,,beige,gray|black,,,all-season,AI-detected Dress processed on 2025-11-08,beige-dress-1762589063.png,public
Beige Dress,Dress,outerwear,,,beige,gray|black,,,all-season,AI-detected Dress processed on 2025-11-08,beige-dress-1762589731.png,public
Beige Dress,Dress,outerwear,,,beige,gray|black,,,all-season,AI-detected Dress processed on 2025-11-08,beige-dress-1762595543.png,public
Beige Dress,Dress,outerwear,,,beige,pink|black,,,all-season,AI-detected Dress processed on 2025-11-08,beige-dress-1762570125.png,public
Beige Dress,Dress,outerwear,,,beige,pink|black,,,all-season,AI-detected Dress processed on 2025-11-08,beige-dress-1762571812.png,public
Beige Dress,Dress,outerwear,,,beige,pink|black,,,all-season,AI-detected Dress processed on 2025-11-08,beige-dress-1762571980.png,public
Beige Dress,Dress,outerwear,,,beige,pink|black,,,all-season,AI-detected Dress processed on 2025-11-08,beige-dress-1762572197.png,public
Beige Dress,Dress,outerwear,,,beige,pink|black,,,all-season,AI-detected Dress processed on 2025-11-08,beige-dress-1762573020.png,public
Beige Dress,Dress,outerwear,,,beige,pink|black,,,all-season,AI-detected Dress processed on 2025-11-08,beige-dress-1762576476.png,public
Beige Dress,Dress,outerwear,,,beige,pink|black,,,all-season,AI-detected Dress processed on 2025-11-08,beige-dress-1762580601.png,public
Beige Dress,Dress,outerwear,,,beige,pink|black,,,all-season,AI-detected Dress processed on 2025-11-08,beige-dress-1762581805.png,public
Beige Dress,Dress,outerwear,,,beige,pink|black,,,all-season,AI-detected Dress processed on 2025-11-08,beige-dress-1762582697.png,public
Beige Dress,Dress,outerwear,,,beige,pink|black,,,all-season,AI-detected Dress processed on 2025-11-08,beige-dress-1762583777.png,public
Beige Dress,Dress,outerwear,,,beige,pink|black,,,all-season,AI-detected Dress processed on 2025-11-08,beige-dress-1762586976.png,public
Beige Dress,Dress,outerwear,,,beige,pink|black,,,all-season,AI-detected Dress processed on 2025-11-08,beige-dress-1762588089.png,public
Beige Dress,Dress,outerwear,,,beige,pink|black,,,all-season,AI-detected Dress processed on 2025-11-08,beige-dress-1762588862.png,public
Beige Dress,Dress,outerwear,,,beige,pink|black,,,all-season,AI-detected Dress processed on 2025-11-08,beige-dress-1762588882.png,public
Beige Dress,Dress,outerwear,,,beige,pink|black,,,all-season,AI-detected Dress processed on 2025-11-08,beige-dress-1762590425.png,public
Beige Dress,Dress,outerwear,,,beige,pink|black,,,all-season,AI-detected Dress processed on 2025-11-08,beige-dress-1762592574.png,public
Beige Dress,Dress,outerwear,,,beige,pink|black,,,all-season,AI-detected Dress processed on 2025-11-08,beige-dress-1762595484.png,public
Beige Dress,Dress,outerwear,,,beige,pink|black,,,all-season,AI-detected Dress processed on 2025-11-08,beige-dress-1762596576.png,public
Beige Dress,Dress,outerwear,,,beige,pink|black,,,all-season,AI-detected Dress processed on 2025-11-08,beige-dress-1762597059.png,public
Beige Dress,Dress,outerwear,,,beige,pink|black,,,all-season,AI-detected Dress processed on 2025-11-08,beige-dress-1762602300.png,public
Beige Dress,Dress,outerwear,,,beige,pink|black,,,all-season,AI-detected Dress processed on 2025-11-08,beige-dress-1762603338.png,public
Beige Dress,Dress,outerwear,,,beige,pink|black,,,all-season,AI-detected Dress processed on 2025-11-08,beige-dress-1762603395.png,public
Beige Dress,Dress,outerwear,,,beige,pink|black,,,all-season,AI-detected Dress processed on 2025-11-08,beige-dress-1762603765.png,public
Beige Dress,Dress,outerwear,,,beige,pink|black,,,all-season,AI-detected Dress processed on 2025-11-08,beige-dress-1762604538.png,public
Beige Hat,Hat,accessory,,,beige,black,,,all-season,AI-detected Hat processed on 2025-11-08,beige-hat-1762574988.png,public
Beige Hat,Hat,accessory,,,beige,black,,,all-season,AI-detected Hat processed on 2025-11-08,beige-hat-1762580041.png,public
Beige Hat,Hat,accessory,,,beige,black,,,all-season,AI-detected Hat processed on 2025-11-08,beige-hat-1762581080.png,public
Beige Hat,Hat,accessory,,,beige,black,,,all-season,AI-detected Hat processed on 2025-11-08,beige-hat-1762583162.png,public
Beige Hat,Hat,accessory,,,beige,black,,,all-season,AI-detected Hat processed on 2025-11-08,beige-hat-1762585284.png,public
Beige Hat,Hat,accessory,,,beige,black,,,all-season,AI-detected Hat processed on 2025-11-08,beige-hat-1762589839.png,public
Beige Hat,Hat,accessory,,,beige,black,,,all-season,AI-detected Hat processed on 2025-11-08,beige-hat-1762590486.png,public
Beige Hat,Hat,accessory,,,beige,black,,,all-season,AI-detected Hat processed on 2025-11-08,beige-hat-1762592130.png,public
Beige Hat,Hat,accessory,,,beige,black,,,all-season,AI-detected Hat processed on 2025-11-08,beige-hat-1762593221.png,public
Beige Hat,Hat,accessory,,,beige,black,,,all-season,AI-detected Hat processed on 2025-11-08,beige-hat-1762595949.png,public
Beige Hat,Hat,accessory,,,beige,black,,,all-season,AI-detected Hat processed on 2025-11-08,beige-hat-1762596342.png,public
Beige Hat,Hat,accessory,,,beige,black,,,all-season,AI-detected Hat processed on 2025-11-08,beige-hat-1762598716.png,public
Beige Hat,Hat,accessory,,,beige,black|brown,,,all-season,AI-detected Hat processed on 2025-11-08,beige-hat-1762584535.png,public
Beige Hat,Hat,accessory,,,beige,black|brown,,,all-season,AI-detected Hat processed on 2025-11-08,beige-hat-1762597624.png,public
Beige Hat,Hat,accessory,,,beige,black|gray,,,all-season,AI-detected Hat processed on 2025-11-08,beige-hat-1762570387.png,public
Beige Hat,Hat,accessory,,,beige,black|gray,,,all-season,AI-detected Hat processed on 2025-11-08,beige-hat-1762572605.png,public
Beige Hat,Hat,accessory,,,beige,black|gray,,,all-season,AI-detected Hat processed on 2025-11-08,beige-hat-1762573026.png,public
Beige Hat,Hat,accessory,,,beige,black|gray,,,all-season,AI-detected Hat processed on 2025-11-08,beige-hat-1762574178.png,public
Beige Hat,Hat,accessory,,,beige,black|gray,,,all-season,AI-detected Hat processed on 2025-11-08,beige-hat-1762574498.png,public
Beige Hat,Hat,accessory,,,beige,black|gray,,,all-season,AI-detected Hat processed on 2025-11-08,beige-hat-1762574751.png,public
Beige Hat,Hat,accessory,,,beige,black|gray,,,all-season,AI-detected Hat processed on 2025-11-08,beige-hat-1762575415.png,public
Beige Hat,Hat,accessory,,,beige,black|gray,,,all-season,AI-detected Hat processed on 2025-11-08,beige-hat-1762576337.png,public
Beige Hat,Hat,accessory,,,beige,black|gray,,,all-season,AI-detected Hat processed on 2025-11-08,beige-hat-1762578422.png,public
Beige Hat,Hat,accessory,,,beige,black|gray,,,all-season,AI-detected Hat processed on 2025-11-08,beige-hat-1762578440.png,public
Beige Hat,Hat,accessory,,,beige,black|gray,,,all-season,AI-detected Hat processed on 2025-11-08,beige-hat-1762578885.png,public
Beige Hat,Hat,accessory,,,beige,black|gray,,,all-season,AI-detected Hat processed on 2025-11-08,beige-hat-1762580906.png,public
Beige Hat,Hat,accessory,,,beige,black|gray,,,all-season,AI-detected Hat processed on 2025-11-08,beige-hat-1762581606.png,public
Beige Hat,Hat,accessory,,,beige,black|gray,,,all-season,AI-detected Hat processed on 2025-11-08,beige-hat-1762582232.png,public
Beige Hat,Hat,accessory,,,beige,black|gray,,,all-season,AI-detected Hat processed on 2025-11-08,beige-hat-1762582368.png,public
Beige Hat,Hat,accessory,,,beige,black|gray,,,all-season,AI-detected Hat processed on 2025-11-08,beige-hat-1762583261.png,public
Beige Hat,Hat,accessory,,,beige,black|gray,,,all-season,AI-detected Hat processed on 2025-11-08,beige-hat-1762583350.png,public
Beige Hat,Hat,accessory,,,beige,black|gray,,,all-season,AI-detected Hat processed on 2025-11-08,beige-hat-1762583733.png,public
Beige Hat,Hat,accessory,,,beige,black|gray,,,all-season,AI-detected Hat processed on 2025-11-08,beige-hat-1762584116.png,public
Beige Hat,Hat,accessory,,,beige,black|gray,,,all-season,AI-detected Hat processed on 2025-11-08,beige-hat-1762585462.png,public
Beige Hat,Hat,accessory,,,beige,black|gray,,,all-season,AI-detected Hat processed on 2025-11-08,beige-hat-1762587802.png,public
Beige Hat,Hat,accessory,,,beige,black|gray,,,all-season,AI-detected Hat processed on 2025-11-08,beige-hat-1762587866.png,public
Beige Hat,Hat,accessory,,,beige,black|gray,,,all-season,AI-detected Hat processed on 2025-11-08,beige-hat-1762588291.png,public
Beige Hat,Hat,accessory,,,beige,black|gray,,,all-season,AI-detected Hat processed on 2025-11-08,beige-hat-1762588402.png,public
Beige Hat,Hat,accessory,,,beige,black|gray,,,all-season,AI-detected Hat processed on 2025-11-08,beige-hat-1762588436.png,public
Beige Hat,Hat,accessory,,,beige,black|gray,,,all-season,AI-detected Hat processed on 2025-11-08,beige-hat-1762589768.png,public
Beige Hat,Hat,accessory,,,beige,black|gray,,,all-season,AI-detected Hat processed on 2025-11-08,beige-hat-1762589911.png,public
Beige Hat,Hat,accessory,,,beige,black|gray,,,all-season,AI-detected Hat processed on 2025-11-08,beige-hat-1762590165.png,public
Beige Hat,Hat,accessory,,,beige,black|gray,,,all-season,AI-detected Hat processed on 2025-11-08,beige-hat-1762590722.png,public
Beige Hat,Hat,accessory,,,beige,black|gray,,,all-season,AI-detected Hat processed on 2025-11-08,beige-hat-1762591015.png,public
Beige Hat,Hat,accessory,,,beige,black|gray,,,all-season,AI-detected Hat processed on 2025-11-08,beige-hat-1762591878.png,public
Beige Hat,Hat,accessory,,,beige,black|gray,,,all-season,AI-detected Hat processed on 2025-11-08,beige-hat-1762592596.png,public
Beige Hat,Hat,accessory,,,beige,black|gray,,,all-season,AI-detected Hat processed on 2025-11-08,beige-hat-1762592850.png,public
Beige Hat,Hat,accessory,,,beige,black|gray,,,all-season,AI-detected Hat processed on 2025-11-08,beige-hat-1762592949.png,public
Beige Hat,Hat,accessory,,,beige,black|gray,,,all-season,AI-detected Hat processed on 2025-11-08,beige-hat-1762593087.png,public
Beige Hat,Hat,accessory,,,beige,black|gray,,,all-season,AI-detected Hat processed on 2025-11-08,beige-hat-1762593217.png,public
Beige Hat,Hat,accessory,,,beige,black|gray,,,all-season,AI-detected Hat processed on 2025-11-08,beige-hat-1762593273.png,public
Beige Hat,Hat,accessory,,,beige,black|gray,,,all-season,AI-detected Hat processed on 2025-11-08,beige-hat-1762593831.png,public
Beige Hat,Hat,accessory,,,beige,black|gray,,,all-season,AI-detected Hat processed on 2025-11-08,beige-hat-1762594000.png,public
Beige Hat,Hat,accessory,,,beige,black|gray,,,all-season,AI-detected Hat processed on 2025-11-08,beige-hat-1762594603.png,public
Beige Hat,Hat,accessory,,,beige,black|gray,,,all-season,AI-detected Hat processed on 2025-11-08,beige-hat-1762595004.png,public
Beige Hat,Hat,accessory,,,beige,black|gray,,,all-season,AI-detected Hat processed on 2025-11-08,beige-hat-1762596426.png,public
Beige Hat,Hat,accessory,,,beige,black|gray,,,all-season,AI-detected Hat processed on 2025-11-08,beige-hat-1762597517.png,public
Beige Hat,Hat,accessory,,,beige,black|gray,,,all-season,AI-detected Hat processed on 2025-11-08,beige-hat-1762597595.png,public
Beige Hat,Hat,accessory,,,beige,black|gray,,,all-season,AI-detected Hat processed on 2025-11-08,beige-hat-1762599053.png,public
Beige Hat,Hat,accessory,,,beige,black|gray,,,all-season,AI-detected Hat processed on 2025-11-08,beige-hat-1762600053.png,public
Beige Hat,Hat,accessory,,,beige,black|gray,,,all-season,AI-detected Hat processed on 2025-11-08,beige-hat-1762600079.png,public
Beige Hat,Hat,accessory,,,beige,black|gray,,,all-season,AI-detected Hat processed on 2025-11-08,beige-hat-1762600183.png,public
Beige Hat,Hat,accessory,,,beige,black|gray,,,all-season,AI-detected Hat processed on 2025-11-08,beige-hat-1762601133.png,public
Beige Hat,Hat,accessory,,,beige,black|gray,,,all-season,AI-detected Hat processed on 2025-11-08,beige-hat-1762601744.png,public
Beige Hat,Hat,accessory,,,beige,black|gray,,,all-season,AI-detected Hat processed on 2025-11-08,beige-hat-1762602147.png,public
Beige Hat,Hat,accessory,,,beige,black|gray,,,all-season,AI-detected Hat processed on 2025-11-08,beige-hat-1762602581.png,public
Beige Hat,Hat,accessory,,,beige,black|gray,,,all-season,AI-detected Hat processed on 2025-11-08,beige-hat-1762603071.png,public
Beige Hat,Hat,accessory,,,beige,black|gray,,,all-season,AI-detected Hat processed on 2025-11-08,beige-hat-1762603157.png,public
Beige Hat,Hat,accessory,,,beige,black|gray,,,all-season,AI-detected Hat processed on 2025-11-08,beige-hat-1762604591.png,public
Beige Hat,Hat,accessory,,,beige,black|gray,,,all-season,AI-detected Hat processed on 2025-11-08,beige-hat-1762604890.png,public
Beige Hat,Hat,accessory,,,beige,black|gray,,,all-season,AI-detected Hat processed on 2025-11-08,beige-hat-1762605229.png,public
Beige Hat,Hat,accessory,,,beige,black|gray,,,all-season,AI-detected Hat processed on 2025-11-08,beige-hat-1762606714.png,public
Beige Hat,Hat,accessory,,,beige,black|gray,,,all-season,AI-detected Hat processed on 2025-11-08,beige-hat-1762606945.png,public
Beige Hat,Hat,accessory,,,beige,black|gray,,,all-season,AI-detected Hat processed on 2025-11-08,beige-hat-1762607141.png,public
Beige Hat,Hat,accessory,,,beige,black|pink,,,all-season,AI-detected Hat processed on 2025-11-08,beige-hat-1762568848.png,public
Beige Hat,Hat,accessory,,,beige,black|pink,,,all-season,AI-detected Hat processed on 2025-11-08,beige-hat-1762573737.png,public
Beige Hat,Hat,accessory,,,beige,black|pink,,,all-season,AI-detected Hat processed on 2025-11-08,beige-hat-1762576197.png,public
Beige Hat,Hat,accessory,,,beige,black|pink,,,all-season,AI-detected Hat processed on 2025-11-08,beige-hat-1762578491.png,public
Beige Hat,Hat,accessory,,,beige,black|pink,,,all-season,AI-detected Hat processed on 2025-11-08,beige-hat-1762578595.png,public
Beige Hat,Hat,accessory,,,beige,black|pink,,,all-season,AI-detected Hat processed on 2025-11-08,beige-hat-1762578802.png,public
Beige Hat,Hat,accessory,,,beige,black|pink,,,all-season,AI-detected Hat processed on 2025-11-08,beige-hat-1762580001.png,public
Beige Hat,Hat,accessory,,,beige,black|pink,,,all-season,AI-detected Hat processed on 2025-11-08,beige-hat-1762582462.png,public
Beige Hat,Hat,accessory,,,beige,black|pink,,,all-season,AI-detected Hat processed on 2025-11-08,beige-hat-1762584452.png,public
Beige Hat,Hat,accessory,,,beige,black|pink,,,all-season,AI-detected Hat processed on 2025-11-08,beige-hat-1762585301.png,public
Beige Hat,Hat,accessory,,,beige,black|pink,,,all-season,AI-detected Hat processed on 2025-11-08,beige-hat-1762586053.png,public
Beige Hat,Hat,accessory,,,beige,black|pink,,,all-season,AI-detected Hat processed on 2025-11-08,beige-hat-1762587913.png,public
Beige Hat,Hat,accessory,,,beige,black|pink,,,all-season,AI-detected Hat processed on 2025-11-08,beige-hat-1762588164.png,public
Beige Hat,Hat,accessory,,,beige,black|pink,,,all-season,AI-detected Hat processed on 2025-11-08,beige-hat-1762589019.png,public
Beige Hat,Hat,accessory,,,beige,black|pink,,,all-season,AI-detected Hat processed on 2025-11-08,beige-hat-1762589262.png,public
Beige Hat,Hat,accessory,,,beige,black|pink,,,all-season,AI-detected Hat processed on 2025-11-08,beige-hat-1762590564.png,public
Beige Hat,Hat,accessory,,,beige,black|pink,,,all-season,AI-detected Hat processed on 2025-11-08,beige-hat-1762591821.png,public
Beige Hat,Hat,accessory,,,beige,black|pink,,,all-season,AI-detected Hat processed on 2025-11-08,beige-hat-1762591980.png,public
Beige Hat,Hat,accessory,,,beige,black|pink,,,all-season,AI-detected Hat processed on 2025-11-08,beige-hat-1762592291.png,public
Beige Hat,Hat,accessory,,,beige,black|pink,,,all-season,AI-detected Hat processed on 2025-11-08,beige-hat-1762593042.png,public
Beige Hat,Hat,accessory,,,beige,black|pink,,,all-season,AI-detected Hat processed on 2025-11-08,beige-hat-1762593116.png,public
Beige Hat,Hat,accessory,,,beige,black|pink,,,all-season,AI-detected Hat processed on 2025-11-08,beige-hat-1762593892.png,public
Beige Hat,Hat,accessory,,,beige,black|pink,,,all-season,AI-detected Hat processed on 2025-11-08,beige-hat-1762594565.png,public
Beige Hat,Hat,accessory,,,beige,black|pink,,,all-season,AI-detected Hat processed on 2025-11-08,beige-hat-1762594707.png,public
Beige Hat,Hat,accessory,,,beige,black|pink,,,all-season,AI-detected Hat processed on 2025-11-08,beige-hat-1762594886.png,public
Beige Hat,Hat,accessory,,,beige,black|pink,,,all-season,AI-detected Hat processed on 2025-11-08,beige-hat-1762596568.png,public
Beige Hat,Hat,accessory,,,beige,black|pink,,,all-season,AI-detected Hat processed on 2025-11-08,beige-hat-1762596824.png,public
Beige Hat,Hat,accessory,,,beige,black|pink,,,all-season,AI-detected Hat processed on 2025-11-08,beige-hat-1762597139.png,public
Beige Hat,Hat,accessory,,,beige,black|pink,,,all-season,AI-detected Hat processed on 2025-11-08,beige-hat-1762598459.png,public
Beige Hat,Hat,accessory,,,beige,black|pink,,,all-season,AI-detected Hat processed on 2025-11-08,beige-hat-1762600710.png,public
Beige Hat,Hat,accessory,,,beige,black|pink,,,all-season,AI-detected Hat processed on 2025-11-08,beige-hat-1762603084.png,public
Beige Hat,Hat,accessory,,,beige,black|pink,,,all-season,AI-detected Hat processed on 2025-11-08,beige-hat-1762604692.png,public
Beige Hat,Hat,accessory,,,beige,black|pink,,,all-season,AI-detected Hat processed on 2025-11-08,beige-hat-1762607522.png,public
Beige Hat,Hat,accessory,,,beige,brown|pink,,,all-season,AI-detected Hat processed on 2025-11-08,beige-hat-1762571710.png,public
Beige Hat,Hat,accessory,,,beige,gray|black,,,all-season,AI-detected Hat processed on 2025-11-08,beige-hat-1762575159.png,public
Beige Hat,Hat,accessory,,,beige,gray|black,,,all-season,AI-detected Hat processed on 2025-11-08,beige-hat-1762582339.png,public
Beige Hat,Hat,accessory,,,beige,gray|black,,,all-season,AI-detected Hat processed on 2025-11-08,beige-hat-1762583215.png,public
Beige Hat,Hat,accessory,,,beige,gray|black,,,all-season,AI-detected Hat processed on 2025-11-08,beige-hat-1762583417.png,public
Beige Hat,Hat,accessory,,,beige,gray|black,,,all-season,AI-detected Hat processed on 2025-11-08,beige-hat-1762587816.png,public
Beige Hat,Hat,accessory,,,beige,gray|black,,,all-season,AI-detected Hat processed on 2025-11-08,beige-hat-1762592588.png,public
Beige Hat,Hat,accessory,,,beige,gray|black,,,all-season,AI-detected Hat processed on 2025-11-08,beige-hat-1762592656.png,public
Beige Hat,Hat,accessory,,,beige,gray|black,,,all-season,AI-detected Hat processed on 2025-11-08,beige-hat-1762593154.png,public
Beige Hat,Hat,accessory,,,beige,gray|black,,,all-season,AI-detected Hat processed on 2025-11-08,beige-hat-1762595608.png,public
Beige Hat,Hat,accessory,,,beige,gray|black,,,all-season,AI-detected Hat processed on 2025-11-08,beige-hat-1762596632.png,public
Beige Hat,Hat,accessory,,,beige,gray|black,,,all-season,AI-detected Hat processed on 2025-11-08,beige-hat-1762597442.png,public
Beige Hat,Hat,accessory,,,beige,gray|black,,,all-season,AI-detected Hat processed on 2025-11-08,beige-hat-1762599285.png,public
Beige Hat,Hat,accessory,,,beige,gray|black,,,all-season,AI-detected Hat processed on 2025-11-08,beige-hat-1762599349.png,public
Beige Hat,Hat,accessory,,,beige,gray|black,,,all-season,AI-detected Hat processed on 2025-11-08,beige-hat-1762605283.png,public
Beige Hat,Hat,accessory,,,beige,gray|pink,,,all-season,AI-detected Hat processed on 2025-11-08,beige-hat-1762579328.png,public
Beige Hat,Hat,accessory,,,beige,pink|black,,,all-season,AI-detected Hat processed on 2025-11-08,beige-hat-1762569592.png,public
Beige Hat,Hat,accessory,,,beige,pink|black,,,all-season,AI-detected Hat processed on 2025-11-08,beige-hat-1762573378.png,public
Beige Hat,Hat,accessory,,,beige,pink|black,,,all-season,AI-detected Hat processed on 2025-11-08,beige-hat-1762578671.png,public
Beige Hat,Hat,accessory,,,beige,pink|black,,,all-season,AI-detected Hat processed on 2025-11-08,beige-hat-1762583698.png,public
Beige Hat,Hat,accessory,,,beige,pink|black,,,all-season,AI-detected Hat processed on 2025-11-08,beige-hat-1762589648.png,public
Beige Hat,Hat,accessory,,,beige,pink|black,,,all-season,AI-detected Hat processed on 2025-11-08,beige-hat-1762590623.png,public
Beige Hat,Hat,accessory,,,beige,pink|black,,,all-season,AI-detected Hat processed on 2025-11-08,beige-hat-1762595129.png,public
Beige Hat,Hat,accessory,,,beige,pink|black,,,all-season,AI-detected Hat processed on 2025-11-08,beige-hat-1762599858.png,public
Beige Hoodie,Hoodie,outerwear,,,beige,black|gray,,,all-season,AI-detected Hoodie processed on 2025-11-08,beige-hoodie-1762577323.png,public
Beige Hoodie,Hoodie,outerwear,,,beige,pink|black,,,all-season,AI-detected Hoodie processed on 2025-11-08,beige-hoodie-1762575223.png,public
Beige Longsleeve,Longsleeve,top,,,beige,black|gray,,,all-season,AI-detected Longsleeve processed on 2025-11-08,beige-longsleeve-1762569443.png,public
Beige Longsleeve,Longsleeve,top,,,beige,black|gray,,,all-season,AI-detected Longsleeve processed on 2025-11-08,beige-longsleeve-1762569467.png,public
Beige Longsleeve,Longsleeve,top,,,beige,black|gray,,,all-season,AI-detected Longsleeve processed on 2025-11-08,beige-longsleeve-1762574585.png,public
Beige Longsleeve,Longsleeve,top,,,beige,black|gray,,,all-season,AI-detected Longsleeve processed on 2025-11-08,beige-longsleeve-1762586995.png,public
Beige Longsleeve,Longsleeve,top,,,beige,black|gray,,,all-season,AI-detected Longsleeve processed on 2025-11-08,beige-longsleeve-1762590272.png,public
Beige Longsleeve,Longsleeve,top,,,beige,black|gray,,,all-season,AI-detected Longsleeve processed on 2025-11-08,beige-longsleeve-1762596335.png,public
Beige Longsleeve,Longsleeve,top,,,beige,black|gray,,,all-season,AI-detected Longsleeve processed on 2025-11-08,beige-longsleeve-1762604760.png,public
Beige Longsleeve,Longsleeve,top,,,beige,black|pink,,,all-season,AI-detected Longsleeve processed on 2025-11-08,beige-longsleeve-1762582029.png,public
Beige Longsleeve,Longsleeve,top,,,beige,gray|black,,,all-season,AI-detected Longsleeve processed on 2025-11-08,beige-longsleeve-1762601947.png,public
Beige Longsleeve,Longsleeve,top,,,beige,gray|black,,,all-season,AI-detected Longsleeve processed on 2025-11-08,beige-longsleeve-1762602648.png,public
Beige Longsleeve,Longsleeve,top,,,beige,gray|black,,,all-season,AI-detected Longsleeve processed on 2025-11-08,beige-longsleeve-1762607579.png,public
Beige Longsleeve,Longsleeve,top,,,beige,pink|black,,,all-season,AI-detected Longsleeve processed on 2025-11-08,beige-longsleeve-1762571175.png,public
Beige Longsleeve,Longsleeve,top,,,beige,pink|black,,,all-season,AI-detected Longsleeve processed on 2025-11-08,beige-longsleeve-1762586579.png,public
Beige Longsleeve,Longsleeve,top,,,beige,pink|black,,,all-season,AI-detected Longsleeve processed on 2025-11-08,beige-longsleeve-1762606117.png,public
Beige Outwear,Outwear,outerwear,,,beige,pink|black,,,all-season,AI-detected Outwear processed on 2025-11-08,beige-outwear-1762584119.png,public
Beige Pants,Pants,bottom,,,beige,black|gray,,,all-season,AI-detected Pants processed on 2025-11-08,beige-pants-1762580195.png,public
Beige Pants,Pants,bottom,,,beige,black|gray,,,all-season,AI-detected Pants processed on 2025-11-08,beige-pants-1762583858.png,public
Beige Pants,Pants,bottom,,,beige,black|gray,,,all-season,AI-detected Pants processed on 2025-11-08,beige-pants-1762584456.png,public
Beige Pants,Pants,bottom,,,beige,black|gray,,,all-season,AI-detected Pants processed on 2025-11-08,beige-pants-1762597345.png,public
Beige Pants,Pants,bottom,,,beige,black|gray,,,all-season,AI-detected Pants processed on 2025-11-08,beige-pants-1762598357.png,public
Beige Pants,Pants,bottom,,,beige,black|gray,,,all-season,AI-detected Pants processed on 2025-11-08,beige-pants-1762598445.png,public
Beige Pants,Pants,bottom,,,beige,black|gray,,,all-season,AI-detected Pants processed on 2025-11-08,beige-pants-1762605293.png,public
Beige Pants,Pants,bottom,,,beige,black|gray,,,all-season,AI-detected Pants processed on 2025-11-08,beige-pants-1762607005.png,public
Beige Pants,Pants,bottom,,,beige,black|pink,,,all-season,AI-detected Pants processed on 2025-11-08,beige-pants-1762588516.png,public
Beige Pants,Pants,bottom,,,beige,black|pink,,,all-season,AI-detected Pants processed on 2025-11-08,beige-pants-1762606822.png,public
Beige Pants,Pants,bottom,,,beige,black|teal,,,all-season,AI-detected Pants processed on 2025-11-08,beige-pants-1762582349.png,public
Beige Pants,Pants,bottom,,,beige,black|teal,,,all-season,AI-detected Pants processed on 2025-11-08,beige-pants-1762583210.png,public
Beige Pants,Pants,bottom,,,beige,gray|black,,,all-season,AI-detected Pants processed on 2025-11-08,beige-pants-1762574283.png,public
Beige Pants,Pants,bottom,,,beige,gray|black,,,all-season,AI-detected Pants processed on 2025-11-08,beige-pants-1762596784.png,public
Beige Pants,Pants,bottom,,,beige,gray|black,,,all-season,AI-detected Pants processed on 2025-11-08,beige-pants-1762596895.png,public
Beige Pants,Pants,bottom,,,beige,pink|black,,,all-season,AI-detected Pants processed on 2025-11-08,beige-pants-1762579590.png,public
Beige Pants,Pants,bottom,,,beige,pink|black,,,all-season,AI-detected Pants processed on 2025-11-08,beige-pants-1762592546.png,public
Beige Pants,Pants,bottom,,,beige,pink|black,,,all-season,AI-detected Pants processed on 2025-11-08,beige-pants-1762605559.png,public
Beige Pants,Pants,bottom,,,beige,pink|black,,,all-season,AI-detected Pants processed on 2025-11-08,beige-pants-1762606136.png,public
Beige Pants,Pants,bottom,,,beige,yellow|black,,,all-season,AI-detected Pants processed on 2025-11-08,beige-pants-1762578210.png,public
Beige Shirt,Shirt,top,,,beige,black|gray,,,all-season,AI-detected Shirt processed on 2025-11-08,beige-shirt-1762572749.png,public
Beige Shirt,Shirt,top,,,beige,black|gray,,,all-season,AI-detected Shirt processed on 2025-11-08,beige-shirt-1762572809.png,public
Beige Shirt,Shirt,top,,,beige,black|gray,,,all-season,AI-detected Shirt processed on 2025-11-08,beige-shirt-1762575984.png,public
Beige Shirt,Shirt,top,,,beige,black|gray,,,all-season,AI-detected Shirt processed on 2025-11-08,beige-shirt-1762577348.png,public
Beige Shirt,Shirt,top,,,beige,black|gray,,,all-season,AI-detected Shirt processed on 2025-11-08,beige-shirt-1762579418.png,public
Beige Shirt,Shirt,top,,,beige,black|gray,,,all-season,AI-detected Shirt processed on 2025-11-08,beige-shirt-1762579797.png,public
Beige Shirt,Shirt,top,,,beige,black|gray,,,all-season,AI-detected Shirt processed on 2025-11-08,beige-shirt-1762581100.png,public
Beige Shirt,Shirt,top,,,beige,black|gray,,,all-season,AI-detected Shirt processed on 2025-11-08,beige-shirt-1762583702.png,public
Beige Shirt,Shirt,top,,,beige,black|gray,,,all-season,AI-detected Shirt processed on 2025-11-08,beige-shirt-1762584430.png,public
Beige Shirt,Shirt,top,,,beige,black|gray,,,all-season,AI-detected Shirt processed on 2025-11-08,beige-shirt-1762584929.png,public
Beige Shirt,Shirt,top,,,beige,black|gray,,,all-season,AI-detected Shirt processed on 2025-11-08,beige-shirt-1762586154.png,public
Beige Shirt,Shirt,top,,,beige,black|gray,,,all-season,AI-detected Shirt processed on 2025-11-08,beige-shirt-1762586347.png,public
Beige Shirt,Shirt,top,,,beige,black|gray,,,all-season,AI-detected Shirt processed on 2025-11-08,beige-shirt-1762588688.png,public
Beige Shirt,Shirt,top,,,beige,black|gray,,,all-season,AI-detected Shirt processed on 2025-11-08,beige-shirt-1762596617.png,public
Beige Shirt,Shirt,top,,,beige,black|gray,,,all-season,AI-detected Shirt processed on 2025-11-08,beige-shirt-1762598893.png,public
Beige Shirt,Shirt,top,,,beige,black|gray,,,all-season,AI-detected Shirt processed on 2025-11-08,beige-shirt-1762599278.png,public
Beige Shirt,Shirt,top,,,beige,black|gray,,,all-season,AI-detected Shirt processed on 2025-11-08,beige-shirt-1762600557.png,public
Beige Shirt,Shirt,top,,,beige,black|gray,,,all-season,AI-detected Shirt processed on 2025-11-08,beige-shirt-1762601203.png,public
Beige Shirt,Shirt,top,,,beige,black|gray,,,all-season,AI-detected Shirt processed on 2025-11-08,beige-shirt-1762604471.png,public
Beige Shirt,Shirt,top,,,beige,black|gray,,,all-season,AI-detected Shirt processed on 2025-11-08,beige-shirt-1762604507.png,public
Beige Shirt,Shirt,top,,,beige,black|pink,,,all-season,AI-detected Shirt processed on 2025-11-08,beige-shirt-1762588308.png,public
Beige Shirt,Shirt,top,,,beige,black|pink,,,all-season,AI-detected Shirt processed on 2025-11-08,beige-shirt-1762592549.png,public
Beige Shirt,Shirt,top,,,beige,black|pink,,,all-season,AI-detected Shirt processed on 2025-11-08,beige-shirt-1762594768.png,public
Beige Shirt,Shirt,top,,,beige,black|pink,,,all-season,AI-detected Shirt processed on 2025-11-08,beige-shirt-1762596257.png,public
Beige Shirt,Shirt,top,,,beige,black|pink,,,all-season,AI-detected Shirt processed on 2025-11-08,beige-shirt-1762607482.png,public
Beige Shirt,Shirt,top,,,beige,gray|black,,,all-season,AI-detected Shirt processed on 2025-11-08,beige-shirt-1762569717.png,public
Beige Shirt,Shirt,top,,,beige,gray|black,,,all-season,AI-detected Shirt processed on 2025-11-08,beige-shirt-1762577247.png,public
Beige Shirt,Shirt,top,,,beige,gray|black,,,all-season,AI-detected Shirt processed on 2025-11-08,beige-shirt-1762593967.png,public
Beige Shirt,Shirt,top,,,beige,gray|black,,,all-season,AI-detected Shirt processed on 2025-11-08,beige-shirt-1762603291.png,public
Beige Shirt,Shirt,top,,,beige,pink|black,,,all-season,AI-detected Shirt processed on 2025-11-08,beige-shirt-1762573536.png,public
Beige Shoes,Shoes,shoes,,,beige,black|brown,,,all-season,AI-detected Shoes processed on 2025-11-08,beige-shoes-1762579099.png,public
Beige Shoes,Shoes,shoes,,,beige,black|gray,,,all-season,AI-detected Shoes processed on 2025-11-08,beige-shoes-1762573505.png,public
Beige Shoes,Shoes,shoes,,,beige,black|gray,,,all-season,AI-detected Shoes processed on 2025-11-08,beige-shoes-1762578205.png,public
Beige Shoes,Shoes,shoes,,,beige,black|gray,,,all-season,AI-detected Shoes processed on 2025-11-08,beige-shoes-1762578764.png,public
Beige Shoes,Shoes,shoes,,,beige,black|gray,,,all-season,AI-detected Shoes processed on 2025-11-08,beige-shoes-1762581374.png,public
Beige Shoes,Shoes,shoes,,,beige,black|gray,,,all-season,AI-detected Shoes processed on 2025-11-08,beige-shoes-1762581970.png,public
Beige Shoes,Shoes,shoes,,,beige,black|gray,,,all-season,AI-detected Shoes processed on 2025-11-08,beige-shoes-1762582253.png,public
Beige Shoes,Shoes,shoes,,,beige,black|gray,,,all-season,AI-detected Shoes processed on 2025-11-08,beige-shoes-1762582624.png,public
Beige Shoes,Shoes,shoes,,,beige,black|gray,,,all-season,AI-detected Shoes processed on 2025-11-08,beige-shoes-1762585047.png,public
Beige Shoes,Shoes,shoes,,,beige,black|gray,,,all-season,AI-detected Shoes processed on 2025-11-08,beige-shoes-1762586870.png,public
Beige Shoes,Shoes,shoes,,,beige,black|gray,,,all-season,AI-detected Shoes processed on 2025-11-08,beige-shoes-1762594979.png,public
Beige Shoes,Shoes,shoes,,,beige,black|gray,,,all-season,AI-detected Shoes processed on 2025-11-08,beige-shoes-1762596367.png,public
Beige Shoes,Shoes,shoes,,,beige,black|gray,,,all-season,AI-detected Shoes processed on 2025-11-08,beige-shoes-1762605694.png,public
Beige Shoes,Shoes,shoes,,,beige,black|pink,,,all-season,AI-detected Shoes processed on 2025-11-08,beige-shoes-1762571147.png,public
Beige Shoes,Shoes,shoes,,,beige,black|pink,,,all-season,AI-detected Shoes processed on 2025-11-08,beige-shoes-1762574708.png,public
Beige Shoes,Shoes,shoes,,,beige,black|pink,,,all-season,AI-detected Shoes processed on 2025-11-08,beige-shoes-1762576900.png,public
Beige Shoes,Shoes,shoes,,,beige,black|pink,,,all-season,AI-detected Shoes processed on 2025-11-08,beige-shoes-1762581988.png,public
Beige Shoes,Shoes,shoes,,,beige,black|pink,,,all-season,AI-detected Shoes processed on 2025-11-08,beige-shoes-1762583836.png,public
Beige Shoes,Shoes,shoes,,,beige,black|pink,,,all-season,AI-detected Shoes processed on 2025-11-08,beige-shoes-1762594399.png,public
Beige Shoes,Shoes,shoes,,,beige,black|pink,,,all-season,AI-detected Shoes processed on 2025-11-08,beige-shoes-1762604233.png,public
Beige Shoes,Shoes,shoes,,,beige,black|teal,,,all-season,AI-detected Shoes processed on 2025-11-08,beige-shoes-1762599757.png,public
Beige Shoes,Shoes,shoes,,,beige,gray|black,,,all-season,AI-detected Shoes processed on 2025-11-08,beige-shoes-1762571134.png,public
Beige Shoes,Shoes,shoes,,,beige,gray|black,,,all-season,AI-detected Shoes processed on 2025-11-08,beige-shoes-1762573584.png,public
Beige Shoes,Shoes,shoes,,,beige,pink|black,,,all-season,AI-detected Shoes processed on 2025-11-08,beige-shoes-1762594040.png,public
Beige Shoes,Shoes,shoes,,,beige,pink|black,,,all-season,AI-detected Shoes processed on 2025-11-08,beige-shoes-1762602452.png,public
Beige Shoes,Shoes,shoes,,,beige,teal|black,,,all-season,AI-detected Shoes processed on 2025-11-08,beige-shoes-1762597907.png,public
Beige Shorts,Shorts,bottom,,,beige,black|gray,,,all-season,AI-detected Shorts processed on 2025-11-08,beige-shorts-1762571464.png,public
Beige Shorts,Shorts,bottom,,,beige,black|gray,,,all-season,AI-detected Shorts processed on 2025-11-08,beige-shorts-1762572812.png,public
Beige Shorts,Shorts,bottom,,,beige,black|gray,,,all-season,AI-detected Shorts processed on 2025-11-08,beige-shorts-1762577357.png,public
Beige Shorts,Shorts,bottom,,,beige,black|gray,,,all-season,AI-detected Shorts processed on 2025-11-08,beige-shorts-1762577815.png,public
Beige Shorts,Shorts,bottom,,,beige,black|gray,,,all-season,AI-detected Shorts processed on 2025-11-08,beige-shorts-1762578780.png,public
Beige Shorts,Shorts,bottom,,,beige,black|gray,,,all-season,AI-detected Shorts processed on 2025-11-08,beige-shorts-1762582197.png,public
Beige Shorts,Shorts,bottom,,,beige,black|gray,,,all-season,AI-detected Shorts processed on 2025-11-08,beige-shorts-1762583825.png,public
Beige Shorts,Shorts,bottom,,,beige,black|gray,,,all-season,AI-detected Shorts processed on 2025-11-08,beige-shorts-1762586670.png,public
Beige Shorts,Shorts,bottom,,,beige,black|gray,,,all-season,AI-detected Shorts processed on 2025-11-08,beige-shorts-1762587982.png,public
Beige Shorts,Shorts,bottom,,,beige,black|gray,,,all-season,AI-detected Shorts processed on 2025-11-08,beige-shorts-1762588155.png,public
Beige Shorts,Shorts,bottom,,,beige,black|gray,,,all-season,AI-detected Shorts processed on 2025-11-08,beige-shorts-1762593530.png,public
Beige Shorts,Shorts,bottom,,,beige,black|gray,,,all-season,AI-detected Shorts processed on 2025-11-08,beige-shorts-1762593611.png,public
Beige Shorts,Shorts,bottom,,,beige,black|gray,,,all-season,AI-detected Shorts processed on 2025-11-08,beige-shorts-1762594713.png,public
Beige Shorts,Shorts,bottom,,,beige,black|gray,,,all-season,AI-detected Shorts processed on 2025-11-08,beige-shorts-1762598722.png,public
Beige Shorts,Shorts,bottom,,,beige,black|gray,,,all-season,AI-detected Shorts processed on 2025-11-08,beige-shorts-1762602869.png,public
Beige Shorts,Shorts,bottom,,,beige,black|gray,,,all-season,AI-detected Shorts processed on 2025-11-08,beige-shorts-1762604119.png,public
Beige Shorts,Shorts,bottom,,,beige,black|gray,,,all-season,AI-detected Shorts processed on 2025-11-08,beige-shorts-1762604938.png,public
Beige Shorts,Shorts,bottom,,,beige,black|gray,,,all-season,AI-detected Shorts processed on 2025-11-08,beige-shorts-1762606196.png,public
Beige Shorts,Shorts,bottom,,,beige,black|gray,,,all-season,AI-detected Shorts processed on 2025-11-08,beige-shorts-1762606586.png,public
Beige Shorts,Shorts,bottom,,,beige,black|pink,,,all-season,AI-detected Shorts processed on 2025-11-08,beige-shorts-1762587370.png,public
Beige Shorts,Shorts,bottom,,,beige,black|pink,,,all-season,AI-detected Shorts processed on 2025-11-08,beige-shorts-1762589000.png,public
Beige Shorts,Shorts,bottom,,,beige,black|pink,,,all-season,AI-detected Shorts processed on 2025-11-08,beige-shorts-1762589194.png,public
Beige Shorts,Shorts,bottom,,,beige,black|pink,,,all-season,AI-detected Shorts processed on 2025-11-08,beige-shorts-1762598986.png,public
Beige Shorts,Shorts,bottom,,,beige,black|pink,,,all-season,AI-detected Shorts processed on 2025-11-08,beige-shorts-1762599521.png,public
Beige Shorts,Shorts,bottom,,,beige,gray|black,,,all-season,AI-detected Shorts processed on 2025-11-08,beige-shorts-1762569177.png,public
Beige Shorts,Shorts,bottom,,,beige,gray|black,,,all-season,AI-detected Shorts processed on 2025-11-08,beige-shorts-1762581630.png,public
Beige Shorts,Shorts,bottom,,,beige,pink|black,,,all-season,AI-detected Shorts processed on 2025-11-08,beige-shorts-1762585534.png,public
Beige Skirt,Skirt,bottom,,,beige,black,,,all-season,AI-detected Skirt processed on 2025-11-08,beige-skirt-1762570307.png,public
Beige Skirt,Skirt,bottom,,,beige,black,,,all-season,AI-detected Skirt processed on 2025-11-08,beige-skirt-1762579496.png,public
Beige Skirt,Skirt,bottom,,,beige,black|brown,,,all-season,AI-detected Skirt processed on 2025-11-08,beige-skirt-1762594523.png,public
Beige Skirt,Skirt,bottom,,,beige,black|gray,,,all-season,AI-detected Skirt processed on 2025-11-08,beige-skirt-1762568603.png,public
Beige Skirt,Skirt,bottom,,,beige,black|gray,,,all-season,AI-detected Skirt processed on 2025-11-08,beige-skirt-1762570759.png,public
Beige Skirt,Skirt,bottom,,,beige,black|gray,,,all-season,AI-detected Skirt processed on 2025-11-08,beige-skirt-1762571006.png,public
Beige Skirt,Skirt,bottom,,,beige,black|gray,,,all-season,AI-detected Skirt processed on 2025-11-08,beige-skirt-1762572350.png,public
Beige Skirt,Skirt,bottom,,,beige,black|gray,,,all-season,AI-detected Skirt processed on 2025-11-08,beige-skirt-1762573259.png,public
Beige Skirt,Skirt,bottom,,,beige,black|gray,,,all-season,AI-detected Skirt processed on 2025-11-08,beige-skirt-1762575711.png,public
Beige Skirt,Skirt,bottom,,,beige,black|gray,,,all-season,AI-detected Skirt processed on 2025-11-08,beige-skirt-1762578223.png,public
Beige Skirt,Skirt,bottom,,,beige,black|gray,,,all-season,AI-detected Skirt processed on 2025-11-08,beige-skirt-1762581731.png,public
Beige Skirt,Skirt,bottom,,,beige,black|gray,,,all-season,AI-detected Skirt processed on 2025-11-08,beige-skirt-1762582564.png,public
Beige Skirt,Skirt,bottom,,,beige,black|gray,,,all-season,AI-detected Skirt processed on 2025-11-08,beige-skirt-1762583081.png,public
Beige Skirt,Skirt,bottom,,,beige,black|gray,,,all-season,AI-detected Skirt processed on 2025-11-08,beige-skirt-1762588295.png,public
Beige Skirt,Skirt,bottom,,,beige,black|gray,,,all-season,AI-detected Skirt processed on 2025-11-08,beige-skirt-1762588748.png,public
Beige Skirt,Skirt,bottom,,,beige,black|gray,,,all-season,AI-detected Skirt processed on 2025-11-08,beige-skirt-1762589086.png,public
Beige Skirt,Skirt,bottom,,,beige,black|gray,,,all-season,AI-detected Skirt processed on 2025-11-08,beige-skirt-1762594512.png,public
Beige Skirt,Skirt,bottom,,,beige,black|gray,,,all-season,AI-detected Skirt processed on 2025-11-08,beige-skirt-1762596540.png,public
Beige Skirt,Skirt,bottom,,,beige,black|gray,,,all-season,AI-detected Skirt processed on 2025-11-08,beige-skirt-1762597458.png,public
Beige Skirt,Skirt,bottom,,,beige,black|gray,,,all-season,AI-detected Skirt processed on 2025-11-08,beige-skirt-1762600110.png,public
Beige Skirt,Skirt,bottom,,,beige,black|gray,,,all-season,AI-detected Skirt processed on 2025-11-08,beige-skirt-1762600154.png,public
Beige Skirt,Skirt,bottom,,,beige,black|gray,,,all-season,AI-detected Skirt processed on 2025-11-08,beige-skirt-1762600572.png,public
Beige Skirt,Skirt,bottom,,,beige,black|gray,,,all-season,AI-detected Skirt processed on 2025-11-08,beige-skirt-1762600695.png,public
Beige Skirt,Skirt,bottom,,,beige,black|gray,,,all-season,AI-detected Skirt processed on 2025-11-08,beige-skirt-1762601075.png,public
Beige Skirt,Skirt,bottom,,,beige,black|gray,,,all-season,AI-detected Skirt processed on 2025-11-08,beige-skirt-1762601895.png,public
Beige Skirt,Skirt,bottom,,,beige,black|gray,,,all-season,AI-detected Skirt processed on 2025-11-08,beige-skirt-1762603716.png,public
Beige Skirt,Skirt,bottom,,,beige,black|pink,,,all-season,AI-detected Skirt processed on 2025-11-08,beige-skirt-1762569720.png,public
Beige Skirt,Skirt,bottom,,,beige,black|pink,,,all-season,AI-detected Skirt processed on 2025-11-08,beige-skirt-1762569903.png,public
Beige Skirt,Skirt,bottom,,,beige,black|pink,,,all-season,AI-detected Skirt processed on 2025-11-08,beige-skirt-1762573532.png,public
Beige Skirt,Skirt,bottom,,,beige,black|pink,,,all-season,AI-detected Skirt processed on 2025-11-08,beige-skirt-1762574555.png,public
Beige Skirt,Skirt,bottom,,,beige,black|pink,,,all-season,AI-detected Skirt processed on 2025-11-08,beige-skirt-1762576644.png,public
Beige Skirt,Skirt,bottom,,,beige,black|pink,,,all-season,AI-detected Skirt processed on 2025-11-08,beige-skirt-1762576862.png,public
Beige Skirt,Skirt,bottom,,,beige,black|pink,,,all-season,AI-detected Skirt processed on 2025-11-08,beige-skirt-1762577386.png,public
Beige Skirt,Skirt,bottom,,,beige,black|pink,,,all-season,AI-detected Skirt processed on 2025-11-08,beige-skirt-1762583710.png,public
Beige Skirt,Skirt,bottom,,,beige,black|pink,,,all-season,AI-detected Skirt processed on 2025-11-08,beige-skirt-1762584769.png,public
Beige Skirt,Skirt,bottom,,,beige,black|pink,,,all-season,AI-detected Skirt processed on 2025-11-08,beige-skirt-1762586763.png,public
Beige Skirt,Skirt,bottom,,,beige,black|pink,,,all-season,AI-detected Skirt processed on 2025-11-08,beige-skirt-1762589519.png,public
Beige Skirt,Skirt,bottom,,,beige,black|pink,,,all-season,AI-detected Skirt processed on 2025-11-08,beige-skirt-1762590172.png,public
Beige Skirt,Skirt,bottom,,,beige,black|pink,,,all-season,AI-detected Skirt processed on 2025-11-08,beige-skirt-1762593101.png,public
Beige Skirt,Skirt,bottom,,,beige,black|pink,,,all-season,AI-detected Skirt processed on 2025-11-08,beige-skirt-1762602523.png,public
Beige Skirt,Skirt,bottom,,,beige,black|pink,,,all-season,AI-detected Skirt processed on 2025-11-08,beige-skirt-1762605157.png,public
Beige Skirt,Skirt,bottom,,,beige,black|pink,,,all-season,AI-detected Skirt processed on 2025-11-08,beige-skirt-1762607539.png,public
Beige Skirt,Skirt,bottom,,,beige,gray|black,,,all-season,AI-detected Skirt processed on 2025-11-08,beige-skirt-1762575162.png,public
Beige Skirt,Skirt,bottom,,,beige,gray|black,,,all-season,AI-detected Skirt processed on 2025-11-08,beige-skirt-1762575357.png,public
Beige Skirt,Skirt,bottom,,,beige,gray|black,,,all-season,AI-detected Skirt processed on 2025-11-08,beige-skirt-1762578876.png,public
Beige Skirt,Skirt,bottom,,,beige,gray|black,,,all-season,AI-detected Skirt processed on 2025-11-08,beige-skirt-1762589265.png,public
Beige Skirt,Skirt,bottom,,,beige,gray|black,,,all-season,AI-detected Skirt processed on 2025-11-08,beige-skirt-1762590719.png,public
Beige Skirt,Skirt,bottom,,,beige,gray|black,,,all-season,AI-detected Skirt processed on 2025-11-08,beige-skirt-1762595879.png,public
Beige Skirt,Skirt,bottom,,,beige,pink|black,,,all-season,AI-detected Skirt processed on 2025-11-08,beige-skirt-1762569153.png,public
Beige Skirt,Skirt,bottom,,,beige,pink|black,,,all-season,AI-detected Skirt processed on 2025-11-08,beige-skirt-1762573843.png,public
Beige Skirt,Skirt,bottom,,,beige,pink|black,,,all-season,AI-detected Skirt processed on 2025-11-08,beige-skirt-1762573912.png,public
Beige Skirt,Skirt,bottom,,,beige,pink|black,,,all-season,AI-detected Skirt processed on 2025-11-08,beige-skirt-1762577687.png,public
Beige Skirt,Skirt,bottom,,,beige,pink|black,,,all-season,AI-detected Skirt processed on 2025-11-08,beige-skirt-1762578485.png,public
Beige Skirt,Skirt,bottom,,,beige,pink|black,,,all-season,AI-detected Skirt processed on 2025-11-08,beige-skirt-1762581511.png,public
Beige Skirt,Skirt,bottom,,,beige,pink|black,,,all-season,AI-detected Skirt processed on 2025-11-08,beige-skirt-1762581933.png,public
Beige Skirt,Skirt,bottom,,,beige,pink|black,,,all-season,AI-detected Skirt processed on 2025-11-08,beige-skirt-1762592059.png,public
Beige Skirt,Skirt,bottom,,,beige,pink|black,,,all-season,AI-detected Skirt processed on 2025-11-08,beige-skirt-1762596813.png,public
Beige Skirt,Skirt,bottom,,,beige,pink|black,,,all-season,AI-detected Skirt processed on 2025-11-08,beige-skirt-1762603137.png,public
Beige Skirt,Skirt,bottom,,,beige,pink|brown,,,all-season,AI-detected Skirt processed on 2025-11-08,beige-skirt-1762585335.png,public
Beige T-Shirt,T-Shirt,top,,,beige,black|gray,,,all-season,AI-detected T-Shirt processed on 2025-11-08,beige-t-shirt-1762571870.png,public
Beige T-Shirt,T-Shirt,top,,,beige,black|gray,,,all-season,AI-detected T-Shirt processed on 2025-11-08,beige-t-shirt-1762596502.png,public
Beige T-Shirt,T-Shirt,top,,,beige,black|gray,,,all-season,AI-detected T-Shirt processed on 2025-11-08,beige-t-shirt-1762598577.png,public
Beige T-Shirt,T-Shirt,top,,,beige,black|gray,,,all-season,AI-detected T-Shirt processed on 2025-11-08,beige-t-shirt-1762598861.png,public
Beige T-Shirt,T-Shirt,top,,,beige,black|gray,,,all-season,AI-detected T-Shirt processed on 2025-11-08,beige-t-shirt-1762605934.png,public
Beige T-Shirt,T-Shirt,top,,,beige,brown|black,,,all-season,AI-detected T-Shirt processed on 2025-11-08,beige-t-shirt-1762599588.png,public
Beige T-Shirt,T-Shirt,top,,,beige,gray|black,,,all-season,AI-detected T-Shirt processed on 2025-11-08,beige-t-shirt-1762587192.png,public
Beige T-Shirt,T-Shirt,top,,,beige,gray|black,,,all-season,AI-detected T-Shirt processed on 2025-11-08,beige-t-shirt-1762592235.png,public
Beige T-Shirt,T-Shirt,top,,,beige,pink|black,,,all-season,AI-detected T-Shirt processed on 2025-11-08,beige-t-shirt-1762604824.png,public
Beige Undershirt,Undershirt,top,,,beige,black|gray,,,all-season,AI-detected Undershirt processed on 2025-11-08,beige-undershirt-1762600304.png,public
Black Blazer,Blazer,outerwear,,,black,,,,all-season,AI-detected Blazer processed on 2025-11-08,black-blazer-1762568493.png,public
Black Blazer,Blazer,outerwear,,,black,,,,all-season,AI-detected Blazer processed on 2025-11-08,black-blazer-1762569488.png,public
Black Blazer,Blazer,outerwear,,,black,,,,all-season,AI-detected Blazer processed on 2025-11-08,black-blazer-1762570234.png,public
Black Blazer,Blazer,outerwear,,,black,,,,all-season,AI-detected Blazer processed on 2025-11-08,black-blazer-1762571556.png,public
Black Blazer,Blazer,outerwear,,,black,,,,all-season,AI-detected Blazer processed on 2025-11-08,black-blazer-1762572793.png,public
Black Blazer,Blazer,outerwear,,,black,,,,all-season,AI-detected Blazer processed on 2025-11-08,black-blazer-1762575146.png,public
Black Blazer,Blazer,outerwear,,,black,,,,all-season,AI-detected Blazer processed on 2025-11-08,black-blazer-1762578502.png,public
Black Blazer,Blazer,outerwear,,,black,,,,all-season,AI-detected Blazer processed on 2025-11-08,black-blazer-1762578697.png,public
Black Blazer,Blazer,outerwear,,,black,,,,all-season,AI-detected Blazer processed on 2025-11-08,black-blazer-1762580117.png,public
Black Blazer,Blazer,outerwear,,,black,,,,all-season,AI-detected Blazer processed on 2025-11-08,black-blazer-1762581842.png,public
Black Blazer,Blazer,outerwear,,,black,,,,all-season,AI-detected Blazer processed on 2025-11-08,black-blazer-1762582497.png,public
Black Blazer,Blazer,outerwear,,,black,,,,all-season,AI-detected Blazer processed on 2025-11-08,black-blazer-1762582525.png,public
Black Blazer,Blazer,outerwear,,,black,,,,all-season,AI-detected Blazer processed on 2025-11-08,black-blazer-1762583272.png,public
Black Blazer,Blazer,outerwear,,,black,,,,all-season,AI-detected Blazer processed on 2025-11-08,black-blazer-1762586656.png,public
Black Blazer,Blazer,outerwear,,,black,,,,all-season,AI-detected Blazer processed on 2025-11-08,black-blazer-1762598096.png,public
Black Blazer,Blazer,outerwear,,,black,,,,all-season,AI-detected Blazer processed on 2025-11-08,black-blazer-1762604524.png,public
Black Blazer,Blazer,outerwear,,,black,,,,all-season,AI-detected Blazer processed on 2025-11-08,black-blazer-1762605188.png,public
Black Blazer,Blazer,outerwear,,,black,beige,,,all-season,AI-detected Blazer processed on 2025-11-08,black-blazer-1762568651.png,public
Black Blazer,Blazer,outerwear,,,black,beige,,,all-season,AI-detected Blazer processed on 2025-11-08,black-blazer-1762571369.png,public
Black Blazer,Blazer,outerwear,,,black,beige,,,all-season,AI-detected Blazer processed on 2025-11-08,black-blazer-1762574182.png,public
Black Blazer,Blazer,outerwear,,,black,beige,,,all-season,AI-detected Blazer processed on 2025-11-08,black-blazer-1762577995.png,public
Black Blazer,Blazer,outerwear,,,black,beige,,,all-season,AI-detected Blazer processed on 2025-11-08,black-blazer-1762585665.png,public
Black Blazer,Blazer,outerwear,,,black,beige,,,all-season,AI-detected Blazer processed on 2025-11-08,black-blazer-1762593134.png,public
Black Blazer,Blazer,outerwear,,,black,beige,,,all-season,AI-detected Blazer processed on 2025-11-08,black-blazer-1762596725.png,public
Black Blazer,Blazer,outerwear,,,black,beige,,,all-season,AI-detected Blazer processed on 2025-11-08,black-blazer-1762599319.png,public
Black Blazer,Blazer,outerwear,,,black,beige,,,all-season,AI-detected Blazer processed on 2025-11-08,black-blazer-1762602821.png,public
Black Blazer,Blazer,outerwear,,,black,brown,,,all-season,AI-detected Blazer processed on 2025-11-08,black-blazer-1762571199.png,public
Black Blazer,Blazer,outerwear,,,black,brown,,,all-season,AI-detected Blazer processed on 2025-11-08,black-blazer-1762577000.png,public
Black Blazer,Blazer,outerwear,,,black,brown,,,all-season,AI-detected Blazer processed on 2025-11-08,black-blazer-1762577971.png,public
Black Blazer,Blazer,outerwear,,,black,brown,,,all-season,AI-detected Blazer processed on 2025-11-08,black-blazer-1762578601.png,public
Black Blazer,Blazer,outerwear,,,black,brown,,,all-season,AI-detected Blazer processed on 2025-11-08,black-blazer-1762581296.png,public
Black Blazer,Blazer,outerwear,,,black,brown,,,all-season,AI-detected Blazer processed on 2025-11-08,black-blazer-1762582820.png,public
Black Blazer,Blazer,outerwear,,,black,brown,,,all-season,AI-detected Blazer processed on 2025-11-08,black-blazer-1762583223.png,public
Black Blazer,Blazer,outerwear,,,black,brown,,,all-season,AI-detected Blazer processed on 2025-11-08,black-blazer-1762583318.png,public
Black Blazer,Blazer,outerwear,,,black,brown,,,all-season,AI-detected Blazer processed on 2025-11-08,black-blazer-1762588656.png,public
Black Blazer,Blazer,outerwear,,,black,brown,,,all-season,AI-detected Blazer processed on 2025-11-08,black-blazer-1762589351.png,public
Black Blazer,Blazer,outerwear,,,black,brown,,,all-season,AI-detected Blazer processed on 2025-11-08,black-blazer-1762589529.png,public
Black Blazer,Blazer,outerwear,,,black,brown,,,all-season,AI-detected Blazer processed on 2025-11-08,black-blazer-1762589675.png,public
Black Blazer,Blazer,outerwear,,,black,brown,,,all-season,AI-detected Blazer processed on 2025-11-08,black-blazer-1762591010.png,public
Black Blazer,Blazer,outerwear,,,black,brown,,,all-season,AI-detected Blazer processed on 2025-11-08,black-blazer-1762591608.png,public
Black Blazer,Blazer,outerwear,,,black,brown,,,all-season,AI-detected Blazer processed on 2025-11-08,black-blazer-1762593306.png,public
Black Blazer,Blazer,outerwear,,,black,brown,,,all-season,AI-detected Blazer processed on 2025-11-08,black-blazer-1762593907.png,public
Black Blazer,Blazer,outerwear,,,black,brown,,,all-season,AI-detected Blazer processed on 2025-11-08,black-blazer-1762594533.png,public
Black Blazer,Blazer,outerwear,,,black,brown,,,all-season,AI-detected Blazer processed on 2025-11-08,black-blazer-1762595528.png,public
Black Blazer,Blazer,outerwear,,,black,brown,,,all-season,AI-detected Blazer processed on 2025-11-08,black-blazer-1762595654.png,public
Black Blazer,Blazer,outerwear,,,black,brown,,,all-season,AI-detected Blazer processed on 2025-11-08,black-blazer-1762604332.png,public
Black Blazer,Blazer,outerwear,,,black,brown|beige,,,all-season,AI-detected Blazer processed on 2025-11-08,black-blazer-1762583206.png,public
Black Blazer,Blazer,outerwear,,,black,brown|maroon,,,all-season,AI-detected Blazer processed on 2025-11-08,black-blazer-1762604964.png,public
Black Blazer,Blazer,outerwear,,,black,brown|pink,,,all-season,AI-detected Blazer processed on 2025-11-08,black-blazer-1762587862.png,public
Black Blazer,Blazer,outerwear,,,black,gray,,,all-season,AI-detected Blazer processed on 2025-11-08,black-blazer-1762568625.png,public
Black Blazer,Blazer,outerwear,,,black,gray,,,all-season,AI-detected Blazer processed on 2025-11-08,black-blazer-1762568796.png,public
Black Blazer,Blazer,outerwear,,,black,gray,,,all-season,AI-detected Blazer processed on 2025-11-08,black-blazer-1762569094.png,public
Black Blazer,Blazer,outerwear,,,black,gray,,,all-season,AI-detected Blazer processed on 2025-11-08,black-blazer-1762569472.png,public
Black Blazer,Blazer,outerwear,,,black,gray,,,all-season,AI-detected Blazer processed on 2025-11-08,black-blazer-1762569580.png,public
Black Blazer,Blazer,outerwear,,,black,gray,,,all-season,AI-detected Blazer processed on 2025-11-08,black-blazer-1762569939.png,public
Black Blazer,Blazer,outerwear,,,black,gray,,,all-season,AI-detected Blazer processed on 2025-11-08,black-blazer-1762569984.png,public
Black Blazer,Blazer,outerwear,,,black,gray,,,all-season,AI-detected Blazer processed on 2025-11-08,black-blazer-1762570116.png,public
Black Blazer,Blazer,outerwear,,,black,gray,,,all-season,AI-detected Blazer processed on 2025-11-08,black-blazer-1762570435.png,public
Black Blazer,Blazer,outerwear,,,black,gray,,,all-season,AI-detected Blazer processed on 2025-11-08,black-blazer-1762571650.png,public
Black Blazer,Blazer,outerwear,,,black,gray,,,all-season,AI-detected Blazer processed on 2025-11-08,black-blazer-1762572189.png,public
Black Blazer,Blazer,outerwear,,,black,gray,,,all-season,AI-detected Blazer processed on 2025-11-08,black-blazer-1762572315.png,public
Black Blazer,Blazer,outerwear,,,black,gray,,,all-season,AI-detected Blazer processed on 2025-11-08,black-blazer-1762572397.png,public
Black Blazer,Blazer,outerwear,,,black,gray,,,all-season,AI-detected Blazer processed on 2025-11-08,black-blazer-1762572493.png,public
Black Blazer,Blazer,outerwear,,,black,gray,,,all-season,AI-detected Blazer processed on 2025-11-08,black-blazer-1762573137.png,public
Black Blazer,Blazer,outerwear,,,black,gray,,,all-season,AI-detected Blazer processed on 2025-11-08,black-blazer-1762573207.png,public
Black Blazer,Blazer,outerwear,,,black,gray,,,all-season,AI-detected Blazer processed on 2025-11-08,black-blazer-1762573240.png,public
Black Blazer,Blazer,outerwear,,,black,gray,,,all-season,AI-detected Blazer processed on 2025-11-08,black-blazer-1762573709.png,public
Black Blazer,Blazer,outerwear,,,black,gray,,,all-season,AI-detected Blazer processed on 2025-11-08,black-blazer-1762573889.png,public
Black Blazer,Blazer,outerwear,,,black,gray,,,all-season,AI-detected Blazer processed on 2025-11-08,black-blazer-1762574527.png,public
Black Blazer,Blazer,outerwear,,,black,gray,,,all-season,AI-detected Blazer processed on 2025-11-08,black-blazer-1762574633.png,public
Black Blazer,Blazer,outerwear,,,black,gray,,,all-season,AI-detected Blazer processed on 2025-11-08,black-blazer-1762575008.png,public
Black Blazer,Blazer,outerwear,,,black,gray,,,all-season,AI-detected Blazer processed on 2025-11-08,black-blazer-1762576352.png,public
Black Blazer,Blazer,outerwear,,,black,gray,,,all-season,AI-detected Blazer processed on 2025-11-08,black-blazer-1762576724.png,public
Black Blazer,Blazer,outerwear,,,black,gray,,,all-season,AI-detected Blazer processed on 2025-11-08,black-blazer-1762576745.png,public
Black Blazer,Blazer,outerwear,,,black,gray,,,all-season,AI-detected Blazer processed on 2025-11-08,black-blazer-1762577169.png,public
Black Blazer,Blazer,outerwear,,,black,gray,,,all-season,AI-detected Blazer processed on 2025-11-08,black-blazer-1762577398.png,public
Black Blazer,Blazer,outerwear,,,black,gray,,,all-season,AI-detected Blazer processed on 2025-11-08,black-blazer-1762577758.png,public
Black Blazer,Blazer,outerwear,,,black,gray,,,all-season,AI-detected Blazer processed on 2025-11-08,black-blazer-1762578181.png,public
Black Blazer,Blazer,outerwear,,,black,gray,,,all-season,AI-detected Blazer processed on 2025-11-08,black-blazer-1762578530.png,public
Black Blazer,Blazer,outerwear,,,black,gray,,,all-season,AI-detected Blazer processed on 2025-11-08,black-blazer-1762579250.png,public
Black Blazer,Blazer,outerwear,,,black,gray,,,all-season,AI-detected Blazer processed on 2025-11-08,black-blazer-1762580160.png,public
Black Blazer,Blazer,outerwear,,,black,gray,,,all-season,AI-detected Blazer processed on 2025-11-08,black-blazer-1762580339.png,public
Black Blazer,Blazer,outerwear,,,black,gray,,,all-season,AI-detected Blazer processed on 2025-11-08,black-blazer-1762580388.png,public
Black Blazer,Blazer,outerwear,,,black,gray,,,all-season,AI-detected Blazer processed on 2025-11-08,black-blazer-1762580771.png,public
Black Blazer,Blazer,outerwear,,,black,gray,,,all-season,AI-detected Blazer processed on 2025-11-08,black-blazer-1762580942.png,public
Black Blazer,Blazer,outerwear,,,black,gray,,,all-season,AI-detected Blazer processed on 2025-11-08,black-blazer-1762581460.png,public
Black Blazer,Blazer,outerwear,,,black,gray,,,all-season,AI-detected Blazer processed on 2025-11-08,black-blazer-1762582380.png,public
Black Blazer,Blazer,outerwear,,,black,gray,,,all-season,AI-detected Blazer processed on 2025-11-08,black-blazer-1762582418.png,public
Black Blazer,Blazer,outerwear,,,black,gray,,,all-season,AI-detected Blazer processed on 2025-11-08,black-blazer-1762583955.png,public
Black Blazer,Blazer,outerwear,,,black,gray,,,all-season,AI-detected Blazer processed on 2025-11-08,black-blazer-1762583992.png,public
Black Blazer,Blazer,outerwear,,,black,gray,,,all-season,AI-detected Blazer processed on 2025-11-08,black-blazer-1762584345.png,public
Black Blazer,Blazer,outerwear,,,black,gray,,,all-season,AI-detected Blazer processed on 2025-11-08,black-blazer-1762584526.png,public
Black Blazer,Blazer,outerwear,,,black,gray,,,all-season,AI-detected Blazer processed on 2025-11-08,black-blazer-1762586092.png,public
Black Blazer,Blazer,outerwear,,,black,gray,,,all-season,AI-detected Blazer processed on 2025-11-08,black-blazer-1762587259.png,public
Black Blazer,Blazer,outerwear,,,black,gray,,,all-season,AI-detected Blazer processed on 2025-11-08,black-blazer-1762588059.png,public
Black Blazer,Blazer,outerwear,,,black,gray,,,all-season,AI-detected Blazer processed on 2025-11-08,black-blazer-1762589007.png,public
Black Blazer,Blazer,outerwear,,,black,gray,,,all-season,AI-detected Blazer processed on 2025-11-08,black-blazer-1762589048.png,public
Black Blazer,Blazer,outerwear,,,black,gray,,,all-season,AI-detected Blazer processed on 2025-11-08,black-blazer-1762589279.png,public
Black Blazer,Blazer,outerwear,,,black,gray,,,all-season,AI-detected Blazer processed on 2025-11-08,black-blazer-1762589986.png,public
Black Blazer,Blazer,outerwear,,,black,gray,,,all-season,AI-detected Blazer processed on 2025-11-08,black-blazer-1762590235.png,public
Black Blazer,Blazer,outerwear,,,black,gray,,,all-season,AI-detected Blazer processed on 2025-11-08,black-blazer-1762593204.png,public
Black Blazer,Blazer,outerwear,,,black,gray,,,all-season,AI-detected Blazer processed on 2025-11-08,black-blazer-1762594207.png,public
Black Blazer,Blazer,outerwear,,,black,gray,,,all-season,AI-detected Blazer processed on 2025-11-08,black-blazer-1762594561.png,public
Black Blazer,Blazer,outerwear,,,black,gray,,,all-season,AI-detected Blazer processed on 2025-11-08,black-blazer-1762594756.png,public
Black Blazer,Blazer,outerwear,,,black,gray,,,all-season,AI-detected Blazer processed on 2025-11-08,black-blazer-1762594852.png,public
Black Blazer,Blazer,outerwear,,,black,gray,,,all-season,AI-detected Blazer processed on 2025-11-08,black-blazer-1762594961.png,public
Black Blazer,Blazer,outerwear,,,black,gray,,,all-season,AI-detected Blazer processed on 2025-11-08,black-blazer-1762595120.png,public
Black Blazer,Blazer,outerwear,,,black,gray,,,all-season,AI-detected Blazer processed on 2025-11-08,black-blazer-1762595705.png,public
Black Blazer,Blazer,outerwear,,,black,gray,,,all-season,AI-detected Blazer processed on 2025-11-08,black-blazer-1762595768.png,public
Black Blazer,Blazer,outerwear,,,black,gray,,,all-season,AI-detected Blazer processed on 2025-11-08,black-blazer-1762595938.png,public
Black Blazer,Blazer,outerwear,,,black,gray,,,all-season,AI-detected Blazer processed on 2025-11-08,black-blazer-1762596434.png,public
Black Blazer,Blazer,outerwear,,,black,gray,,,all-season,AI-detected Blazer processed on 2025-11-08,black-blazer-1762597034.png,public
Black Blazer,Blazer,outerwear,,,black,gray,,,all-season,AI-detected Blazer processed on 2025-11-08,black-blazer-1762597178.png,public
Black Blazer,Blazer,outerwear,,,black,gray,,,all-season,AI-detected Blazer processed on 2025-11-08,black-blazer-1762597203.png,public
Black Blazer,Blazer,outerwear,,,black,gray,,,all-season,AI-detected Blazer processed on 2025-11-08,black-blazer-1762597482.png,public
Black Blazer,Blazer,outerwear,,,black,gray,,,all-season,AI-detected Blazer processed on 2025-11-08,black-blazer-1762597855.png,public
Black Blazer,Blazer,outerwear,,,black,gray,,,all-season,AI-detected Blazer processed on 2025-11-08,black-blazer-1762597885.png,public
Black Blazer,Blazer,outerwear,,,black,gray,,,all-season,AI-detected Blazer processed on 2025-11-08,black-blazer-1762597991.png,public
Black Blazer,Blazer,outerwear,,,black,gray,,,all-season,AI-detected Blazer processed on 2025-11-08,black-blazer-1762598604.png,public
Black Blazer,Blazer,outerwear,,,black,gray,,,all-season,AI-detected Blazer processed on 2025-11-08,black-blazer-1762598637.png,public
Black Blazer,Blazer,outerwear,,,black,gray,,,all-season,AI-detected Blazer processed on 2025-11-08,black-blazer-1762598994.png,public
Black Blazer,Blazer,outerwear,,,black,gray,,,all-season,AI-detected Blazer processed on 2025-11-08,black-blazer-1762599925.png,public
Black Blazer,Blazer,outerwear,,,black,gray,,,all-season,AI-detected Blazer processed on 2025-11-08,black-blazer-1762600759.png,public
Black Blazer,Blazer,outerwear,,,black,gray,,,all-season,AI-detected Blazer processed on 2025-11-08,black-blazer-1762602692.png,public
Black Blazer,Blazer,outerwear,,,black,gray,,,all-season,AI-detected Blazer processed on 2025-11-08,black-blazer-1762602961.png,public
Black Blazer,Blazer,outerwear,,,black,gray,,,all-season,AI-detected Blazer processed on 2025-11-08,black-blazer-1762603127.png,public
Black Blazer,Blazer,outerwear,,,black,gray,,,all-season,AI-detected Blazer processed on 2025-11-08,black-blazer-1762604250.png,public
Black Blazer,Blazer,outerwear,,,black,gray,,,all-season,AI-detected Blazer processed on 2025-11-08,black-blazer-1762604831.png,public
Black Blazer,Blazer,outerwear,,,black,gray,,,all-season,AI-detected Blazer processed on 2025-11-08,black-blazer-1762605112.png,public
Black Blazer,Blazer,outerwear,,,black,gray,,,all-season,AI-detected Blazer processed on 2025-11-08,black-blazer-1762605739.png,public
Black Blazer,Blazer,outerwear,,,black,gray,,,all-season,AI-detected Blazer processed on 2025-11-08,black-blazer-1762605840.png,public
Black Blazer,Blazer,outerwear,,,black,gray|beige,,,all-season,AI-detected Blazer processed on 2025-11-08,black-blazer-1762607332.png,public
Black Blazer,Blazer,outerwear,,,black,gray|maroon,,,all-season,AI-detected Blazer processed on 2025-11-08,black-blazer-1762604393.png,public
Black Blazer,Blazer,outerwear,,,black,gray|olive,,,all-season,AI-detected Blazer processed on 2025-11-08,black-blazer-1762575317.png,public
Black Blazer,Blazer,outerwear,,,black,gray|olive,,,all-season,AI-detected Blazer processed on 2025-11-08,black-blazer-1762588317.png,public
Black Blazer,Blazer,outerwear,,,black,gray|olive,,,all-season,AI-detected Blazer processed on 2025-11-08,black-blazer-1762596066.png,public
Black Blazer,Blazer,outerwear,,,black,maroon|gray,,,all-season,AI-detected Blazer processed on 2025-11-08,black-blazer-1762568752.png,public
Black Blazer,Blazer,outerwear,,,black,navy|beige,,,all-season,AI-detected Blazer processed on 2025-11-08,black-blazer-1762594459.png,public
Black Blazer,Blazer,outerwear,,,black,navy|gray,,,all-season,AI-detected Blazer processed on 2025-11-08,black-blazer-1762590299.png,public
Black Blazer,Blazer,outerwear,,,black,navy|white,,,all-season,AI-detected Blazer processed on 2025-11-08,black-blazer-1762587840.png,public
Black Blazer,Blazer,outerwear,,,black,olive|beige,,,all-season,AI-detected Blazer processed on 2025-11-08,black-blazer-1762592080.png,public
Black Blazer,Blazer,outerwear,,,black,pink,,,all-season,AI-detected Blazer processed on 2025-11-08,black-blazer-1762568821.png,public
Black Blazer,Blazer,outerwear,,,black,pink,,,all-season,AI-detected Blazer processed on 2025-11-08,black-blazer-1762569607.png,public
Black Blazer,Blazer,outerwear,,,black,pink,,,all-season,AI-detected Blazer processed on 2025-11-08,black-blazer-1762571083.png,public
Black Blazer,Blazer,outerwear,,,black,pink,,,all-season,AI-detected Blazer processed on 2025-11-08,black-blazer-1762571187.png,public
Black Blazer,Blazer,outerwear,,,black,pink,,,all-season,AI-detected Blazer processed on 2025-11-08,black-blazer-1762574122.png,public
Black Blazer,Blazer,outerwear,,,black,pink,,,all-season,AI-detected Blazer processed on 2025-11-08,black-blazer-1762575817.png,public
Black Blazer,Blazer,outerwear,,,black,pink,,,all-season,AI-detected Blazer processed on 2025-11-08,black-blazer-1762576690.png,public
Black Blazer,Blazer,outerwear,,,black,pink,,,all-season,AI-detected Blazer processed on 2025-11-08,black-blazer-1762579702.png,public
Black Blazer,Blazer,outerwear,,,black,pink,,,all-season,AI-detected Blazer processed on 2025-11-08,black-blazer-1762579963.png,public
Black Blazer,Blazer,outerwear,,,black,pink,,,all-season,AI-detected Blazer processed on 2025-11-08,black-blazer-1762582334.png,public
Black Blazer,Blazer,outerwear,,,black,pink,,,all-season,AI-detected Blazer processed on 2025-11-08,black-blazer-1762584182.png,public
Black Blazer,Blazer,outerwear,,,black,pink,,,all-season,AI-detected Blazer processed on 2025-11-08,black-blazer-1762587426.png,public
Black Blazer,Blazer,outerwear,,,black,pink,,,all-season,AI-detected Blazer processed on 2025-11-08,black-blazer-1762587476.png,public
Black Blazer,Blazer,outerwear,,,black,pink,,,all-season,AI-detected Blazer processed on 2025-11-08,black-blazer-1762587674.png,public
Black Blazer,Blazer,outerwear,,,black,pink,,,all-season,AI-detected Blazer processed on 2025-11-08,black-blazer-1762589750.png,public
Black Blazer,Blazer,outerwear,,,black,pink,,,all-season,AI-detected Blazer processed on 2025-11-08,black-blazer-1762589846.png,public
Black Blazer,Blazer,outerwear,,,black,pink,,,all-season,AI-detected Blazer processed on 2025-11-08,black-blazer-1762590076.png,public
Black Blazer,Blazer,outerwear,,,black,pink,,,all-season,AI-detected Blazer processed on 2025-11-08,black-blazer-1762593265.png,public
Black Blazer,Blazer,outerwear,,,black,pink,,,all-season,AI-detected Blazer processed on 2025-11-08,black-blazer-1762593808.png,public
Black Blazer,Blazer,outerwear,,,black,pink,,,all-season,AI-detected Blazer processed on 2025-11-08,black-blazer-1762594329.png,public
Black Blazer,Blazer,outerwear,,,black,pink,,,all-season,AI-detected Blazer processed on 2025-11-08,black-blazer-1762599370.png,public
Black Blazer,Blazer,outerwear,,,black,pink,,,all-season,AI-detected Blazer processed on 2025-11-08,black-blazer-1762603673.png,public
Black Blazer,Blazer,outerwear,,,black,pink,,,all-season,AI-detected Blazer processed on 2025-11-08,black-blazer-1762606379.png,public
Black Blazer,Blazer,outerwear,,,black,pink|brown,,,all-season,AI-detected Blazer processed on 2025-11-08,black-blazer-1762595802.png,public
Black Blazer,Blazer,outerwear,,,black,pink|gray,,,all-season,AI-detected Blazer processed on 2025-11-08,black-blazer-1762588472.png,public
Black Blazer,Blazer,outerwear,,,black,teal,,,all-season,AI-detected Blazer processed on 2025-11-08,black-blazer-1762569290.png,public
Black Blazer,Blazer,outerwear,,,black,teal,,,all-season,AI-detected Blazer processed on 2025-11-08,black-blazer-1762579000.png,public
Black Blazer,Blazer,outerwear,,,black,teal,,,all-season,AI-detected Blazer processed on 2025-11-08,black-blazer-1762595984.png,public
Black Blazer,Blazer,outerwear,,,black,teal|pink,,,all-season,AI-detected Blazer processed on 2025-11-08,black-blazer-1762605213.png,public
Black Body,Body,top,,,black,,,,all-season,AI-detected Body processed on 2025-11-08,black-body-1762574857.png,public
Black Body,Body,top,,,black,,,,all-season,AI-detected Body processed on 2025-11-08,black-body-1762583182.png,public
Black Body,Body,top,,,black,,,,all-season,AI-detected Body processed on 2025-11-08,black-body-1762592272.png,public
Black Body,Body,top,,,black,beige,,,all-season,AI-detected Body processed on 2025-11-08,black-body-1762602949.png,public
Black Body,Body,top,,,black,beige|gray,,,all-season,AI-detected Body processed on 2025-11-08,black-body-1762573545.png,public
Black Body,Body,top,,,black,beige|gray,,,all-season,AI-detected Body processed on 2025-11-08,black-body-1762573981.png,public
Black Body,Body,top,,,black,beige|gray,,,all-season,AI-detected Body processed on 2025-11-08,black-body-1762578573.png,public
Black Body,Body,top,,,black,beige|gray,,,all-season,AI-detected Body processed on 2025-11-08,black-body-1762579132.png,public
Black Body,Body,top,,,black,beige|gray,,,all-season,AI-detected Body processed on 2025-11-08,black-body-1762593927.png,public
Black Body,Body,top,,,black,beige|gray,,,all-season,AI-detected Body processed on 2025-11-08,black-body-1762604134.png,public
Black Body,Body,top,,,black,beige|gray,,,all-season,AI-detected Body processed on 2025-11-08,black-body-1762605262.png,public
Black Body,Body,top,,,black,brown,,,all-season,AI-detected Body processed on 2025-11-08,black-body-1762594134.png,public
Black Body,Body,top,,,black,brown,,,all-season,AI-detected Body processed on 2025-11-08,black-body-1762602122.png,public
Black Body,Body,top,,,black,gray,,,all-season,AI-detected Body processed on 2025-11-08,black-body-1762570492.png,public
Black Body,Body,top,,,black,gray,,,all-season,AI-detected Body processed on 2025-11-08,black-body-1762570551.png,public
Black Body,Body,top,,,black,gray,,,all-season,AI-detected Body processed on 2025-11-08,black-body-1762570598.png,public
Black Body,Body,top,,,black,gray,,,all-season,AI-detected Body processed on 2025-11-08,black-body-1762570815.png,public
Black Body,Body,top,,,black,gray,,,all-season,AI-detected Body processed on 2025-11-08,black-body-1762570977.png,public
Black Body,Body,top,,,black,gray,,,all-season,AI-detected Body processed on 2025-11-08,black-body-1762571968.png,public
Black Body,Body,top,,,black,gray,,,all-season,AI-detected Body processed on 2025-11-08,black-body-1762573700.png,public
Black Body,Body,top,,,black,gray,,,all-season,AI-detected Body processed on 2025-11-08,black-body-1762579551.png,public
Black Body,Body,top,,,black,gray,,,all-season,AI-detected Body processed on 2025-11-08,black-body-1762583687.png,public
Black Body,Body,top,,,black,gray,,,all-season,AI-detected Body processed on 2025-11-08,black-body-1762584285.png,public
Black Body,Body,top,,,black,gray,,,all-season,AI-detected Body processed on 2025-11-08,black-body-1762584359.png,public
Black Body,Body,top,,,black,gray,,,all-season,AI-detected Body processed on 2025-11-08,black-body-1762602211.png,public
Black Body,Body,top,,,black,gray,,,all-season,AI-detected Body processed on 2025-11-08,black-body-1762605621.png,public
Black Body,Body,top,,,black,gray|beige,,,all-season,AI-detected Body processed on 2025-11-08,black-body-1762576709.png,public
Black Body,Body,top,,,black,gray|beige,,,all-season,AI-detected Body processed on 2025-11-08,black-body-1762589161.png,public
Black Body,Body,top,,,black,gray|pink,,,all-season,AI-detected Body processed on 2025-11-08,black-body-1762604145.png,public
Black Body,Body,top,,,black,gray|pink,,,all-season,AI-detected Body processed on 2025-11-08,black-body-1762606553.png,public
Black Body,Body,top,,,black,maroon|pink,,,all-season,AI-detected Body processed on 2025-11-08,black-body-1762582903.png,public
Black Body,Body,top,,,black,navy,,,all-season,AI-detected Body processed on 2025-11-08,black-body-1762587060.png,public
Black Body,Body,top,,,black,navy|beige,,,all-season,AI-detected Body processed on 2025-11-08,black-body-1762592919.png,public
Black Body,Body,top,,,black,navy|beige,,,all-season,AI-detected Body processed on 2025-11-08,black-body-1762597780.png,public
Black Body,Body,top,,,black,navy|beige,,,all-season,AI-detected Body processed on 2025-11-08,black-body-1762598040.png,public
Black Body,Body,top,,,black,navy|gray,,,all-season,AI-detected Body processed on 2025-11-08,black-body-1762585036.png,public
Black Body,Body,top,,,black,navy|gray,,,all-season,AI-detected Body processed on 2025-11-08,black-body-1762590764.png,public
Black Body,Body,top,,,black,pink,,,all-season,AI-detected Body processed on 2025-11-08,black-body-1762597056.png,public
Black Body,Body,top,,,black,pink|beige,,,all-season,AI-detected Body processed on 2025-11-08,black-body-1762585499.png,public
Black Body,Body,top,,,black,pink|gray,,,all-season,AI-detected Body processed on 2025-11-08,black-body-1762573972.png,public
Black Body,Body,top,,,black,pink|gray,,,all-season,AI-detected Body processed on 2025-11-08,black-body-1762580304.png,public
Black Body,Body,top,,,black,pink|gray,,,all-season,AI-detected Body processed on 2025-11-08,black-body-1762607027.png,public
Black Body,Body,top,,,black,pink|maroon,,,all-season,AI-detected Body processed on 2025-11-08,black-body-1762587381.png,public
Black Body,Body,top,,,black,teal,,,all-season,AI-detected Body processed on 2025-11-08,black-body-1762571819.png,public
Black Body,Body,top,,,black,teal,,,all-season,AI-detected Body processed on 2025-11-08,black-body-1762572615.png,public
Black Body,Body,top,,,black,teal,,,all-season,AI-detected Body processed on 2025-11-08,black-body-1762572644.png,public
Black Body,Body,top,,,black,teal,,,all-season,AI-detected Body processed on 2025-11-08,black-body-1762572957.png,public
Black Body,Body,top,,,black,teal,,,all-season,AI-detected Body processed on 2025-11-08,black-body-1762593430.png,public
Black Body,Body,top,,,black,teal|navy,,,all-season,AI-detected Body processed on 2025-11-08,black-body-1762604744.png,public
Black Body,Body,top,,,black,teal|navy,,,all-season,AI-detected Body processed on 2025-11-08,black-body-1762607044.png,public
Black Body,Body,top,,,black,teal|navy,,,all-season,AI-detected Body processed on 2025-11-08,black-body-1762607279.png,public
Black Body,Body,top,,,black,teal|pink,,,all-season,AI-detected Body processed on 2025-11-08,black-body-1762583985.png,public
Black Dress,Dress,outerwear,,,black,,,,all-season,AI-detected Dress processed on 2025-11-08,black-dress-1762570081.png,public
Black Dress,Dress,outerwear,,,black,,,,all-season,AI-detected Dress processed on 2025-11-08,black-dress-1762570850.png,public
Black Dress,Dress,outerwear,,,black,,,,all-season,AI-detected Dress processed on 2025-11-08,black-dress-1762570914.png,public
Black Dress,Dress,outerwear,,,black,,,,all-season,AI-detected Dress processed on 2025-11-08,black-dress-1762574265.png,public
Black Dress,Dress,outerwear,,,black,,,,all-season,AI-detected Dress processed on 2025-11-08,black-dress-1762575139.png,public
Black Dress,Dress,outerwear,,,black,,,,all-season,AI-detected Dress processed on 2025-11-08,black-dress-1762580233.png,public
Black Dress,Dress,outerwear,,,black,,,,all-season,AI-detected Dress processed on 2025-11-08,black-dress-1762582212.png,public
Black Dress,Dress,outerwear,,,black,,,,all-season,AI-detected Dress processed on 2025-11-08,black-dress-1762582284.png,public
Black Dress,Dress,outerwear,,,black,,,,all-season,AI-detected Dress processed on 2025-11-08,black-dress-1762584710.png,public
Black Dress,Dress,outerwear,,,black,,,,all-season,AI-detected Dress processed on 2025-11-08,black-dress-1762585305.png,public
Black Dress,Dress,outerwear,,,black,,,,all-season,AI-detected Dress processed on 2025-11-08,black-dress-1762585363.png,public
Black Dress,Dress,outerwear,,,black,,,,all-season,AI-detected Dress processed on 2025-11-08,black-dress-1762585484.png,public
Black Dress,Dress,outerwear,,,black,,,,all-season,AI-detected Dress processed on 2025-11-08,black-dress-1762585578.png,public
Black Dress,Dress,outerwear,,,black,,,,all-season,AI-detected Dress processed on 2025-11-08,black-dress-1762586191.png,public
Black Dress,Dress,outerwear,,,black,,,,all-season,AI-detected Dress processed on 2025-11-08,black-dress-1762588422.png,public
Black Dress,Dress,outerwear,,,black,,,,all-season,AI-detected Dress processed on 2025-11-08,black-dress-1762589889.png,public
Black Dress,Dress,outerwear,,,black,,,,all-season,AI-detected Dress processed on 2025-11-08,black-dress-1762590406.png,public
Black Dress,Dress,outerwear,,,black,,,,all-season,AI-detected Dress processed on 2025-11-08,black-dress-1762590712.png,public
Black Dress,Dress,outerwear,,,black,,,,all-season,AI-detected Dress processed on 2025-11-08,black-dress-1762591371.png,public
Black Dress,Dress,outerwear,,,black,,,,all-season,AI-detected Dress processed on 2025-11-08,black-dress-1762592091.png,public
Black Dress,Dress,outerwear,,,black,,,,all-season,AI-detected Dress processed on 2025-11-08,black-dress-1762592343.png,public
Black Dress,Dress,outerwear,,,black,,,,all-season,AI-detected Dress processed on 2025-11-08,black-dress-1762592524.png,public
Black Dress,Dress,outerwear,,,black,,,,all-season,AI-detected Dress processed on 2025-11-08,black-dress-1762592634.png,public
Black Dress,Dress,outerwear,,,black,,,,all-season,AI-detected Dress processed on 2025-11-08,black-dress-1762592713.png,public
Black Dress,Dress,outerwear,,,black,,,,all-season,AI-detected Dress processed on 2025-11-08,black-dress-1762592735.png,public
Black Dress,Dress,outerwear,,,black,,,,all-season,AI-detected Dress processed on 2025-11-08,black-dress-1762593019.png,public
Black Dress,Dress,outerwear,,,black,,,,all-season,AI-detected Dress processed on 2025-11-08,black-dress-1762593119.png,public
Black Dress,Dress,outerwear,,,black,,,,all-season,AI-detected Dress processed on 2025-11-08,black-dress-1762593505.png,public
Black Dress,Dress,outerwear,,,black,,,,all-season,AI-detected Dress processed on 2025-11-08,black-dress-1762593777.png,public
Black Dress,Dress,outerwear,,,black,,,,all-season,AI-detected Dress processed on 2025-11-08,black-dress-1762594467.png,public
Black Dress,Dress,outerwear,,,black,,,,all-season,AI-detected Dress processed on 2025-11-08,black-dress-1762594547.png,public
Black Dress,Dress,outerwear,,,black,,,,all-season,AI-detected Dress processed on 2025-11-08,black-dress-1762594660.png,public
Black Dress,Dress,outerwear,,,black,,,,all-season,AI-detected Dress processed on 2025-11-08,black-dress-1762596221.png,public
Black Dress,Dress,outerwear,,,black,,,,all-season,AI-detected Dress processed on 2025-11-08,black-dress-1762596387.png,public
Black Dress,Dress,outerwear,,,black,,,,all-season,AI-detected Dress processed on 2025-11-08,black-dress-1762598291.png,public
Black Dress,Dress,outerwear,,,black,,,,all-season,AI-detected Dress processed on 2025-11-08,black-dress-1762598641.png,public
Black Dress,Dress,outerwear,,,black,,,,all-season,AI-detected Dress processed on 2025-11-08,black-dress-1762598856.png,public
Black Dress,Dress,outerwear,,,black,,,,all-season,AI-detected Dress processed on 2025-11-08,black-dress-1762599060.png,public
Black Dress,Dress,outerwear,,,black,,,,all-season,AI-detected Dress processed on 2025-11-08,black-dress-1762599241.png,public
Black Dress,Dress,outerwear,,,black,,,,all-season,AI-detected Dress processed on 2025-11-08,black-dress-1762599423.png,public
Black Dress,Dress,outerwear,,,black,,,,all-season,AI-detected Dress processed on 2025-11-08,black-dress-1762600072.png,public
Black Dress,Dress,outerwear,,,black,,,,all-season,AI-detected Dress processed on 2025-11-08,black-dress-1762600435.png,public
Black Dress,Dress,outerwear,,,black,,,,all-season,AI-detected Dress processed on 2025-11-08,black-dress-1762600942.png,public
Black Dress,Dress,outerwear,,,black,,,,all-season,AI-detected Dress processed on 2025-11-08,black-dress-1762601005.png,public
Black Dress,Dress,outerwear,,,black,,,,all-season,AI-detected Dress processed on 2025-11-08,black-dress-1762601195.png,public
Black Dress,Dress,outerwear,,,black,,,,all-season,AI-detected Dress processed on 2025-11-08,black-dress-1762602264.png,public
Black Dress,Dress,outerwear,,,black,,,,all-season,AI-detected Dress processed on 2025-11-08,black-dress-1762602503.png,public
Black Dress,Dress,outerwear,,,black,,,,all-season,AI-detected Dress processed on 2025-11-08,black-dress-1762602567.png,public
Black Dress,Dress,outerwear,,,black,,,,all-season,AI-detected Dress processed on 2025-11-08,black-dress-1762602612.png,public
Black Dress,Dress,outerwear,,,black,,,,all-season,AI-detected Dress processed on 2025-11-08,black-dress-1762602969.png,public
Black Dress,Dress,outerwear,,,black,,,,all-season,AI-detected Dress processed on 2025-11-08,black-dress-1762604127.png,public
Black Dress,Dress,outerwear,,,black,,,,all-season,AI-detected Dress processed on 2025-11-08,black-dress-1762605255.png,public
Black Dress,Dress,outerwear,,,black,,,,all-season,AI-detected Dress processed on 2025-11-08,black-dress-1762605786.png,public
Black Dress,Dress,outerwear,,,black,,,,all-season,AI-detected Dress processed on 2025-11-08,black-dress-1762606802.png,public
Black Dress,Dress,outerwear,,,black,beige,,,all-season,AI-detected Dress processed on 2025-11-08,black-dress-1762579941.png,public
Black Dress,Dress,outerwear,,,black,beige,,,all-season,AI-detected Dress processed on 2025-11-08,black-dress-1762581207.png,public
Black Dress,Dress,outerwear,,,black,beige,,,all-season,AI-detected Dress processed on 2025-11-08,black-dress-1762592004.png,public
Black Dress,Dress,outerwear,,,black,beige,,,all-season,AI-detected Dress processed on 2025-11-08,black-dress-1762601981.png,public
Black Dress,Dress,outerwear,,,black,beige,,,all-season,AI-detected Dress processed on 2025-11-08,black-dress-1762602360.png,public
Black Dress,Dress,outerwear,,,black,beige|gray,,,all-season,AI-detected Dress processed on 2025-11-08,black-dress-1762575595.png,public
Black Dress,Dress,outerwear,,,black,beige|gray,,,all-season,AI-detected Dress processed on 2025-11-08,black-dress-1762585670.png,public
Black Dress,Dress,outerwear,,,black,beige|gray,,,all-season,AI-detected Dress processed on 2025-11-08,black-dress-1762588583.png,public
Black Dress,Dress,outerwear,,,black,beige|gray,,,all-season,AI-detected Dress processed on 2025-11-08,black-dress-1762589383.png,public
Black Dress,Dress,outerwear,,,black,beige|gray,,,all-season,AI-detected Dress processed on 2025-11-08,black-dress-1762590894.png,public
Black Dress,Dress,outerwear,,,black,beige|gray,,,all-season,AI-detected Dress processed on 2025-11-08,black-dress-1762592000.png,public
Black Dress,Dress,outerwear,,,black,beige|gray,,,all-season,AI-detected Dress processed on 2025-11-08,black-dress-1762596584.png,public
Black Dress,Dress,outerwear,,,black,beige|gray,,,all-season,AI-detected Dress processed on 2025-11-08,black-dress-1762596942.png,public
Black Dress,Dress,outerwear,,,black,beige|gray,,,all-season,AI-detected Dress processed on 2025-11-08,black-dress-1762598615.png,public
Black Dress,Dress,outerwear,,,black,beige|gray,,,all-season,AI-detected Dress processed on 2025-11-08,black-dress-1762606720.png,public
Black Dress,Dress,outerwear,,,black,brown,,,all-season,AI-detected Dress processed on 2025-11-08,black-dress-1762569515.png,public
Black Dress,Dress,outerwear,,,black,brown,,,all-season,AI-detected Dress processed on 2025-11-08,black-dress-1762571478.png,public
Black Dress,Dress,outerwear,,,black,brown,,,all-season,AI-detected Dress processed on 2025-11-08,black-dress-1762573211.png,public
Black Dress,Dress,outerwear,,,black,brown,,,all-season,AI-detected Dress processed on 2025-11-08,black-dress-1762573434.png,public
Black Dress,Dress,outerwear,,,black,brown,,,all-season,AI-detected Dress processed on 2025-11-08,black-dress-1762574286.png,public
Black Dress,Dress,outerwear,,,black,brown,,,all-season,AI-detected Dress processed on 2025-11-08,black-dress-1762574424.png,public
Black Dress,Dress,outerwear,,,black,brown,,,all-season,AI-detected Dress processed on 2025-11-08,black-dress-1762574564.png,public
Black Dress,Dress,outerwear,,,black,brown,,,all-season,AI-detected Dress processed on 2025-11-08,black-dress-1762579969.png,public
Black Dress,Dress,outerwear,,,black,brown,,,all-season,AI-detected Dress processed on 2025-11-08,black-dress-1762586056.png,public
Black Dress,Dress,outerwear,,,black,brown,,,all-season,AI-detected Dress processed on 2025-11-08,black-dress-1762586551.png,public
Black Dress,Dress,outerwear,,,black,brown,,,all-season,AI-detected Dress processed on 2025-11-08,black-dress-1762586958.png,public
Black Dress,Dress,outerwear,,,black,brown,,,all-season,AI-detected Dress processed on 2025-11-08,black-dress-1762587806.png,public
Black Dress,Dress,outerwear,,,black,brown,,,all-season,AI-detected Dress processed on 2025-11-08,black-dress-1762588811.png,public
Black Dress,Dress,outerwear,,,black,brown,,,all-season,AI-detected Dress processed on 2025-11-08,black-dress-1762600158.png,public
Black Dress,Dress,outerwear,,,black,brown,,,all-season,AI-detected Dress processed on 2025-11-08,black-dress-1762600934.png,public
Black Dress,Dress,outerwear,,,black,brown,,,all-season,AI-detected Dress processed on 2025-11-08,black-dress-1762601875.png,public
Black Dress,Dress,outerwear,,,black,brown,,,all-season,AI-detected Dress processed on 2025-11-08,black-dress-1762602655.png,public
Black Dress,Dress,outerwear,,,black,brown,,,all-season,AI-detected Dress processed on 2025-11-08,black-dress-1762603000.png,public
Black Dress,Dress,outerwear,,,black,brown,,,all-season,AI-detected Dress processed on 2025-11-08,black-dress-1762605108.png,public
Black Dress,Dress,outerwear,,,black,brown,,,all-season,AI-detected Dress processed on 2025-11-08,black-dress-1762606900.png,public
Black Dress,Dress,outerwear,,,black,brown|gray,,,all-season,AI-detected Dress processed on 2025-11-08,black-dress-1762573763.png,public
Black Dress,Dress,outerwear,,,black,brown|gray,,,all-season,AI-detected Dress processed on 2025-11-08,black-dress-1762574974.png,public
Black Dress,Dress,outerwear,,,black,brown|gray,,,all-season,AI-detected Dress processed on 2025-11-08,black-dress-1762576635.png,public
Black Dress,Dress,outerwear,,,black,brown|gray,,,all-season,AI-detected Dress processed on 2025-11-08,black-dress-1762579387.png,public
Black Dress,Dress,outerwear,,,black,brown|gray,,,all-season,AI-detected Dress processed on 2025-11-08,black-dress-1762588253.png,public
Black Dress,Dress,outerwear,,,black,brown|gray,,,all-season,AI-detected Dress processed on 2025-11-08,black-dress-1762588681.png,public
Black Dress,Dress,outerwear,,,black,brown|gray,,,all-season,AI-detected Dress processed on 2025-11-08,black-dress-1762592821.png,public
Black Dress,Dress,outerwear,,,black,brown|gray,,,all-season,AI-detected Dress processed on 2025-11-08,black-dress-1762596354.png,public
Black Dress,Dress,outerwear,,,black,brown|pink,,,all-season,AI-detected Dress processed on 2025-11-08,black-dress-1762577947.png,public
Black Dress,Dress,outerwear,,,black,brown|pink,,,all-season,AI-detected Dress processed on 2025-11-08,black-dress-1762580353.png,public
Black Dress,Dress,outerwear,,,black,brown|pink,,,all-season,AI-detected Dress processed on 2025-11-08,black-dress-1762584079.png,public
Black Dress,Dress,outerwear,,,black,brown|pink,,,all-season,AI-detected Dress processed on 2025-11-08,black-dress-1762597860.png,public
Black Dress,Dress,outerwear,,,black,gray,,,all-season,AI-detected Dress processed on 2025-11-08,black-dress-1762568817.png,public
Black Dress,Dress,outerwear,,,black,gray,,,all-season,AI-detected Dress processed on 2025-11-08,black-dress-1762569410.png,public
Black Dress,Dress,outerwear,,,black,gray,,,all-season,AI-detected Dress processed on 2025-11-08,black-dress-1762569694.png,public
Black Dress,Dress,outerwear,,,black,gray,,,all-season,AI-detected Dress processed on 2025-11-08,black-dress-1762570702.png,public
Black Dress,Dress,outerwear,,,black,gray,,,all-season,AI-detected Dress processed on 2025-11-08,black-dress-1762570724.png,public
Black Dress,Dress,outerwear,,,black,gray,,,all-season,AI-detected Dress processed on 2025-11-08,black-dress-1762570727.png,public
Black Dress,Dress,outerwear,,,black,gray,,,all-season,AI-detected Dress processed on 2025-11-08,black-dress-1762570744.png,public
Black Dress,Dress,outerwear,,,black,gray,,,all-season,AI-detected Dress processed on 2025-11-08,black-dress-1762571086.png,public
Black Dress,Dress,outerwear,,,black,gray,,,all-season,AI-detected Dress processed on 2025-11-08,black-dress-1762571109.png,public
Black Dress,Dress,outerwear,,,black,gray,,,all-season,AI-detected Dress processed on 2025-11-08,black-dress-1762571306.png,public
Black Dress,Dress,outerwear,,,black,gray,,,all-season,AI-detected Dress processed on 2025-11-08,black-dress-1762571461.png,public
Black Dress,Dress,outerwear,,,black,gray,,,all-season,AI-detected Dress processed on 2025-11-08,black-dress-1762571793.png,public
Black Dress,Dress,outerwear,,,black,gray,,,all-season,AI-detected Dress processed on 2025-11-08,black-dress-1762572032.png,public
Black Dress,Dress,outerwear,,,black,gray,,,all-season,AI-detected Dress processed on 2025-11-08,black-dress-1762572303.png,public
Black Dress,Dress,outerwear,,,black,gray,,,all-season,AI-detected Dress processed on 2025-11-08,black-dress-1762572330.png,public
Black Dress,Dress,outerwear,,,black,gray,,,all-season,AI-detected Dress processed on 2025-11-08,black-dress-1762572657.png,public
Black Dress,Dress,outerwear,,,black,gray,,,all-season,AI-detected Dress processed on 2025-11-08,black-dress-1762572678.png,public
Black Dress,Dress,outerwear,,,black,gray,,,all-season,AI-detected Dress processed on 2025-11-08,black-dress-1762572774.png,public
Black Dress,Dress,outerwear,,,black,gray,,,all-season,AI-detected Dress processed on 2025-11-08,black-dress-1762573123.png,public
Black Dress,Dress,outerwear,,,black,gray,,,all-season,AI-detected Dress processed on 2025-11-08,black-dress-1762573483.png,public
Black Dress,Dress,outerwear,,,black,gray,,,all-season,AI-detected Dress processed on 2025-11-08,black-dress-1762574071.png,public
Black Dress,Dress,outerwear,,,black,gray,,,all-season,AI-detected Dress processed on 2025-11-08,black-dress-1762574106.png,public
Black Dress,Dress,outerwear,,,black,gray,,,all-season,AI-detected Dress processed on 2025-11-08,black-dress-1762574640.png,public
Black Dress,Dress,outerwear,,,black,gray,,,all-season,AI-detected Dress processed on 2025-11-08,black-dress-1762574722.png,public
Black Dress,Dress,outerwear,,,black,gray,,,all-season,AI-detected Dress processed on 2025-11-08,black-dress-1762574745.png,public
Black Dress,Dress,outerwear,,,black,gray,,,all-season,AI-detected Dress processed on 2025-11-08,black-dress-1762575020.png,public
Black Dress,Dress,outerwear,,,black,gray,,,all-season,AI-detected Dress processed on 2025-11-08,black-dress-1762576261.png,public
Black Dress,Dress,outerwear,,,black,gray,,,all-season,AI-detected Dress processed on 2025-11-08,black-dress-1762577650.png,public
Black Dress,Dress,outerwear,,,black,gray,,,all-season,AI-detected Dress processed on 2025-11-08,black-dress-1762578373.png,public
Black Dress,Dress,outerwear,,,black,gray,,,all-season,AI-detected Dress processed on 2025-11-08,black-dress-1762578562.png,public
Black Dress,Dress,outerwear,,,black,gray,,,all-season,AI-detected Dress processed on 2025-11-08,black-dress-1762578570.png,public
Black Dress,Dress,outerwear,,,black,gray,,,all-season,AI-detected Dress processed on 2025-11-08,black-dress-1762579978.png,public
Black Dress,Dress,outerwear,,,black,gray,,,all-season,AI-detected Dress processed on 2025-11-08,black-dress-1762580784.png,public
Black Dress,Dress,outerwear,,,black,gray,,,all-season,AI-detected Dress processed on 2025-11-08,black-dress-1762581025.png,public
Black Dress,Dress,outerwear,,,black,gray,,,all-season,AI-detected Dress processed on 2025-11-08,black-dress-1762581195.png,public
Black Dress,Dress,outerwear,,,black,gray,,,all-season,AI-detected Dress processed on 2025-11-08,black-dress-1762581407.png,public
Black Dress,Dress,outerwear,,,black,gray,,,all-season,AI-detected Dress processed on 2025-11-08,black-dress-1762582016.png,public
Black Dress,Dress,outerwear,,,black,gray,,,all-season,AI-detected Dress processed on 2025-11-08,black-dress-1762582386.png,public
Black Dress,Dress,outerwear,,,black,gray,,,all-season,AI-detected Dress processed on 2025-11-08,black-dress-1762582470.png,public
Black Dress,Dress,outerwear,,,black,gray,,,all-season,AI-detected Dress processed on 2025-11-08,black-dress-1762582602.png,public
Black Dress,Dress,outerwear,,,black,gray,,,all-season,AI-detected Dress processed on 2025-11-08,black-dress-1762583568.png,public
Black Dress,Dress,outerwear,,,black,gray,,,all-season,AI-detected Dress processed on 2025-11-08,black-dress-1762584951.png,public
Black Dress,Dress,outerwear,,,black,gray,,,all-season,AI-detected Dress processed on 2025-11-08,black-dress-1762585177.png,public
Black Dress,Dress,outerwear,,,black,gray,,,all-season,AI-detected Dress processed on 2025-11-08,black-dress-1762585641.png,public
Black Dress,Dress,outerwear,,,black,gray,,,all-season,AI-detected Dress processed on 2025-11-08,black-dress-1762585726.png,public
Black Dress,Dress,outerwear,,,black,gray,,,all-season,AI-detected Dress processed on 2025-11-08,black-dress-1762585972.png,public
Black Dress,Dress,outerwear,,,black,gray,,,all-season,AI-detected Dress processed on 2025-11-08,black-dress-1762586025.png,public
Black Dress,Dress,outerwear,,,black,gray,,,all-season,AI-detected Dress processed on 2025-11-08,black-dress-1762586115.png,public
Black Dress,Dress,outerwear,,,black,gray,,,all-season,AI-detected Dress processed on 2025-11-08,black-dress-1762586543.png,public
Black Dress,Dress,outerwear,,,black,gray,,,all-season,AI-detected Dress processed on 2025-11-08,black-dress-1762587517.png,public
Black Dress,Dress,outerwear,,,black,gray,,,all-season,AI-detected Dress processed on 2025-11-08,black-dress-1762587781.png,public
Black Dress,Dress,outerwear,,,black,gray,,,all-season,AI-detected Dress processed on 2025-11-08,black-dress-1762587833.png,public
Black Dress,Dress,outerwear,,,black,gray,,,all-season,AI-detected Dress processed on 2025-11-08,black-dress-1762588497.png,public
Black Dress,Dress,outerwear,,,black,gray,,,all-season,AI-detected Dress processed on 2025-11-08,black-dress-1762588992.png,public
Black Dress,Dress,outerwear,,,black,gray,,,all-season,AI-detected Dress processed on 2025-11-08,black-dress-1762589165.png,public
Black Dress,Dress,outerwear,,,black,gray,,,all-season,AI-detected Dress processed on 2025-11-08,black-dress-1762589250.png,public
Black Dress,Dress,outerwear,,,black,gray,,,all-season,AI-detected Dress processed on 2025-11-08,black-dress-1762589319.png,public
Black Dress,Dress,outerwear,,,black,gray,,,all-season,AI-detected Dress processed on 2025-11-08,black-dress-1762589335.png,public
Black Dress,Dress,outerwear,,,black,gray,,,all-season,AI-detected Dress processed on 2025-11-08,black-dress-1762589407.png,public
Black Dress,Dress,outerwear,,,black,gray,,,all-season,AI-detected Dress processed on 2025-11-08,black-dress-1762589432.png,public
Black Dress,Dress,outerwear,,,black,gray,,,all-season,AI-detected Dress processed on 2025-11-08,black-dress-1762590113.png,public
Black Dress,Dress,outerwear,,,black,gray,,,all-season,AI-detected Dress processed on 2025-11-08,black-dress-1762590429.png,public
Black Dress,Dress,outerwear,,,black,gray,,,all-season,AI-detected Dress processed on 2025-11-08,black-dress-1762590649.png,public
Black Dress,Dress,outerwear,,,black,gray,,,all-season,AI-detected Dress processed on 2025-11-08,black-dress-1762590869.png,public
Black Dress,Dress,outerwear,,,black,gray,,,all-season,AI-detected Dress processed on 2025-11-08,black-dress-1762590997.png,public
Black Dress,Dress,outerwear,,,black,gray,,,all-season,AI-detected Dress processed on 2025-11-08,black-dress-1762591458.png,public
Black Dress,Dress,outerwear,,,black,gray,,,all-season,AI-detected Dress processed on 2025-11-08,black-dress-1762591829.png,public
Black Dress,Dress,outerwear,,,black,gray,,,all-season,AI-detected Dress processed on 2025-11-08,black-dress-1762592086.png,public
Black Dress,Dress,outerwear,,,black,gray,,,all-season,AI-detected Dress processed on 2025-11-08,black-dress-1762592119.png,public
Black Dress,Dress,outerwear,,,black,gray,,,all-season,AI-detected Dress processed on 2025-11-08,black-dress-1762592620.png,public
Black Dress,Dress,outerwear,,,black,gray,,,all-season,AI-detected Dress processed on 2025-11-08,black-dress-1762592704.png,public
Black Dress,Dress,outerwear,,,black,gray,,,all-season,AI-detected Dress processed on 2025-11-08,black-dress-1762593253.png,public
Black Dress,Dress,outerwear,,,black,gray,,,all-season,AI-detected Dress processed on 2025-11-08,black-dress-1762593363.png,public
Black Dress,Dress,outerwear,,,black,gray,,,all-season,AI-detected Dress processed on 2025-11-08,black-dress-1762594008.png,public
Black Dress,Dress,outerwear,,,black,gray,,,all-season,AI-detected Dress processed on 2025-11-08,black-dress-1762594241.png,public
Black Dress,Dress,outerwear,,,black,gray,,,all-season,AI-detected Dress processed on 2025-11-08,black-dress-1762594504.png,public
Black Dress,Dress,outerwear,,,black,gray,,,all-season,AI-detected Dress processed on 2025-11-08,black-dress-1762594895.png,public
Black Dress,Dress,outerwear,,,black,gray,,,all-season,AI-detected Dress processed on 2025-11-08,black-dress-1762595187.png,public
Black Dress,Dress,outerwear,,,black,gray,,,all-season,AI-detected Dress processed on 2025-11-08,black-dress-1762595683.png,public
Black Dress,Dress,outerwear,,,black,gray,,,all-season,AI-detected Dress processed on 2025-11-08,black-dress-1762596217.png,public
Black Dress,Dress,outerwear,,,black,gray,,,all-season,AI-detected Dress processed on 2025-11-08,black-dress-1762597026.png,public
Black Dress,Dress,outerwear,,,black,gray,,,all-season,AI-detected Dress processed on 2025-11-08,black-dress-1762597071.png,public
Black Dress,Dress,outerwear,,,black,gray,,,all-season,AI-detected Dress processed on 2025-11-08,black-dress-1762597185.png,public
Black Dress,Dress,outerwear,,,black,gray,,,all-season,AI-detected Dress processed on 2025-11-08,black-dress-1762597251.png,public
Black Dress,Dress,outerwear,,,black,gray,,,all-season,AI-detected Dress processed on 2025-11-08,black-dress-1762597406.png,public
Black Dress,Dress,outerwear,,,black,gray,,,all-season,AI-detected Dress processed on 2025-11-08,black-dress-1762597979.png,public
Black Dress,Dress,outerwear,,,black,gray,,,all-season,AI-detected Dress processed on 2025-11-08,black-dress-1762598033.png,public
Black Dress,Dress,outerwear,,,black,gray,,,all-season,AI-detected Dress processed on 2025-11-08,black-dress-1762598214.png,public
Black Dress,Dress,outerwear,,,black,gray,,,all-season,AI-detected Dress processed on 2025-11-08,black-dress-1762598539.png,public
Black Dress,Dress,outerwear,,,black,gray,,,all-season,AI-detected Dress processed on 2025-11-08,black-dress-1762599118.png,public
Black Dress,Dress,outerwear,,,black,gray,,,all-season,AI-detected Dress processed on 2025-11-08,black-dress-1762599458.png,public
Black Dress,Dress,outerwear,,,black,gray,,,all-season,AI-detected Dress processed on 2025-11-08,black-dress-1762600874.png,public
Black Dress,Dress,outerwear,,,black,gray,,,all-season,AI-detected Dress processed on 2025-11-08,black-dress-1762601267.png,public
Black Dress,Dress,outerwear,,,black,gray,,,all-season,AI-detected Dress processed on 2025-11-08,black-dress-1762601552.png,public
Black Dress,Dress,outerwear,,,black,gray,,,all-season,AI-detected Dress processed on 2025-11-08,black-dress-1762601566.png,public
Black Dress,Dress,outerwear,,,black,gray,,,all-season,AI-detected Dress processed on 2025-11-08,black-dress-1762602083.png,public
Black Dress,Dress,outerwear,,,black,gray,,,all-season,AI-detected Dress processed on 2025-11-08,black-dress-1762602861.png,public
Black Dress,Dress,outerwear,,,black,gray,,,all-season,AI-detected Dress processed on 2025-11-08,black-dress-1762602865.png,public
Black Dress,Dress,outerwear,,,black,gray,,,all-season,AI-detected Dress processed on 2025-11-08,black-dress-1762603272.png,public
Black Dress,Dress,outerwear,,,black,gray,,,all-season,AI-detected Dress processed on 2025-11-08,black-dress-1762603406.png,public
Black Dress,Dress,outerwear,,,black,gray,,,all-season,AI-detected Dress processed on 2025-11-08,black-dress-1762605237.png,public
Black Dress,Dress,outerwear,,,black,gray,,,all-season,AI-detected Dress processed on 2025-11-08,black-dress-1762605608.png,public
Black Dress,Dress,outerwear,,,black,gray,,,all-season,AI-detected Dress processed on 2025-11-08,black-dress-1762606088.png,public
Black Dress,Dress,outerwear,,,black,gray,,,all-season,AI-detected Dress processed on 2025-11-08,black-dress-1762606206.png,public
Black Dress,Dress,outerwear,,,black,gray,,,all-season,AI-detected Dress processed on 2025-11-08,black-dress-1762606230.png,public
Black Dress,Dress,outerwear,,,black,gray,,,all-season,AI-detected Dress processed on 2025-11-08,black-dress-1762607368.png,public
Black Dress,Dress,outerwear,,,black,gray,,,all-season,AI-detected Dress processed on 2025-11-08,black-dress-1762607406.png,public
Black Dress,Dress,outerwear,,,black,gray,,,all-season,AI-detected Dress processed on 2025-11-08,black-dress-1762607560.png,public
Black Dress,Dress,outerwear,,,black,gray|beige,,,all-season,AI-detected Dress processed on 2025-11-08,black-dress-1762580871.png,public
Black Dress,Dress,outerwear,,,black,gray|beige,,,all-season,AI-detected Dress processed on 2025-11-08,black-dress-1762581084.png,public
Black Dress,Dress,outerwear,,,black,gray|beige,,,all-season,AI-detected Dress processed on 2025-11-08,black-dress-1762582618.png,public
Black Dress,Dress,outerwear,,,black,gray|brown,,,all-season,AI-detected Dress processed on 2025-11-08,black-dress-1762572040.png,public
Black Dress,Dress,outerwear,,,black,gray|brown,,,all-season,AI-detected Dress processed on 2025-11-08,black-dress-1762573410.png,public
Black Dress,Dress,outerwear,,,black,gray|brown,,,all-season,AI-detected Dress processed on 2025-11-08,black-dress-1762587584.png,public
Black Dress,Dress,outerwear,,,black,gray|brown,,,all-season,AI-detected Dress processed on 2025-11-08,black-dress-1762595821.png,public
Black Dress,Dress,outerwear,,,black,gray|brown,,,all-season,AI-detected Dress processed on 2025-11-08,black-dress-1762596371.png,public
Black Dress,Dress,outerwear,,,black,gray|brown,,,all-season,AI-detected Dress processed on 2025-11-08,black-dress-1762604794.png,public
Black Dress,Dress,outerwear,,,black,gray|pink,,,all-season,AI-detected Dress processed on 2025-11-08,black-dress-1762575328.png,public
Black Dress,Dress,outerwear,,,black,gray|pink,,,all-season,AI-detected Dress processed on 2025-11-08,black-dress-1762581239.png,public
Black Dress,Dress,outerwear,,,black,gray|pink,,,all-season,AI-detected Dress processed on 2025-11-08,black-dress-1762581768.png,public
Black Dress,Dress,outerwear,,,black,gray|pink,,,all-season,AI-detected Dress processed on 2025-11-08,black-dress-1762584393.png,public
Black Dress,Dress,outerwear,,,black,gray|pink,,,all-season,AI-detected Dress processed on 2025-11-08,black-dress-1762587528.png,public
Black Dress,Dress,outerwear,,,black,gray|pink,,,all-season,AI-detected Dress processed on 2025-11-08,black-dress-1762592814.png,public
Black Dress,Dress,outerwear,,,black,gray|pink,,,all-season,AI-detected Dress processed on 2025-11-08,black-dress-1762595796.png,public
Black Dress,Dress,outerwear,,,black,gray|pink,,,all-season,AI-detected Dress processed on 2025-11-08,black-dress-1762603810.png,public
Black Dress,Dress,outerwear,,,black,gray|teal,,,all-season,AI-detected Dress processed on 2025-11-08,black-dress-1762588674.png,public
Black Dress,Dress,outerwear,,,black,maroon,,,all-season,AI-detected Dress processed on 2025-11-08,black-dress-1762574430.png,public
Black Dress,Dress,outerwear,,,black,maroon,,,all-season,AI-detected Dress processed on 2025-11-08,black-dress-1762593726.png,public
Black Dress,Dress,outerwear,,,black,maroon,,,all-season,AI-detected Dress processed on 2025-11-08,black-dress-1762595785.png,public
Black Dress,Dress,outerwear,,,black,maroon,,,all-season,AI-detected Dress processed on 2025-11-08,black-dress-1762601170.png,public
Black Dress,Dress,outerwear,,,black,maroon|brown,,,all-season,AI-detected Dress processed on 2025-11-08,black-dress-1762570872.png,public
Black Dress,Dress,outerwear,,,black,maroon|brown,,,all-season,AI-detected Dress processed on 2025-11-08,black-dress-1762587844.png,public
Black Dress,Dress,outerwear,,,black,maroon|brown,,,all-season,AI-detected Dress processed on 2025-11-08,black-dress-1762587948.png,public
Black Dress,Dress,outerwear,,,black,maroon|brown,,,all-season,AI-detected Dress processed on 2025-11-08,black-dress-1762588902.png,public
Black Dress,Dress,outerwear,,,black,maroon|brown,,,all-season,AI-detected Dress processed on 2025-11-08,black-dress-1762589003.png,public
Black Dress,Dress,outerwear,,,black,maroon|brown,,,all-season,AI-detected Dress processed on 2025-11-08,black-dress-1762589272.png,public
Black Dress,Dress,outerwear,,,black,maroon|brown,,,all-season,AI-detected Dress processed on 2025-11-08,black-dress-1762592964.png,public
Black Dress,Dress,outerwear,,,black,maroon|gray,,,all-season,AI-detected Dress processed on 2025-11-08,black-dress-1762573114.png,public
Black Dress,Dress,outerwear,,,black,maroon|purple,,,all-season,AI-detected Dress processed on 2025-11-08,black-dress-1762586309.png,public
Black Dress,Dress,outerwear,,,black,navy,,,all-season,AI-detected Dress processed on 2025-11-08,black-dress-1762576382.png,public
Black Dress,Dress,outerwear,,,black,navy,,,all-season,AI-detected Dress processed on 2025-11-08,black-dress-1762590322.png,public
Black Dress,Dress,outerwear,,,black,navy,,,all-season,AI-detected Dress processed on 2025-11-08,black-dress-1762598900.png,public
Black Dress,Dress,outerwear,,,black,navy|gray,,,all-season,AI-detected Dress processed on 2025-11-08,black-dress-1762580566.png,public
Black Dress,Dress,outerwear,,,black,navy|pink,,,all-season,AI-detected Dress processed on 2025-11-08,black-dress-1762591973.png,public
Black Dress,Dress,outerwear,,,black,navy|pink,,,all-season,AI-detected Dress processed on 2025-11-08,black-dress-1762598129.png,public
Black Dress,Dress,outerwear,,,black,olive|gray,,,all-season,AI-detected Dress processed on 2025-11-08,black-dress-1762601111.png,public
Black Dress,Dress,outerwear,,,black,orange,,,all-season,AI-detected Dress processed on 2025-11-08,black-dress-1762571645.png,public
Black Dress,Dress,outerwear,,,black,orange,,,all-season,AI-detected Dress processed on 2025-11-08,black-dress-1762594060.png,public
Black Dress,Dress,outerwear,,,black,pink,,,all-season,AI-detected Dress processed on 2025-11-08,black-dress-1762568655.png,public
Black Dress,Dress,outerwear,,,black,pink,,,all-season,AI-detected Dress processed on 2025-11-08,black-dress-1762570023.png,public
Black Dress,Dress,outerwear,,,black,pink,,,all-season,AI-detected Dress processed on 2025-11-08,black-dress-1762571622.png,public
Black Dress,Dress,outerwear,,,black,pink,,,all-season,AI-detected Dress processed on 2025-11-08,black-dress-1762572357.png,public
Black Dress,Dress,outerwear,,,black,pink,,,all-season,AI-detected Dress processed on 2025-11-08,black-dress-1762580014.png,public
Black Dress,Dress,outerwear,,,black,pink,,,all-season,AI-detected Dress processed on 2025-11-08,black-dress-1762581740.png,public
Black Dress,Dress,outerwear,,,black,pink,,,all-season,AI-detected Dress processed on 2025-11-08,black-dress-1762592141.png,public
Black Dress,Dress,outerwear,,,black,pink,,,all-season,AI-detected Dress processed on 2025-11-08,black-dress-1762594272.png,public
Black Dress,Dress,outerwear,,,black,pink,,,all-season,AI-detected Dress processed on 2025-11-08,black-dress-1762594586.png,public
Black Dress,Dress,outerwear,,,black,pink,,,all-season,AI-detected Dress processed on 2025-11-08,black-dress-1762594822.png,public
Black Dress,Dress,outerwear,,,black,pink,,,all-season,AI-detected Dress processed on 2025-11-08,black-dress-1762601274.png,public
Black Dress,Dress,outerwear,,,black,pink,,,all-season,AI-detected Dress processed on 2025-11-08,black-dress-1762602907.png,public
Black Dress,Dress,outerwear,,,black,pink|brown,,,all-season,AI-detected Dress processed on 2025-11-08,black-dress-1762570685.png,public
Black Dress,Dress,outerwear,,,black,pink|brown,,,all-season,AI-detected Dress processed on 2025-11-08,black-dress-1762583360.png,public
Black Dress,Dress,outerwear,,,black,pink|gray,,,all-season,AI-detected Dress processed on 2025-11-08,black-dress-1762568597.png,public
Black Dress,Dress,outerwear,,,black,pink|gray,,,all-season,AI-detected Dress processed on 2025-11-08,black-dress-1762569935.png,public
Black Dress,Dress,outerwear,,,black,pink|gray,,,all-season,AI-detected Dress processed on 2025-11-08,black-dress-1762570768.png,public
Black Dress,Dress,outerwear,,,black,pink|gray,,,all-season,AI-detected Dress processed on 2025-11-08,black-dress-1762572157.png,public
Black Dress,Dress,outerwear,,,black,pink|gray,,,all-season,AI-detected Dress processed on 2025-11-08,black-dress-1762573219.png,public
Black Dress,Dress,outerwear,,,black,pink|gray,,,all-season,AI-detected Dress processed on 2025-11-08,black-dress-1762575321.png,public
Black Dress,Dress,outerwear,,,black,pink|gray,,,all-season,AI-detected Dress processed on 2025-11-08,black-dress-1762575454.png,public
Black Dress,Dress,outerwear,,,black,pink|gray,,,all-season,AI-detected Dress processed on 2025-11-08,black-dress-1762577982.png,public
Black Dress,Dress,outerwear,,,black,pink|gray,,,all-season,AI-detected Dress processed on 2025-11-08,black-dress-1762580890.png,public
Black Dress,Dress,outerwear,,,black,pink|gray,,,all-season,AI-detected Dress processed on 2025-11-08,black-dress-1762590696.png,public
Black Dress,Dress,outerwear,,,black,pink|gray,,,all-season,AI-detected Dress processed on 2025-11-08,black-dress-1762591677.png,public
Black Dress,Dress,outerwear,,,black,pink|gray,,,all-season,AI-detected Dress processed on 2025-11-08,black-dress-1762594486.png,public
Black Dress,Dress,outerwear,,,black,pink|gray,,,all-season,AI-detected Dress processed on 2025-11-08,black-dress-1762597769.png,public
Black Dress,Dress,outerwear,,,black,pink|gray,,,all-season,AI-detected Dress processed on 2025-11-08,black-dress-1762603999.png,public
Black Dress,Dress,outerwear,,,black,pink|gray,,,all-season,AI-detected Dress processed on 2025-11-08,black-dress-1762604141.png,public
Black Dress,Dress,outerwear,,,black,purple,,,all-season,AI-detected Dress processed on 2025-11-08,black-dress-1762586407.png,public
Black Dress,Dress,outerwear,,,black,purple,,,all-season,AI-detected Dress processed on 2025-11-08,black-dress-1762594321.png,public
Black Dress,Dress,outerwear,,,black,purple,,,all-season,AI-detected Dress processed on 2025-11-08,black-dress-1762603891.png,public
Black Dress,Dress,outerwear,,,black,teal,,,all-season,AI-detected Dress processed on 2025-11-08,black-dress-1762579105.png,public
Black Dress,Dress,outerwear,,,black,teal,,,all-season,AI-detected Dress processed on 2025-11-08,black-dress-1762584188.png,public
Black Dress,Dress,outerwear,,,black,teal,,,all-season,AI-detected Dress processed on 2025-11-08,black-dress-1762586124.png,public
Black Dress,Dress,outerwear,,,black,teal,,,all-season,AI-detected Dress processed on 2025-11-08,black-dress-1762586855.png,public
Black Dress,Dress,outerwear,,,black,teal,,,all-season,AI-detected Dress processed on 2025-11-08,black-dress-1762587923.png,public
Black Dress,Dress,outerwear,,,black,teal,,,all-season,AI-detected Dress processed on 2025-11-08,black-dress-1762593335.png,public
Black Dress,Dress,outerwear,,,black,teal,,,all-season,AI-detected Dress processed on 2025-11-08,black-dress-1762601772.png,public
Black Dress,Dress,outerwear,,,black,white,,,all-season,AI-detected Dress processed on 2025-11-08,black-dress-1762596248.png,public
Black Dress,Dress,outerwear,,,black,white,,,all-season,AI-detected Dress processed on 2025-11-08,black-dress-1762600849.png,public
Black Hat,Hat,accessory,,,black,,,,all-season,AI-detected Hat processed on 2025-11-08,black-hat-1762568972.png,public
Black Hat,Hat,accessory,,,black,,,,all-season,AI-detected Hat processed on 2025-11-08,black-hat-1762569016.png,public
Black Hat,Hat,accessory,,,black,,,,all-season,AI-detected Hat processed on 2025-11-08,black-hat-1762569108.png,public
Black Hat,Hat,accessory,,,black,,,,all-season,AI-detected Hat processed on 2025-11-08,black-hat-1762569239.png,public
Black Hat,Hat,accessory,,,black,,,,all-season,AI-detected Hat processed on 2025-11-08,black-hat-1762569252.png,public
Black Hat,Hat,accessory,,,black,,,,all-season,AI-detected Hat processed on 2025-11-08,black-hat-1762569297.png,public
Black Hat,Hat,accessory,,,black,,,,all-season,AI-detected Hat processed on 2025-11-08,black-hat-1762569423.png,public
Black Hat,Hat,accessory,,,black,,,,all-season,AI-detected Hat processed on 2025-11-08,black-hat-1762569542.png,public
Black Hat,Hat,accessory,,,black,,,,all-season,AI-detected Hat processed on 2025-11-08,black-hat-1762569773.png,public
Black Hat,Hat,accessory,,,black,,,,all-season,AI-detected Hat processed on 2025-11-08,black-hat-1762569838.png,public
Black Hat,Hat,accessory,,,black,,,,all-season,AI-detected Hat processed on 2025-11-08,black-hat-1762569909.png,public
Black Hat,Hat,accessory,,,black,,,,all-season,AI-detected Hat processed on 2025-11-08,black-hat-1762569915.png,public
Black Hat,Hat,accessory,,,black,,,,all-season,AI-detected Hat processed on 2025-11-08,black-hat-1762570321.png,public
Black Hat,Hat,accessory,,,black,,,,all-season,AI-detected Hat processed on 2025-11-08,black-hat-1762570532.png,public
Black Hat,Hat,accessory,,,black,,,,all-season,AI-detected Hat processed on 2025-11-08,black-hat-1762570618.png,public
Black Hat,Hat,accessory,,,black,,,,all-season,AI-detected Hat processed on 2025-11-08,black-hat-1762570941.png,public
Black Hat,Hat,accessory,,,black,,,,all-season,AI-detected Hat processed on 2025-11-08,black-hat-1762571180.png,public
Black Hat,Hat,accessory,,,black,,,,all-season,AI-detected Hat processed on 2025-11-08,black-hat-1762571260.png,public
Black Hat,Hat,accessory,,,black,,,,all-season,AI-detected Hat processed on 2025-11-08,black-hat-1762571287.png,public
Black Hat,Hat,accessory,,,black,,,,all-season,AI-detected Hat processed on 2025-11-08,black-hat-1762571366.png,public
Black Hat,Hat,accessory,,,black,,,,all-season,AI-detected Hat processed on 2025-11-08,black-hat-1762571391.png,public
Black Hat,Hat,accessory,,,black,,,,all-season,AI-detected Hat processed on 2025-11-08,black-hat-1762571488.png,public
Black Hat,Hat,accessory,,,black,,,,all-season,AI-detected Hat processed on 2025-11-08,black-hat-1762571619.png,public
Black Hat,Hat,accessory,,,black,,,,all-season,AI-detected Hat processed on 2025-11-08,black-hat-1762571692.png,public
Black Hat,Hat,accessory,,,black,,,,all-season,AI-detected Hat processed on 2025-11-08,black-hat-1762571733.png,public
Black Hat,Hat,accessory,,,black,,,,all-season,AI-detected Hat processed on 2025-11-08,black-hat-1762571770.png,public
Black Hat,Hat,accessory,,,black,,,,all-season,AI-detected Hat processed on 2025-11-08,black-hat-1762571795.png,public
Black Hat,Hat,accessory,,,black,,,,all-season,AI-detected Hat processed on 2025-11-08,black-hat-1762571854.png,public
Black Hat,Hat,accessory,,,black,,,,all-season,AI-detected Hat processed on 2025-11-08,black-hat-1762571877.png,public
Black Hat,Hat,accessory,,,black,,,,all-season,AI-detected Hat processed on 2025-11-08,black-hat-1762572273.png,public
Black Hat,Hat,accessory,,,black,,,,all-season,AI-detected Hat processed on 2025-11-08,black-hat-1762572287.png,public
Black Hat,Hat,accessory,,,black,,,,all-season,AI-detected Hat processed on 2025-11-08,black-hat-1762572660.png,public
Black Hat,Hat,accessory,,,black,,,,all-season,AI-detected Hat processed on 2025-11-08,black-hat-1762572740.png,public
Black Hat,Hat,accessory,,,black,,,,all-season,AI-detected Hat processed on 2025-11-08,black-hat-1762572916.png,public
Black Hat,Hat,accessory,,,black,,,,all-season,AI-detected Hat processed on 2025-11-08,black-hat-1762573169.png,public
Black Hat,Hat,accessory,,,black,,,,all-season,AI-detected Hat processed on 2025-11-08,black-hat-1762573188.png,public
Black Hat,Hat,accessory,,,black,,,,all-season,AI-detected Hat processed on 2025-11-08,black-hat-1762573382.png,public
Black Hat,Hat,accessory,,,black,,,,all-season,AI-detected Hat processed on 2025-11-08,black-hat-1762573513.png,public
Black Hat,Hat,accessory,,,black,,,,all-season,AI-detected Hat processed on 2025-11-08,black-hat-1762573539.png,public
Black Hat,Hat,accessory,,,black,,,,all-season,AI-detected Hat processed on 2025-11-08,black-hat-1762573675.png,public
Black Hat,Hat,accessory,,,black,,,,all-season,AI-detected Hat processed on 2025-11-08,black-hat-1762573866.png,public
Black Hat,Hat,accessory,,,black,,,,all-season,AI-detected Hat processed on 2025-11-08,black-hat-1762573893.png,public
Black Hat,Hat,accessory,,,black,,,,all-season,AI-detected Hat processed on 2025-11-08,black-hat-1762574103.png,public
Black Hat,Hat,accessory,,,black,,,,all-season,AI-detected Hat processed on 2025-11-08,black-hat-1762574220.png,public
Black Hat,Hat,accessory,,,black,,,,all-season,AI-detected Hat processed on 2025-11-08,black-hat-1762574414.png,public
Black Hat,Hat,accessory,,,black,,,,all-season,AI-detected Hat processed on 2025-11-08,black-hat-1762574504.png,public
Black Hat,Hat,accessory,,,black,,,,all-season,AI-detected Hat processed on 2025-11-08,black-hat-1762574569.png,public
Black Hat,Hat,accessory,,,black,,,,all-season,AI-detected Hat processed on 2025-11-08,black-hat-1762574620.png,public
Black Hat,Hat,accessory,,,black,,,,all-season,AI-detected Hat processed on 2025-11-08,black-hat-1762574713.png,public
Black Hat,Hat,accessory,,,black,,,,all-season,AI-detected Hat processed on 2025-11-08,black-hat-1762574732.png,public
Black Hat,Hat,accessory,,,black,,,,all-season,AI-detected Hat processed on 2025-11-08,black-hat-1762574755.png,public
Black Hat,Hat,accessory,,,black,,,,all-season,AI-detected Hat processed on 2025-11-08,black-hat-1762574797.png,public
Black Hat,Hat,accessory,,,black,,,,all-season,AI-detected Hat processed on 2025-11-08,black-hat-1762574928.png,public
Black Hat,Hat,accessory,,,black,,,,all-season,AI-detected Hat processed on 2025-11-08,black-hat-1762575052.png,public
Black Hat,Hat,accessory,,,black,,,,all-season,AI-detected Hat processed on 2025-11-08,black-hat-1762575207.png,public
Black Hat,Hat,accessory,,,black,,,,all-season,AI-detected Hat processed on 2025-11-08,black-hat-1762575289.png,public
Black Hat,Hat,accessory,,,black,,,,all-season,AI-detected Hat processed on 2025-11-08,black-hat-1762575411.png,public
Black Hat,Hat,accessory,,,black,,,,all-season,AI-detected Hat processed on 2025-11-08,black-hat-1762575569.png,public
Black Hat,Hat,accessory,,,black,,,,all-season,AI-detected Hat processed on 2025-11-08,black-hat-1762576033.png,public
Black Hat,Hat,accessory,,,black,,,,all-season,AI-detected Hat processed on 2025-11-08,black-hat-1762576145.png,public
Black Hat,Hat,accessory,,,black,,,,all-season,AI-detected Hat processed on 2025-11-08,black-hat-1762576245.png,public
Black Hat,Hat,accessory,,,black,,,,all-season,AI-detected Hat processed on 2025-11-08,black-hat-1762576471.png,public
Black Hat,Hat,accessory,,,black,,,,all-season,AI-detected Hat processed on 2025-11-08,black-hat-1762576580.png,public
Black Hat,Hat,accessory,,,black,,,,all-season,AI-detected Hat processed on 2025-11-08,black-hat-1762576630.png,public
Black Hat,Hat,accessory,,,black,,,,all-season,AI-detected Hat processed on 2025-11-08,black-hat-1762577770.png,public
Black Hat,Hat,accessory,,,black,,,,all-season,AI-detected Hat processed on 2025-11-08,black-hat-1762577837.png,public
Black Hat,Hat,accessory,,,black,,,,all-season,AI-detected Hat processed on 2025-11-08,black-hat-1762577938.png,public
Black Hat,Hat,accessory,,,black,,,,all-season,AI-detected Hat processed on 2025-11-08,black-hat-1762578009.png,public
Black Hat,Hat,accessory,,,black,,,,all-season,AI-detected Hat processed on 2025-11-08,black-hat-1762578238.png,public
Black Hat,Hat,accessory,,,black,,,,all-season,AI-detected Hat processed on 2025-11-08,black-hat-1762578304.png,public
Black Hat,Hat,accessory,,,black,,,,all-season,AI-detected Hat processed on 2025-11-08,black-hat-1762578644.png,public
Black Hat,Hat,accessory,,,black,,,,all-season,AI-detected Hat processed on 2025-11-08,black-hat-1762579071.png,public
Black Hat,Hat,accessory,,,black,,,,all-season,AI-detected Hat processed on 2025-11-08,black-hat-1762579083.png,public
Black Hat,Hat,accessory,,,black,,,,all-season,AI-detected Hat processed on 2025-11-08,black-hat-1762579233.png,public
Black Hat,Hat,accessory,,,black,,,,all-season,AI-detected Hat processed on 2025-11-08,black-hat-1762579461.png,public
Black Hat,Hat,accessory,,,black,,,,all-season,AI-detected Hat processed on 2025-11-08,black-hat-1762579557.png,public
Black Hat,Hat,accessory,,,black,,,,all-season,AI-detected Hat processed on 2025-11-08,black-hat-1762579898.png,public
Black Hat,Hat,accessory,,,black,,,,all-season,AI-detected Hat processed on 2025-11-08,black-hat-1762579925.png,public
Black Hat,Hat,accessory,,,black,,,,all-season,AI-detected Hat processed on 2025-11-08,black-hat-1762580061.png,public
Black Hat,Hat,accessory,,,black,,,,all-season,AI-detected Hat processed on 2025-11-08,black-hat-1762580140.png,public
Black Hat,Hat,accessory,,,black,,,,all-season,AI-detected Hat processed on 2025-11-08,black-hat-1762580469.png,public
Black Hat,Hat,accessory,,,black,,,,all-season,AI-detected Hat processed on 2025-11-08,black-hat-1762580885.png,public
Black Hat,Hat,accessory,,,black,,,,all-season,AI-detected Hat processed on 2025-11-08,black-hat-1762580934.png,public
Black Hat,Hat,accessory,,,black,,,,all-season,AI-detected Hat processed on 2025-11-08,black-hat-1762580964.png,public
Black Hat,Hat,accessory,,,black,,,,all-season,AI-detected Hat processed on 2025-11-08,black-hat-1762581021.png,public
Black Hat,Hat,accessory,,,black,,,,all-season,AI-detected Hat processed on 2025-11-08,black-hat-1762581235.png,public
Black Hat,Hat,accessory,,,black,,,,all-season,AI-detected Hat processed on 2025-11-08,black-hat-1762581431.png,public
Black Hat,Hat,accessory,,,black,,,,all-season,AI-detected Hat processed on 2025-11-08,black-hat-1762581562.png,public
Black Hat,Hat,accessory,,,black,,,,all-season,AI-detected Hat processed on 2025-11-08,black-hat-1762581618.png,public
Black Hat,Hat,accessory,,,black,,,,all-season,AI-detected Hat processed on 2025-11-08,black-hat-1762581676.png,public
Black Hat,Hat,accessory,,,black,,,,all-season,AI-detected Hat processed on 2025-11-08,black-hat-1762581808.png,public
Black Hat,Hat,accessory,,,black,,,,all-season,AI-detected Hat processed on 2025-11-08,black-hat-1762581926.png,public
Black Hat,Hat,accessory,,,black,,,,all-season,AI-detected Hat processed on 2025-11-08,black-hat-1762581951.png,public
Black Hat,Hat,accessory,,,black,,,,all-season,AI-detected Hat processed on 2025-11-08,black-hat-1762582073.png,public
Black Hat,Hat,accessory,,,black,,,,all-season,AI-detected Hat processed on 2025-11-08,black-hat-1762582221.png,public
Black Hat,Hat,accessory,,,black,,,,all-season,AI-detected Hat processed on 2025-11-08,black-hat-1762582295.png,public
Black Hat,Hat,accessory,,,black,,,,all-season,AI-detected Hat processed on 2025-11-08,black-hat-1762582414.png,public
Black Hat,Hat,accessory,,,black,,,,all-season,AI-detected Hat processed on 2025-11-08,black-hat-1762582480.png,public
Black Hat,Hat,accessory,,,black,,,,all-season,AI-detected Hat processed on 2025-11-08,black-hat-1762582941.png,public
Black Hat,Hat,accessory,,,black,,,,all-season,AI-detected Hat processed on 2025-11-08,black-hat-1762583088.png,public
Black Hat,Hat,accessory,,,black,,,,all-season,AI-detected Hat processed on 2025-11-08,black-hat-1762583496.png,public
Black Hat,Hat,accessory,,,black,,,,all-season,AI-detected Hat processed on 2025-11-08,black-hat-1762583812.png,public
Black Hat,Hat,accessory,,,black,,,,all-season,AI-detected Hat processed on 2025-11-08,black-hat-1762583951.png,public
Black Hat,Hat,accessory,,,black,,,,all-season,AI-detected Hat processed on 2025-11-08,black-hat-1762584084.png,public
Black Hat,Hat,accessory,,,black,,,,all-season,AI-detected Hat processed on 2025-11-08,black-hat-1762584307.png,public
Black Hat,Hat,accessory,,,black,,,,all-season,AI-detected Hat processed on 2025-11-08,black-hat-1762584419.png,public
Black Hat,Hat,accessory,,,black,,,,all-season,AI-detected Hat processed on 2025-11-08,black-hat-1762584479.png,public
Black Hat,Hat,accessory,,,black,,,,all-season,AI-detected Hat processed on 2025-11-08,black-hat-1762584565.png,public
Black Hat,Hat,accessory,,,black,,,,all-season,AI-detected Hat processed on 2025-11-08,black-hat-1762584714.png,public
Black Hat,Hat,accessory,,,black,,,,all-season,AI-detected Hat processed on 2025-11-08,black-hat-1762584765.png,public
Black Hat,Hat,accessory,,,black,,,,all-season,AI-detected Hat processed on 2025-11-08,black-hat-1762584826.png,public
Black Hat,Hat,accessory,,,black,,,,all-season,AI-detected Hat processed on 2025-11-08,black-hat-1762584889.png,public
Black Hat,Hat,accessory,,,black,,,,all-season,AI-detected Hat processed on 2025-11-08,black-hat-1762585044.png,public
Black Hat,Hat,accessory,,,black,,,,all-season,AI-detected Hat processed on 2025-11-08,black-hat-1762585320.png,public
Black Hat,Hat,accessory,,,black,,,,all-season,AI-detected Hat processed on 2025-11-08,black-hat-1762585409.png,public
Black Hat,Hat,accessory,,,black,,,,all-season,AI-detected Hat processed on 2025-11-08,black-hat-1762585745.png,public
Black Hat,Hat,accessory,,,black,,,,all-season,AI-detected Hat processed on 2025-11-08,black-hat-1762585916.png,public
Black Hat,Hat,accessory,,,black,,,,all-season,AI-detected Hat processed on 2025-11-08,black-hat-1762585979.png,public
Black Hat,Hat,accessory,,,black,,,,all-season,AI-detected Hat processed on 2025-11-08,black-hat-1762586336.png,public
Black Hat,Hat,accessory,,,black,,,,all-season,AI-detected Hat processed on 2025-11-08,black-hat-1762586687.png,public
Black Hat,Hat,accessory,,,black,,,,all-season,AI-detected Hat processed on 2025-11-08,black-hat-1762587237.png,public
Black Hat,Hat,accessory,,,black,,,,all-season,AI-detected Hat processed on 2025-11-08,black-hat-1762587648.png,public
Black Hat,Hat,accessory,,,black,,,,all-season,AI-detected Hat processed on 2025-11-08,black-hat-1762587951.png,public
Black Hat,Hat,accessory,,,black,,,,all-season,AI-detected Hat processed on 2025-11-08,black-hat-1762588006.png,public
Black Hat,Hat,accessory,,,black,,,,all-season,AI-detected Hat processed on 2025-11-08,black-hat-1762588426.png,public
Black Hat,Hat,accessory,,,black,,,,all-season,AI-detected Hat processed on 2025-11-08,black-hat-1762588684.png,public
Black Hat,Hat,accessory,,,black,,,,all-season,AI-detected Hat processed on 2025-11-08,black-hat-1762588710.png,public
Black Hat,Hat,accessory,,,black,,,,all-season,AI-detected Hat processed on 2025-11-08,black-hat-1762588833.png,public
Black Hat,Hat,accessory,,,black,,,,all-season,AI-detected Hat processed on 2025-11-08,black-hat-1762588887.png,public
Black Hat,Hat,accessory,,,black,,,,all-season,AI-detected Hat processed on 2025-11-08,black-hat-1762588949.png,public
Black Hat,Hat,accessory,,,black,,,,all-season,AI-detected Hat processed on 2025-11-08,black-hat-1762589363.png,public
Black Hat,Hat,accessory,,,black,,,,all-season,AI-detected Hat processed on 2025-11-08,black-hat-1762589387.png,public
Black Hat,Hat,accessory,,,black,,,,all-season,AI-detected Hat processed on 2025-11-08,black-hat-1762589655.png,public
Black Hat,Hat,accessory,,,black,,,,all-season,AI-detected Hat processed on 2025-11-08,black-hat-1762589710.png,public
Black Hat,Hat,accessory,,,black,,,,all-season,AI-detected Hat processed on 2025-11-08,black-hat-1762589853.png,public
Black Hat,Hat,accessory,,,black,,,,all-season,AI-detected Hat processed on 2025-11-08,black-hat-1762590692.png,public
Black Hat,Hat,accessory,,,black,,,,all-season,AI-detected Hat processed on 2025-11-08,black-hat-1762590802.png,public
Black Hat,Hat,accessory,,,black,,,,all-season,AI-detected Hat processed on 2025-11-08,black-hat-1762590927.png,public
Black Hat,Hat,accessory,,,black,,,,all-season,AI-detected Hat processed on 2025-11-08,black-hat-1762591023.png,public
Black Hat,Hat,accessory,,,black,,,,all-season,AI-detected Hat processed on 2025-11-08,black-hat-1762591470.png,public
Black Hat,Hat,accessory,,,black,,,,all-season,AI-detected Hat processed on 2025-11-08,black-hat-1762591508.png,public
Black Hat,Hat,accessory,,,black,,,,all-season,AI-detected Hat processed on 2025-11-08,black-hat-1762591701.png,public
Black Hat,Hat,accessory,,,black,,,,all-season,AI-detected Hat processed on 2025-11-08,black-hat-1762591839.png,public
Black Hat,Hat,accessory,,,black,,,,all-season,AI-detected Hat processed on 2025-11-08,black-hat-1762592111.png,public
Black Hat,Hat,accessory,,,black,,,,all-season,AI-detected Hat processed on 2025-11-08,black-hat-1762592838.png,public
Black Hat,Hat,accessory,,,black,,,,all-season,AI-detected Hat processed on 2025-11-08,black-hat-1762592960.png,public
Black Hat,Hat,accessory,,,black,,,,all-season,AI-detected Hat processed on 2025-11-08,black-hat-1762593246.png,public
Black Hat,Hat,accessory,,,black,,,,all-season,AI-detected Hat processed on 2025-11-08,black-hat-1762593519.png,public
Black Hat,Hat,accessory,,,black,,,,all-season,AI-detected Hat processed on 2025-11-08,black-hat-1762593685.png,public
Black Hat,Hat,accessory,,,black,,,,all-season,AI-detected Hat processed on 2025-11-08,black-hat-1762593768.png,public
Black Hat,Hat,accessory,,,black,,,,all-season,AI-detected Hat processed on 2025-11-08,black-hat-1762593979.png,public
Black Hat,Hat,accessory,,,black,,,,all-season,AI-detected Hat processed on 2025-11-08,black-hat-1762594076.png,public
Black Hat,Hat,accessory,,,black,,,,all-season,AI-detected Hat processed on 2025-11-08,black-hat-1762594508.png,public
Black Hat,Hat,accessory,,,black,,,,all-season,AI-detected Hat processed on 2025-11-08,black-hat-1762594942.png,public
Black Hat,Hat,accessory,,,black,,,,all-season,AI-detected Hat processed on 2025-11-08,black-hat-1762595076.png,public
Black Hat,Hat,accessory,,,black,,,,all-season,AI-detected Hat processed on 2025-11-08,black-hat-1762595560.png,public
Black Hat,Hat,accessory,,,black,,,,all-season,AI-detected Hat processed on 2025-11-08,black-hat-1762595700.png,public
Black Hat,Hat,accessory,,,black,,,,all-season,AI-detected Hat processed on 2025-11-08,black-hat-1762595843.png,public
Black Hat,Hat,accessory,,,black,,,,all-season,AI-detected Hat processed on 2025-11-08,black-hat-1762595973.png,public
Black Hat,Hat,accessory,,,black,,,,all-season,AI-detected Hat processed on 2025-11-08,black-hat-1762596119.png,public
Black Hat,Hat,accessory,,,black,,,,all-season,AI-detected Hat processed on 2025-11-08,black-hat-1762596252.png,public
Black Hat,Hat,accessory,,,black,,,,all-season,AI-detected Hat processed on 2025-11-08,black-hat-1762596490.png,public
Black Hat,Hat,accessory,,,black,,,,all-season,AI-detected Hat processed on 2025-11-08,black-hat-1762596645.png,public
Black Hat,Hat,accessory,,,black,,,,all-season,AI-detected Hat processed on 2025-11-08,black-hat-1762596666.png,public
Black Hat,Hat,accessory,,,black,,,,all-season,AI-detected Hat processed on 2025-11-08,black-hat-1762597161.png,public
Black Hat,Hat,accessory,,,black,,,,all-season,AI-detected Hat processed on 2025-11-08,black-hat-1762597303.png,public
Black Hat,Hat,accessory,,,black,,,,all-season,AI-detected Hat processed on 2025-11-08,black-hat-1762597684.png,public
Black Hat,Hat,accessory,,,black,,,,all-season,AI-detected Hat processed on 2025-11-08,black-hat-1762597985.png,public
Black Hat,Hat,accessory,,,black,,,,all-season,AI-detected Hat processed on 2025-11-08,black-hat-1762598654.png,public
Black Hat,Hat,accessory,,,black,,,,all-season,AI-detected Hat processed on 2025-11-08,black-hat-1762599015.png,public
Black Hat,Hat,accessory,,,black,,,,all-season,AI-detected Hat processed on 2025-11-08,black-hat-1762599270.png,public
Black Hat,Hat,accessory,,,black,,,,all-season,AI-detected Hat processed on 2025-11-08,black-hat-1762599780.png,public
Black Hat,Hat,accessory,,,black,,,,all-season,AI-detected Hat processed on 2025-11-08,black-hat-1762599879.png,public
Black Hat,Hat,accessory,,,black,,,,all-season,AI-detected Hat processed on 2025-11-08,black-hat-1762599904.png,public
Black Hat,Hat,accessory,,,black,,,,all-season,AI-detected Hat processed on 2025-11-08,black-hat-1762600103.png,public
Black Hat,Hat,accessory,,,black,,,,all-season,AI-detected Hat processed on 2025-11-08,black-hat-1762600717.png,public
Black Hat,Hat,accessory,,,black,,,,all-season,AI-detected Hat processed on 2025-11-08,black-hat-1762600743.png,public
Black Hat,Hat,accessory,,,black,,,,all-season,AI-detected Hat processed on 2025-11-08,black-hat-1762600777.png,public
Black Hat,Hat,accessory,,,black,,,,all-season,AI-detected Hat processed on 2025-11-08,black-hat-1762600976.png,public
Black Hat,Hat,accessory,,,black,,,,all-season,AI-detected Hat processed on 2025-11-08,black-hat-1762601118.png,public
Black Hat,Hat,accessory,,,black,,,,all-season,AI-detected Hat processed on 2025-11-08,black-hat-1762601295.png,public
Black Hat,Hat,accessory,,,black,,,,all-season,AI-detected Hat processed on 2025-11-08,black-hat-1762602448.png,public
Black Hat,Hat,accessory,,,black,,,,all-season,AI-detected Hat processed on 2025-11-08,black-hat-1762602679.png,public
Black Hat,Hat,accessory,,,black,,,,all-season,AI-detected Hat processed on 2025-11-08,black-hat-1762603266.png,public
Black Hat,Hat,accessory,,,black,,,,all-season,AI-detected Hat processed on 2025-11-08,black-hat-1762603295.png,public
Black Hat,Hat,accessory,,,black,,,,all-season,AI-detected Hat processed on 2025-11-08,black-hat-1762603681.png,public
Black Hat,Hat,accessory,,,black,,,,all-season,AI-detected Hat processed on 2025-11-08,black-hat-1762603951.png,public
Black Hat,Hat,accessory,,,black,,,,all-season,AI-detected Hat processed on 2025-11-08,black-hat-1762603955.png,public
Black Hat,Hat,accessory,,,black,,,,all-season,AI-detected Hat processed on 2025-11-08,black-hat-1762604021.png,public
Black Hat,Hat,accessory,,,black,,,,all-season,AI-detected Hat processed on 2025-11-08,black-hat-1762604298.png,public
Black Hat,Hat,accessory,,,black,,,,all-season,AI-detected Hat processed on 2025-11-08,black-hat-1762604707.png,public
Black Hat,Hat,accessory,,,black,,,,all-season,AI-detected Hat processed on 2025-11-08,black-hat-1762605078.png,public
Black Hat,Hat,accessory,,,black,,,,all-season,AI-detected Hat processed on 2025-11-08,black-hat-1762605130.png,public
Black Hat,Hat,accessory,,,black,,,,all-season,AI-detected Hat processed on 2025-11-08,black-hat-1762605372.png,public
Black Hat,Hat,accessory,,,black,,,,all-season,AI-detected Hat processed on 2025-11-08,black-hat-1762605433.png,public
Black Hat,Hat,accessory,,,black,,,,all-season,AI-detected Hat processed on 2025-11-08,black-hat-1762605439.png,public
Black Hat,Hat,accessory,,,black,,,,all-season,AI-detected Hat processed on 2025-11-08,black-hat-1762605660.png,public
Black Hat,Hat,accessory,,,black,,,,all-season,AI-detected Hat processed on 2025-11-08,black-hat-1762606131.png,public
Black Hat,Hat,accessory,,,black,,,,all-season,AI-detected Hat processed on 2025-11-08,black-hat-1762606218.png,public
Black Hat,Hat,accessory,,,black,,,,all-season,AI-detected Hat processed on 2025-11-08,black-hat-1762606343.png,public
Black Hat,Hat,accessory,,,black,,,,all-season,AI-detected Hat processed on 2025-11-08,black-hat-1762606709.png,public
Black Hat,Hat,accessory,,,black,,,,all-season,AI-detected Hat processed on 2025-11-08,black-hat-1762606868.png,public
Black Hat,Hat,accessory,,,black,beige,,,all-season,AI-detected Hat processed on 2025-11-08,black-hat-1762570998.png,public
Black Hat,Hat,accessory,,,black,beige,,,all-season,AI-detected Hat processed on 2025-11-08,black-hat-1762571962.png,public
Black Hat,Hat,accessory,,,black,beige,,,all-season,AI-detected Hat processed on 2025-11-08,black-hat-1762572611.png,public
Black Hat,Hat,accessory,,,black,beige,,,all-season,AI-detected Hat processed on 2025-11-08,black-hat-1762572768.png,public
Black Hat,Hat,accessory,,,black,beige,,,all-season,AI-detected Hat processed on 2025-11-08,black-hat-1762573559.png,public
Black Hat,Hat,accessory,,,black,beige,,,all-season,AI-detected Hat processed on 2025-11-08,black-hat-1762573651.png,public
Black Hat,Hat,accessory,,,black,beige,,,all-season,AI-detected Hat processed on 2025-11-08,black-hat-1762578090.png,public
Black Hat,Hat,accessory,,,black,beige,,,all-season,AI-detected Hat processed on 2025-11-08,black-hat-1762579296.png,public
Black Hat,Hat,accessory,,,black,beige,,,all-season,AI-detected Hat processed on 2025-11-08,black-hat-1762579719.png,public
Black Hat,Hat,accessory,,,black,beige,,,all-season,AI-detected Hat processed on 2025-11-08,black-hat-1762581161.png,public
Black Hat,Hat,accessory,,,black,beige,,,all-season,AI-detected Hat processed on 2025-11-08,black-hat-1762581901.png,public
Black Hat,Hat,accessory,,,black,beige,,,all-season,AI-detected Hat processed on 2025-11-08,black-hat-1762585757.png,public
Black Hat,Hat,accessory,,,black,beige,,,all-season,AI-detected Hat processed on 2025-11-08,black-hat-1762586199.png,public
Black Hat,Hat,accessory,,,black,beige,,,all-season,AI-detected Hat processed on 2025-11-08,black-hat-1762592446.png,public
Black Hat,Hat,accessory,,,black,beige,,,all-season,AI-detected Hat processed on 2025-11-08,black-hat-1762599652.png,public
Black Hat,Hat,accessory,,,black,beige,,,all-season,AI-detected Hat processed on 2025-11-08,black-hat-1762599722.png,public
Black Hat,Hat,accessory,,,black,beige,,,all-season,AI-detected Hat processed on 2025-11-08,black-hat-1762603004.png,public
Black Hat,Hat,accessory,,,black,beige,,,all-season,AI-detected Hat processed on 2025-11-08,black-hat-1762605209.png,public
Black Hat,Hat,accessory,,,black,beige,,,all-season,AI-detected Hat processed on 2025-11-08,black-hat-1762605819.png,public
Black Hat,Hat,accessory,,,black,beige,,,all-season,AI-detected Hat processed on 2025-11-08,black-hat-1762605895.png,public
Black Hat,Hat,accessory,,,black,beige,,,all-season,AI-detected Hat processed on 2025-11-08,black-hat-1762606513.png,public
Black Hat,Hat,accessory,,,black,beige|brown,,,all-season,AI-detected Hat processed on 2025-11-08,black-hat-1762600549.png,public
Black Hat,Hat,accessory,,,black,beige|gray,,,all-season,AI-detected Hat processed on 2025-11-08,black-hat-1762569610.png,public
Black Hat,Hat,accessory,,,black,beige|gray,,,all-season,AI-detected Hat processed on 2025-11-08,black-hat-1762569849.png,public
Black Hat,Hat,accessory,,,black,beige|gray,,,all-season,AI-detected Hat processed on 2025-11-08,black-hat-1762570775.png,public
Black Hat,Hat,accessory,,,black,beige|gray,,,all-season,AI-detected Hat processed on 2025-11-08,black-hat-1762571164.png,public
Black Hat,Hat,accessory,,,black,beige|gray,,,all-season,AI-detected Hat processed on 2025-11-08,black-hat-1762571759.png,public
Black Hat,Hat,accessory,,,black,beige|gray,,,all-season,AI-detected Hat processed on 2025-11-08,black-hat-1762574076.png,public
Black Hat,Hat,accessory,,,black,beige|gray,,,all-season,AI-detected Hat processed on 2025-11-08,black-hat-1762574439.png,public
Black Hat,Hat,accessory,,,black,beige|gray,,,all-season,AI-detected Hat processed on 2025-11-08,black-hat-1762575164.png,public
Black Hat,Hat,accessory,,,black,beige|gray,,,all-season,AI-detected Hat processed on 2025-11-08,black-hat-1762578122.png,public
Black Hat,Hat,accessory,,,black,beige|gray,,,all-season,AI-detected Hat processed on 2025-11-08,black-hat-1762578218.png,public
Black Hat,Hat,accessory,,,black,beige|gray,,,all-season,AI-detected Hat processed on 2025-11-08,black-hat-1762581227.png,public
Black Hat,Hat,accessory,,,black,beige|gray,,,all-season,AI-detected Hat processed on 2025-11-08,black-hat-1762581787.png,public
Black Hat,Hat,accessory,,,black,beige|gray,,,all-season,AI-detected Hat processed on 2025-11-08,black-hat-1762582245.png,public
Black Hat,Hat,accessory,,,black,beige|gray,,,all-season,AI-detected Hat processed on 2025-11-08,black-hat-1762583127.png,public
Black Hat,Hat,accessory,,,black,beige|gray,,,all-season,AI-detected Hat processed on 2025-11-08,black-hat-1762584236.png,public
Black Hat,Hat,accessory,,,black,beige|gray,,,all-season,AI-detected Hat processed on 2025-11-08,black-hat-1762584266.png,public
Black Hat,Hat,accessory,,,black,beige|gray,,,all-season,AI-detected Hat processed on 2025-11-08,black-hat-1762584411.png,public
Black Hat,Hat,accessory,,,black,beige|gray,,,all-season,AI-detected Hat processed on 2025-11-08,black-hat-1762584959.png,public
Black Hat,Hat,accessory,,,black,beige|gray,,,all-season,AI-detected Hat processed on 2025-11-08,black-hat-1762585736.png,public
Black Hat,Hat,accessory,,,black,beige|gray,,,all-season,AI-detected Hat processed on 2025-11-08,black-hat-1762586547.png,public
Black Hat,Hat,accessory,,,black,beige|gray,,,all-season,AI-detected Hat processed on 2025-11-08,black-hat-1762587531.png,public
Black Hat,Hat,accessory,,,black,beige|gray,,,all-season,AI-detected Hat processed on 2025-11-08,black-hat-1762588388.png,public
Black Hat,Hat,accessory,,,black,beige|gray,,,all-season,AI-detected Hat processed on 2025-11-08,black-hat-1762588777.png,public
Black Hat,Hat,accessory,,,black,beige|gray,,,all-season,AI-detected Hat processed on 2025-11-08,black-hat-1762589592.png,public
Black Hat,Hat,accessory,,,black,beige|gray,,,all-season,AI-detected Hat processed on 2025-11-08,black-hat-1762590637.png,public
Black Hat,Hat,accessory,,,black,beige|gray,,,all-season,AI-detected Hat processed on 2025-11-08,black-hat-1762591977.png,public
Black Hat,Hat,accessory,,,black,beige|gray,,,all-season,AI-detected Hat processed on 2025-11-08,black-hat-1762592183.png,public
Black Hat,Hat,accessory,,,black,beige|gray,,,all-season,AI-detected Hat processed on 2025-11-08,black-hat-1762593213.png,public
Black Hat,Hat,accessory,,,black,beige|gray,,,all-season,AI-detected Hat processed on 2025-11-08,black-hat-1762593884.png,public
Black Hat,Hat,accessory,,,black,beige|gray,,,all-season,AI-detected Hat processed on 2025-11-08,black-hat-1762595356.png,public
Black Hat,Hat,accessory,,,black,beige|gray,,,all-season,AI-detected Hat processed on 2025-11-08,black-hat-1762595532.png,public
Black Hat,Hat,accessory,,,black,beige|gray,,,all-season,AI-detected Hat processed on 2025-11-08,black-hat-1762597218.png,public
Black Hat,Hat,accessory,,,black,beige|gray,,,all-season,AI-detected Hat processed on 2025-11-08,black-hat-1762598087.png,public
Black Hat,Hat,accessory,,,black,beige|gray,,,all-season,AI-detected Hat processed on 2025-11-08,black-hat-1762598763.png,public
Black Hat,Hat,accessory,,,black,beige|gray,,,all-season,AI-detected Hat processed on 2025-11-08,black-hat-1762599250.png,public
Black Hat,Hat,accessory,,,black,beige|gray,,,all-season,AI-detected Hat processed on 2025-11-08,black-hat-1762600087.png,public
Black Hat,Hat,accessory,,,black,beige|gray,,,all-season,AI-detected Hat processed on 2025-11-08,black-hat-1762602556.png,public
Black Hat,Hat,accessory,,,black,beige|gray,,,all-season,AI-detected Hat processed on 2025-11-08,black-hat-1762602747.png,public
Black Hat,Hat,accessory,,,black,beige|gray,,,all-season,AI-detected Hat processed on 2025-11-08,black-hat-1762604107.png,public
Black Hat,Hat,accessory,,,black,beige|gray,,,all-season,AI-detected Hat processed on 2025-11-08,black-hat-1762604768.png,public
Black Hat,Hat,accessory,,,black,beige|gray,,,all-season,AI-detected Hat processed on 2025-11-08,black-hat-1762605343.png,public
Black Hat,Hat,accessory,,,black,beige|gray,,,all-season,AI-detected Hat processed on 2025-11-08,black-hat-1762605472.png,public
Black Hat,Hat,accessory,,,black,beige|gray,,,all-season,AI-detected Hat processed on 2025-11-08,black-hat-1762605656.png,public
Black Hat,Hat,accessory,,,black,beige|gray,,,all-season,AI-detected Hat processed on 2025-11-08,black-hat-1762605686.png,public
Black Hat,Hat,accessory,,,black,beige|gray,,,all-season,AI-detected Hat processed on 2025-11-08,black-hat-1762606786.png,public
Black Hat,Hat,accessory,,,black,beige|gray,,,all-season,AI-detected Hat processed on 2025-11-08,black-hat-1762607095.png,public
Black Hat,Hat,accessory,,,black,beige|gray,,,all-season,AI-detected Hat processed on 2025-11-08,black-hat-1762607247.png,public
Black Hat,Hat,accessory,,,black,beige|navy,,,all-season,AI-detected Hat processed on 2025-11-08,black-hat-1762604310.png,public
Black Hat,Hat,accessory,,,black,beige|pink,,,all-season,AI-detected Hat processed on 2025-11-08,black-hat-1762570734.png,public
Black Hat,Hat,accessory,,,black,beige|pink,,,all-season,AI-detected Hat processed on 2025-11-08,black-hat-1762571119.png,public
Black Hat,Hat,accessory,,,black,beige|pink,,,all-season,AI-detected Hat processed on 2025-11-08,black-hat-1762572043.png,public
Black Hat,Hat,accessory,,,black,beige|pink,,,all-season,AI-detected Hat processed on 2025-11-08,black-hat-1762574725.png,public
Black Hat,Hat,accessory,,,black,beige|pink,,,all-season,AI-detected Hat processed on 2025-11-08,black-hat-1762582445.png,public
Black Hat,Hat,accessory,,,black,beige|pink,,,all-season,AI-detected Hat processed on 2025-11-08,black-hat-1762585006.png,public
Black Hat,Hat,accessory,,,black,beige|pink,,,all-season,AI-detected Hat processed on 2025-11-08,black-hat-1762592532.png,public
Black Hat,Hat,accessory,,,black,beige|pink,,,all-season,AI-detected Hat processed on 2025-11-08,black-hat-1762595257.png,public
Black Hat,Hat,accessory,,,black,beige|pink,,,all-season,AI-detected Hat processed on 2025-11-08,black-hat-1762606040.png,public
Black Hat,Hat,accessory,,,black,beige|yellow,,,all-season,AI-detected Hat processed on 2025-11-08,black-hat-1762568836.png,public
Black Hat,Hat,accessory,,,black,brown,,,all-season,AI-detected Hat processed on 2025-11-08,black-hat-1762569479.png,public
Black Hat,Hat,accessory,,,black,brown,,,all-season,AI-detected Hat processed on 2025-11-08,black-hat-1762569807.png,public
Black Hat,Hat,accessory,,,black,brown,,,all-season,AI-detected Hat processed on 2025-11-08,black-hat-1762569889.png,public
Black Hat,Hat,accessory,,,black,brown,,,all-season,AI-detected Hat processed on 2025-11-08,black-hat-1762570143.png,public
Black Hat,Hat,accessory,,,black,brown,,,all-season,AI-detected Hat processed on 2025-11-08,black-hat-1762570537.png,public
Black Hat,Hat,accessory,,,black,brown,,,all-season,AI-detected Hat processed on 2025-11-08,black-hat-1762570762.png,public
Black Hat,Hat,accessory,,,black,brown,,,all-season,AI-detected Hat processed on 2025-11-08,black-hat-1762571955.png,public
Black Hat,Hat,accessory,,,black,brown,,,all-season,AI-detected Hat processed on 2025-11-08,black-hat-1762573459.png,public
Black Hat,Hat,accessory,,,black,brown,,,all-season,AI-detected Hat processed on 2025-11-08,black-hat-1762574208.png,public
Black Hat,Hat,accessory,,,black,brown,,,all-season,AI-detected Hat processed on 2025-11-08,black-hat-1762574561.png,public
Black Hat,Hat,accessory,,,black,brown,,,all-season,AI-detected Hat processed on 2025-11-08,black-hat-1762575461.png,public
Black Hat,Hat,accessory,,,black,brown,,,all-season,AI-detected Hat processed on 2025-11-08,black-hat-1762576329.png,public
Black Hat,Hat,accessory,,,black,brown,,,all-season,AI-detected Hat processed on 2025-11-08,black-hat-1762577850.png,public
Black Hat,Hat,accessory,,,black,brown,,,all-season,AI-detected Hat processed on 2025-11-08,black-hat-1762579484.png,public
Black Hat,Hat,accessory,,,black,brown,,,all-season,AI-detected Hat processed on 2025-11-08,black-hat-1762580532.png,public
Black Hat,Hat,accessory,,,black,brown,,,all-season,AI-detected Hat processed on 2025-11-08,black-hat-1762580719.png,public
Black Hat,Hat,accessory,,,black,brown,,,all-season,AI-detected Hat processed on 2025-11-08,black-hat-1762582536.png,public
Black Hat,Hat,accessory,,,black,brown,,,all-season,AI-detected Hat processed on 2025-11-08,black-hat-1762584384.png,public
Black Hat,Hat,accessory,,,black,brown,,,all-season,AI-detected Hat processed on 2025-11-08,black-hat-1762585551.png,public
Black Hat,Hat,accessory,,,black,brown,,,all-season,AI-detected Hat processed on 2025-11-08,black-hat-1762586496.png,public
Black Hat,Hat,accessory,,,black,brown,,,all-season,AI-detected Hat processed on 2025-11-08,black-hat-1762587136.png,public
Black Hat,Hat,accessory,,,black,brown,,,all-season,AI-detected Hat processed on 2025-11-08,black-hat-1762587600.png,public
Black Hat,Hat,accessory,,,black,brown,,,all-season,AI-detected Hat processed on 2025-11-08,black-hat-1762587710.png,public
Black Hat,Hat,accessory,,,black,brown,,,all-season,AI-detected Hat processed on 2025-11-08,black-hat-1762591925.png,public
Black Hat,Hat,accessory,,,black,brown,,,all-season,AI-detected Hat processed on 2025-11-08,black-hat-1762593656.png,public
Black Hat,Hat,accessory,,,black,brown,,,all-season,AI-detected Hat processed on 2025-11-08,black-hat-1762594245.png,public
Black Hat,Hat,accessory,,,black,brown,,,all-season,AI-detected Hat processed on 2025-11-08,black-hat-1762594790.png,public
Black Hat,Hat,accessory,,,black,brown,,,all-season,AI-detected Hat processed on 2025-11-08,black-hat-1762596062.png,public
Black Hat,Hat,accessory,,,black,brown,,,all-season,AI-detected Hat processed on 2025-11-08,black-hat-1762596520.png,public
Black Hat,Hat,accessory,,,black,brown,,,all-season,AI-detected Hat processed on 2025-11-08,black-hat-1762597437.png,public
Black Hat,Hat,accessory,,,black,brown,,,all-season,AI-detected Hat processed on 2025-11-08,black-hat-1762597677.png,public
Black Hat,Hat,accessory,,,black,brown,,,all-season,AI-detected Hat processed on 2025-11-08,black-hat-1762598018.png,public
Black Hat,Hat,accessory,,,black,brown,,,all-season,AI-detected Hat processed on 2025-11-08,black-hat-1762598330.png,public
Black Hat,Hat,accessory,,,black,brown,,,all-season,AI-detected Hat processed on 2025-11-08,black-hat-1762598770.png,public
Black Hat,Hat,accessory,,,black,brown,,,all-season,AI-detected Hat processed on 2025-11-08,black-hat-1762598874.png,public
Black Hat,Hat,accessory,,,black,brown,,,all-season,AI-detected Hat processed on 2025-11-08,black-hat-1762599203.png,public
Black Hat,Hat,accessory,,,black,brown,,,all-season,AI-detected Hat processed on 2025-11-08,black-hat-1762599223.png,public
Black Hat,Hat,accessory,,,black,brown,,,all-season,AI-detected Hat processed on 2025-11-08,black-hat-1762599596.png,public
Black Hat,Hat,accessory,,,black,brown,,,all-season,AI-detected Hat processed on 2025-11-08,black-hat-1762600311.png,public
Black Hat,Hat,accessory,,,black,brown,,,all-season,AI-detected Hat processed on 2025-11-08,black-hat-1762600699.png,public
Black Hat,Hat,accessory,,,black,brown,,,all-season,AI-detected Hat processed on 2025-11-08,black-hat-1762602732.png,public
Black Hat,Hat,accessory,,,black,brown,,,all-season,AI-detected Hat processed on 2025-11-08,black-hat-1762603116.png,public
Black Hat,Hat,accessory,,,black,brown,,,all-season,AI-detected Hat processed on 2025-11-08,black-hat-1762603269.png,public
Black Hat,Hat,accessory,,,black,brown,,,all-season,AI-detected Hat processed on 2025-11-08,black-hat-1762603521.png,public
Black Hat,Hat,accessory,,,black,brown,,,all-season,AI-detected Hat processed on 2025-11-08,black-hat-1762603599.png,public
Black Hat,Hat,accessory,,,black,brown,,,all-season,AI-detected Hat processed on 2025-11-08,black-hat-1762604385.png,public
Black Hat,Hat,accessory,,,black,brown,,,all-season,AI-detected Hat processed on 2025-11-08,black-hat-1762604516.png,public
Black Hat,Hat,accessory,,,black,brown,,,all-season,AI-detected Hat processed on 2025-11-08,black-hat-1762604559.png,public
Black Hat,Hat,accessory,,,black,brown,,,all-season,AI-detected Hat processed on 2025-11-08,black-hat-1762604783.png,public
Black Hat,Hat,accessory,,,black,brown,,,all-season,AI-detected Hat processed on 2025-11-08,black-hat-1762604990.png,public
Black Hat,Hat,accessory,,,black,brown,,,all-season,AI-detected Hat processed on 2025-11-08,black-hat-1762605565.png,public
Black Hat,Hat,accessory,,,black,brown,,,all-season,AI-detected Hat processed on 2025-11-08,black-hat-1762605649.png,public
Black Hat,Hat,accessory,,,black,brown,,,all-season,AI-detected Hat processed on 2025-11-08,black-hat-1762606017.png,public
Black Hat,Hat,accessory,,,black,brown,,,all-season,AI-detected Hat processed on 2025-11-08,black-hat-1762606893.png,public
Black Hat,Hat,accessory,,,black,brown,,,all-season,AI-detected Hat processed on 2025-11-08,black-hat-1762607088.png,public
Black Hat,Hat,accessory,,,black,brown,,,all-season,AI-detected Hat processed on 2025-11-08,black-hat-1762607124.png,public
Black Hat,Hat,accessory,,,black,brown,,,all-season,AI-detected Hat processed on 2025-11-08,black-hat-1762607179.png,public
Black Hat,Hat,accessory,,,black,brown|gray,,,all-season,AI-detected Hat processed on 2025-11-08,black-hat-1762571277.png,public
Black Hat,Hat,accessory,,,black,brown|gray,,,all-season,AI-detected Hat processed on 2025-11-08,black-hat-1762596154.png,public
Black Hat,Hat,accessory,,,black,brown|pink,,,all-season,AI-detected Hat processed on 2025-11-08,black-hat-1762584145.png,public
Black Hat,Hat,accessory,,,black,brown|pink,,,all-season,AI-detected Hat processed on 2025-11-08,black-hat-1762596628.png,public
Black Hat,Hat,accessory,,,black,brown|pink,,,all-season,AI-detected Hat processed on 2025-11-08,black-hat-1762600703.png,public
Black Hat,Hat,accessory,,,black,brown|pink,,,all-season,AI-detected Hat processed on 2025-11-08,black-hat-1762604091.png,public
Black Hat,Hat,accessory,,,black,gray,,,all-season,AI-detected Hat processed on 2025-11-08,black-hat-1762568788.png,public
Black Hat,Hat,accessory,,,black,gray,,,all-season,AI-detected Hat processed on 2025-11-08,black-hat-1762568908.png,public
Black Hat,Hat,accessory,,,black,gray,,,all-season,AI-detected Hat processed on 2025-11-08,black-hat-1762568926.png,public
Black Hat,Hat,accessory,,,black,gray,,,all-season,AI-detected Hat processed on 2025-11-08,black-hat-1762569068.png,public
Black Hat,Hat,accessory,,,black,gray,,,all-season,AI-detected Hat processed on 2025-11-08,black-hat-1762569259.png,public
Black Hat,Hat,accessory,,,black,gray,,,all-season,AI-detected Hat processed on 2025-11-08,black-hat-1762569711.png,public
Black Hat,Hat,accessory,,,black,gray,,,all-season,AI-detected Hat processed on 2025-11-08,black-hat-1762569884.png,public
Black Hat,Hat,accessory,,,black,gray,,,all-season,AI-detected Hat processed on 2025-11-08,black-hat-1762570026.png,public
Black Hat,Hat,accessory,,,black,gray,,,all-season,AI-detected Hat processed on 2025-11-08,black-hat-1762570228.png,public
Black Hat,Hat,accessory,,,black,gray,,,all-season,AI-detected Hat processed on 2025-11-08,black-hat-1762570432.png,public
Black Hat,Hat,accessory,,,black,gray,,,all-season,AI-detected Hat processed on 2025-11-08,black-hat-1762570674.png,public
Black Hat,Hat,accessory,,,black,gray,,,all-season,AI-detected Hat processed on 2025-11-08,black-hat-1762570874.png,public
Black Hat,Hat,accessory,,,black,gray,,,all-season,AI-detected Hat processed on 2025-11-08,black-hat-1762570995.png,public
Black Hat,Hat,accessory,,,black,gray,,,all-season,AI-detected Hat processed on 2025-11-08,black-hat-1762571061.png,public
Black Hat,Hat,accessory,,,black,gray,,,all-season,AI-detected Hat processed on 2025-11-08,black-hat-1762571144.png,public
Black Hat,Hat,accessory,,,black,gray,,,all-season,AI-detected Hat processed on 2025-11-08,black-hat-1762571341.png,public
Black Hat,Hat,accessory,,,black,gray,,,all-season,AI-detected Hat processed on 2025-11-08,black-hat-1762571412.png,public
Black Hat,Hat,accessory,,,black,gray,,,all-season,AI-detected Hat processed on 2025-11-08,black-hat-1762571424.png,public
Black Hat,Hat,accessory,,,black,gray,,,all-season,AI-detected Hat processed on 2025-11-08,black-hat-1762571524.png,public
Black Hat,Hat,accessory,,,black,gray,,,all-season,AI-detected Hat processed on 2025-11-08,black-hat-1762571573.png,public
Black Hat,Hat,accessory,,,black,gray,,,all-season,AI-detected Hat processed on 2025-11-08,black-hat-1762572203.png,public
Black Hat,Hat,accessory,,,black,gray,,,all-season,AI-detected Hat processed on 2025-11-08,black-hat-1762572207.png,public
Black Hat,Hat,accessory,,,black,gray,,,all-season,AI-detected Hat processed on 2025-11-08,black-hat-1762572369.png,public
Black Hat,Hat,accessory,,,black,gray,,,all-season,AI-detected Hat processed on 2025-11-08,black-hat-1762572650.png,public
Black Hat,Hat,accessory,,,black,gray,,,all-season,AI-detected Hat processed on 2025-11-08,black-hat-1762572816.png,public
Black Hat,Hat,accessory,,,black,gray,,,all-season,AI-detected Hat processed on 2025-11-08,black-hat-1762572952.png,public
Black Hat,Hat,accessory,,,black,gray,,,all-season,AI-detected Hat processed on 2025-11-08,black-hat-1762573262.png,public
Black Hat,Hat,accessory,,,black,gray,,,all-season,AI-detected Hat processed on 2025-11-08,black-hat-1762573308.png,public
Black Hat,Hat,accessory,,,black,gray,,,all-season,AI-detected Hat processed on 2025-11-08,black-hat-1762573403.png,public
Black Hat,Hat,accessory,,,black,gray,,,all-season,AI-detected Hat processed on 2025-11-08,black-hat-1762573786.png,public
Black Hat,Hat,accessory,,,black,gray,,,all-season,AI-detected Hat processed on 2025-11-08,black-hat-1762573855.png,public
Black Hat,Hat,accessory,,,black,gray,,,all-season,AI-detected Hat processed on 2025-11-08,black-hat-1762573975.png,public
Black Hat,Hat,accessory,,,black,gray,,,all-season,AI-detected Hat processed on 2025-11-08,black-hat-1762574036.png,public
Black Hat,Hat,accessory,,,black,gray,,,all-season,AI-detected Hat processed on 2025-11-08,black-hat-1762574159.png,public
Black Hat,Hat,accessory,,,black,gray,,,all-season,AI-detected Hat processed on 2025-11-08,black-hat-1762574291.png,public
Black Hat,Hat,accessory,,,black,gray,,,all-season,AI-detected Hat processed on 2025-11-08,black-hat-1762574312.png,public
Black Hat,Hat,accessory,,,black,gray,,,all-season,AI-detected Hat processed on 2025-11-08,black-hat-1762575374.png,public
Black Hat,Hat,accessory,,,black,gray,,,all-season,AI-detected Hat processed on 2025-11-08,black-hat-1762575606.png,public
Black Hat,Hat,accessory,,,black,gray,,,all-season,AI-detected Hat processed on 2025-11-08,black-hat-1762576208.png,public
Black Hat,Hat,accessory,,,black,gray,,,all-season,AI-detected Hat processed on 2025-11-08,black-hat-1762576575.png,public
Black Hat,Hat,accessory,,,black,gray,,,all-season,AI-detected Hat processed on 2025-11-08,black-hat-1762576890.png,public
Black Hat,Hat,accessory,,,black,gray,,,all-season,AI-detected Hat processed on 2025-11-08,black-hat-1762577010.png,public
Black Hat,Hat,accessory,,,black,gray,,,all-season,AI-detected Hat processed on 2025-11-08,black-hat-1762577667.png,public
Black Hat,Hat,accessory,,,black,gray,,,all-season,AI-detected Hat processed on 2025-11-08,black-hat-1762578146.png,public
Black Hat,Hat,accessory,,,black,gray,,,all-season,AI-detected Hat processed on 2025-11-08,black-hat-1762578518.png,public
Black Hat,Hat,accessory,,,black,gray,,,all-season,AI-detected Hat processed on 2025-11-08,black-hat-1762578691.png,public
Black Hat,Hat,accessory,,,black,gray,,,all-season,AI-detected Hat processed on 2025-11-08,black-hat-1762579161.png,public
Black Hat,Hat,accessory,,,black,gray,,,all-season,AI-detected Hat processed on 2025-11-08,black-hat-1762579435.png,public
Black Hat,Hat,accessory,,,black,gray,,,all-season,AI-detected Hat processed on 2025-11-08,black-hat-1762579767.png,public
Black Hat,Hat,accessory,,,black,gray,,,all-season,AI-detected Hat processed on 2025-11-08,black-hat-1762580097.png,public
Black Hat,Hat,accessory,,,black,gray,,,all-season,AI-detected Hat processed on 2025-11-08,black-hat-1762580346.png,public
Black Hat,Hat,accessory,,,black,gray,,,all-season,AI-detected Hat processed on 2025-11-08,black-hat-1762580740.png,public
Black Hat,Hat,accessory,,,black,gray,,,all-season,AI-detected Hat processed on 2025-11-08,black-hat-1762581310.png,public
Black Hat,Hat,accessory,,,black,gray,,,all-season,AI-detected Hat processed on 2025-11-08,black-hat-1762581672.png,public
Black Hat,Hat,accessory,,,black,gray,,,all-season,AI-detected Hat processed on 2025-11-08,black-hat-1762581783.png,public
Black Hat,Hat,accessory,,,black,gray,,,all-season,AI-detected Hat processed on 2025-11-08,black-hat-1762581858.png,public
Black Hat,Hat,accessory,,,black,gray,,,all-season,AI-detected Hat processed on 2025-11-08,black-hat-1762581979.png,public
Black Hat,Hat,accessory,,,black,gray,,,all-season,AI-detected Hat processed on 2025-11-08,black-hat-1762582265.png,public
Black Hat,Hat,accessory,,,black,gray,,,all-season,AI-detected Hat processed on 2025-11-08,black-hat-1762582859.png,public
Black Hat,Hat,accessory,,,black,gray,,,all-season,AI-detected Hat processed on 2025-11-08,black-hat-1762582864.png,public
Black Hat,Hat,accessory,,,black,gray,,,all-season,AI-detected Hat processed on 2025-11-08,black-hat-1762583136.png,public
Black Hat,Hat,accessory,,,black,gray,,,all-season,AI-detected Hat processed on 2025-11-08,black-hat-1762583488.png,public
Black Hat,Hat,accessory,,,black,gray,,,all-season,AI-detected Hat processed on 2025-11-08,black-hat-1762583588.png,public
Black Hat,Hat,accessory,,,black,gray,,,all-season,AI-detected Hat processed on 2025-11-08,black-hat-1762583742.png,public
Black Hat,Hat,accessory,,,black,gray,,,all-season,AI-detected Hat processed on 2025-11-08,black-hat-1762583866.png,public
Black Hat,Hat,accessory,,,black,gray,,,all-season,AI-detected Hat processed on 2025-11-08,black-hat-1762584245.png,public
Black Hat,Hat,accessory,,,black,gray,,,all-season,AI-detected Hat processed on 2025-11-08,black-hat-1762584377.png,public
Black Hat,Hat,accessory,,,black,gray,,,all-season,AI-detected Hat processed on 2025-11-08,black-hat-1762584577.png,public
Black Hat,Hat,accessory,,,black,gray,,,all-season,AI-detected Hat processed on 2025-11-08,black-hat-1762584623.png,public
Black Hat,Hat,accessory,,,black,gray,,,all-season,AI-detected Hat processed on 2025-11-08,black-hat-1762584798.png,public
Black Hat,Hat,accessory,,,black,gray,,,all-season,AI-detected Hat processed on 2025-11-08,black-hat-1762584903.png,public
Black Hat,Hat,accessory,,,black,gray,,,all-season,AI-detected Hat processed on 2025-11-08,black-hat-1762585014.png,public
Black Hat,Hat,accessory,,,black,gray,,,all-season,AI-detected Hat processed on 2025-11-08,black-hat-1762585133.png,public
Black Hat,Hat,accessory,,,black,gray,,,all-season,AI-detected Hat processed on 2025-11-08,black-hat-1762585189.png,public
Black Hat,Hat,accessory,,,black,gray,,,all-season,AI-detected Hat processed on 2025-11-08,black-hat-1762585219.png,public
Black Hat,Hat,accessory,,,black,gray,,,all-season,AI-detected Hat processed on 2025-11-08,black-hat-1762585542.png,public
Black Hat,Hat,accessory,,,black,gray,,,all-season,AI-detected Hat processed on 2025-11-08,black-hat-1762585595.png,public
Black Hat,Hat,accessory,,,black,gray,,,all-season,AI-detected Hat processed on 2025-11-08,black-hat-1762585761.png,public
Black Hat,Hat,accessory,,,black,gray,,,all-season,AI-detected Hat processed on 2025-11-08,black-hat-1762585901.png,public
Black Hat,Hat,accessory,,,black,gray,,,all-season,AI-detected Hat processed on 2025-11-08,black-hat-1762586021.png,public
Black Hat,Hat,accessory,,,black,gray,,,all-season,AI-detected Hat processed on 2025-11-08,black-hat-1762586241.png,public
Black Hat,Hat,accessory,,,black,gray,,,all-season,AI-detected Hat processed on 2025-11-08,black-hat-1762586427.png,public
Black Hat,Hat,accessory,,,black,gray,,,all-season,AI-detected Hat processed on 2025-11-08,black-hat-1762586441.png,public
Black Hat,Hat,accessory,,,black,gray,,,all-season,AI-detected Hat processed on 2025-11-08,black-hat-1762586534.png,public
Black Hat,Hat,accessory,,,black,gray,,,all-season,AI-detected Hat processed on 2025-11-08,black-hat-1762586653.png,public
Black Hat,Hat,accessory,,,black,gray,,,all-season,AI-detected Hat processed on 2025-11-08,black-hat-1762586768.png,public
Black Hat,Hat,accessory,,,black,gray,,,all-season,AI-detected Hat processed on 2025-11-08,black-hat-1762586802.png,public
Black Hat,Hat,accessory,,,black,gray,,,all-season,AI-detected Hat processed on 2025-11-08,black-hat-1762586952.png,public
Black Hat,Hat,accessory,,,black,gray,,,all-season,AI-detected Hat processed on 2025-11-08,black-hat-1762586973.png,public
Black Hat,Hat,accessory,,,black,gray,,,all-season,AI-detected Hat processed on 2025-11-08,black-hat-1762587570.png,public
Black Hat,Hat,accessory,,,black,gray,,,all-season,AI-detected Hat processed on 2025-11-08,black-hat-1762587575.png,public
Black Hat,Hat,accessory,,,black,gray,,,all-season,AI-detected Hat processed on 2025-11-08,black-hat-1762587837.png,public
Black Hat,Hat,accessory,,,black,gray,,,all-season,AI-detected Hat processed on 2025-11-08,black-hat-1762588223.png,public
Black Hat,Hat,accessory,,,black,gray,,,all-season,AI-detected Hat processed on 2025-11-08,black-hat-1762588528.png,public
Black Hat,Hat,accessory,,,black,gray,,,all-season,AI-detected Hat processed on 2025-11-08,black-hat-1762588794.png,public
Black Hat,Hat,accessory,,,black,gray,,,all-season,AI-detected Hat processed on 2025-11-08,black-hat-1762589589.png,public
Black Hat,Hat,accessory,,,black,gray,,,all-season,AI-detected Hat processed on 2025-11-08,black-hat-1762590433.png,public
Black Hat,Hat,accessory,,,black,gray,,,all-season,AI-detected Hat processed on 2025-11-08,black-hat-1762590627.png,public
Black Hat,Hat,accessory,,,black,gray,,,all-season,AI-detected Hat processed on 2025-11-08,black-hat-1762590703.png,public
Black Hat,Hat,accessory,,,black,gray,,,all-season,AI-detected Hat processed on 2025-11-08,black-hat-1762590773.png,public
Black Hat,Hat,accessory,,,black,gray,,,all-season,AI-detected Hat processed on 2025-11-08,black-hat-1762590872.png,public
Black Hat,Hat,accessory,,,black,gray,,,all-season,AI-detected Hat processed on 2025-11-08,black-hat-1762590982.png,public
Black Hat,Hat,accessory,,,black,gray,,,all-season,AI-detected Hat processed on 2025-11-08,black-hat-1762591046.png,public
Black Hat,Hat,accessory,,,black,gray,,,all-season,AI-detected Hat processed on 2025-11-08,black-hat-1762591491.png,public
Black Hat,Hat,accessory,,,black,gray,,,all-season,AI-detected Hat processed on 2025-11-08,black-hat-1762592643.png,public
Black Hat,Hat,accessory,,,black,gray,,,all-season,AI-detected Hat processed on 2025-11-08,black-hat-1762592817.png,public
Black Hat,Hat,accessory,,,black,gray,,,all-season,AI-detected Hat processed on 2025-11-08,black-hat-1762593375.png,public
Black Hat,Hat,accessory,,,black,gray,,,all-season,AI-detected Hat processed on 2025-11-08,black-hat-1762593588.png,public
Black Hat,Hat,accessory,,,black,gray,,,all-season,AI-detected Hat processed on 2025-11-08,black-hat-1762594627.png,public
Black Hat,Hat,accessory,,,black,gray,,,all-season,AI-detected Hat processed on 2025-11-08,black-hat-1762594976.png,public
Black Hat,Hat,accessory,,,black,gray,,,all-season,AI-detected Hat processed on 2025-11-08,black-hat-1762595036.png,public
Black Hat,Hat,accessory,,,black,gray,,,all-season,AI-detected Hat processed on 2025-11-08,black-hat-1762595238.png,public
Black Hat,Hat,accessory,,,black,gray,,,all-season,AI-detected Hat processed on 2025-11-08,black-hat-1762595497.png,public
Black Hat,Hat,accessory,,,black,gray,,,all-season,AI-detected Hat processed on 2025-11-08,black-hat-1762595521.png,public
Black Hat,Hat,accessory,,,black,gray,,,all-season,AI-detected Hat processed on 2025-11-08,black-hat-1762595631.png,public
Black Hat,Hat,accessory,,,black,gray,,,all-season,AI-detected Hat processed on 2025-11-08,black-hat-1762595661.png,public
Black Hat,Hat,accessory,,,black,gray,,,all-season,AI-detected Hat processed on 2025-11-08,black-hat-1762595691.png,public
Black Hat,Hat,accessory,,,black,gray,,,all-season,AI-detected Hat processed on 2025-11-08,black-hat-1762596917.png,public
Black Hat,Hat,accessory,,,black,gray,,,all-season,AI-detected Hat processed on 2025-11-08,black-hat-1762597006.png,public
Black Hat,Hat,accessory,,,black,gray,,,all-season,AI-detected Hat processed on 2025-11-08,black-hat-1762597093.png,public
Black Hat,Hat,accessory,,,black,gray,,,all-season,AI-detected Hat processed on 2025-11-08,black-hat-1762597469.png,public
Black Hat,Hat,accessory,,,black,gray,,,all-season,AI-detected Hat processed on 2025-11-08,black-hat-1762597814.png,public
Black Hat,Hat,accessory,,,black,gray,,,all-season,AI-detected Hat processed on 2025-11-08,black-hat-1762598037.png,public
Black Hat,Hat,accessory,,,black,gray,,,all-season,AI-detected Hat processed on 2025-11-08,black-hat-1762598312.png,public
Black Hat,Hat,accessory,,,black,gray,,,all-season,AI-detected Hat processed on 2025-11-08,black-hat-1762599435.png,public
Black Hat,Hat,accessory,,,black,gray,,,all-season,AI-detected Hat processed on 2025-11-08,black-hat-1762600142.png,public
Black Hat,Hat,accessory,,,black,gray,,,all-season,AI-detected Hat processed on 2025-11-08,black-hat-1762600175.png,public
Black Hat,Hat,accessory,,,black,gray,,,all-season,AI-detected Hat processed on 2025-11-08,black-hat-1762600278.png,public
Black Hat,Hat,accessory,,,black,gray,,,all-season,AI-detected Hat processed on 2025-11-08,black-hat-1762600672.png,public
Black Hat,Hat,accessory,,,black,gray,,,all-season,AI-detected Hat processed on 2025-11-08,black-hat-1762600918.png,public
Black Hat,Hat,accessory,,,black,gray,,,all-season,AI-detected Hat processed on 2025-11-08,black-hat-1762601067.png,public
Black Hat,Hat,accessory,,,black,gray,,,all-season,AI-detected Hat processed on 2025-11-08,black-hat-1762601966.png,public
Black Hat,Hat,accessory,,,black,gray,,,all-season,AI-detected Hat processed on 2025-11-08,black-hat-1762602018.png,public
Black Hat,Hat,accessory,,,black,gray,,,all-season,AI-detected Hat processed on 2025-11-08,black-hat-1762602244.png,public
Black Hat,Hat,accessory,,,black,gray,,,all-season,AI-detected Hat processed on 2025-11-08,black-hat-1762602471.png,public
Black Hat,Hat,accessory,,,black,gray,,,all-season,AI-detected Hat processed on 2025-11-08,black-hat-1762602563.png,public
Black Hat,Hat,accessory,,,black,gray,,,all-season,AI-detected Hat processed on 2025-11-08,black-hat-1762603279.png,public
Black Hat,Hat,accessory,,,black,gray,,,all-season,AI-detected Hat processed on 2025-11-08,black-hat-1762603313.png,public
Black Hat,Hat,accessory,,,black,gray,,,all-season,AI-detected Hat processed on 2025-11-08,black-hat-1762603383.png,public
Black Hat,Hat,accessory,,,black,gray,,,all-season,AI-detected Hat processed on 2025-11-08,black-hat-1762603713.png,public
Black Hat,Hat,accessory,,,black,gray,,,all-season,AI-detected Hat processed on 2025-11-08,black-hat-1762604055.png,public
Black Hat,Hat,accessory,,,black,gray,,,all-season,AI-detected Hat processed on 2025-11-08,black-hat-1762605259.png,public
Black Hat,Hat,accessory,,,black,gray,,,all-season,AI-detected Hat processed on 2025-11-08,black-hat-1762605797.png,public
Black Hat,Hat,accessory,,,black,gray,,,all-season,AI-detected Hat processed on 2025-11-08,black-hat-1762605925.png,public
Black Hat,Hat,accessory,,,black,gray,,,all-season,AI-detected Hat processed on 2025-11-08,black-hat-1762606251.png,public
Black Hat,Hat,accessory,,,black,gray,,,all-season,AI-detected Hat processed on 2025-11-08,black-hat-1762606276.png,public
Black Hat,Hat,accessory,,,black,gray,,,all-season,AI-detected Hat processed on 2025-11-08,black-hat-1762607058.png,public
Black Hat,Hat,accessory,,,black,gray,,,all-season,AI-detected Hat processed on 2025-11-08,black-hat-1762607410.png,public
Black Hat,Hat,accessory,,,black,gray,,,all-season,AI-detected Hat processed on 2025-11-08,black-hat-1762607423.png,public
Black Hat,Hat,accessory,,,black,gray,,,all-season,AI-detected Hat processed on 2025-11-08,black-hat-1762607495.png,public
Black Hat,Hat,accessory,,,black,gray,,,all-season,AI-detected Hat processed on 2025-11-08,black-hat-1762607511.png,public
Black Hat,Hat,accessory,,,black,gray|beige,,,all-season,AI-detected Hat processed on 2025-11-08,black-hat-1762569705.png,public
Black Hat,Hat,accessory,,,black,gray|beige,,,all-season,AI-detected Hat processed on 2025-11-08,black-hat-1762573010.png,public
Black Hat,Hat,accessory,,,black,gray|beige,,,all-season,AI-detected Hat processed on 2025-11-08,black-hat-1762573567.png,public
Black Hat,Hat,accessory,,,black,gray|beige,,,all-season,AI-detected Hat processed on 2025-11-08,black-hat-1762575120.png,public
Black Hat,Hat,accessory,,,black,gray|beige,,,all-season,AI-detected Hat processed on 2025-11-08,black-hat-1762577610.png,public
Black Hat,Hat,accessory,,,black,gray|beige,,,all-season,AI-detected Hat processed on 2025-11-08,black-hat-1762578787.png,public
Black Hat,Hat,accessory,,,black,gray|beige,,,all-season,AI-detected Hat processed on 2025-11-08,black-hat-1762581441.png,public
Black Hat,Hat,accessory,,,black,gray|beige,,,all-season,AI-detected Hat processed on 2025-11-08,black-hat-1762583392.png,public
Black Hat,Hat,accessory,,,black,gray|beige,,,all-season,AI-detected Hat processed on 2025-11-08,black-hat-1762584806.png,public
Black Hat,Hat,accessory,,,black,gray|beige,,,all-season,AI-detected Hat processed on 2025-11-08,black-hat-1762587714.png,public
Black Hat,Hat,accessory,,,black,gray|beige,,,all-season,AI-detected Hat processed on 2025-11-08,black-hat-1762588010.png,public
Black Hat,Hat,accessory,,,black,gray|beige,,,all-season,AI-detected Hat processed on 2025-11-08,black-hat-1762595920.png,public
Black Hat,Hat,accessory,,,black,gray|beige,,,all-season,AI-detected Hat processed on 2025-11-08,black-hat-1762598053.png,public
Black Hat,Hat,accessory,,,black,gray|beige,,,all-season,AI-detected Hat processed on 2025-11-08,black-hat-1762599405.png,public
Black Hat,Hat,accessory,,,black,gray|brown,,,all-season,AI-detected Hat processed on 2025-11-08,black-hat-1762569099.png,public
Black Hat,Hat,accessory,,,black,gray|brown,,,all-season,AI-detected Hat processed on 2025-11-08,black-hat-1762577493.png,public
Black Hat,Hat,accessory,,,black,gray|brown,,,all-season,AI-detected Hat processed on 2025-11-08,black-hat-1762583808.png,public
Black Hat,Hat,accessory,,,black,gray|brown,,,all-season,AI-detected Hat processed on 2025-11-08,black-hat-1762587492.png,public
Black Hat,Hat,accessory,,,black,gray|brown,,,all-season,AI-detected Hat processed on 2025-11-08,black-hat-1762595214.png,public
Black Hat,Hat,accessory,,,black,gray|brown,,,all-season,AI-detected Hat processed on 2025-11-08,black-hat-1762595454.png,public
Black Hat,Hat,accessory,,,black,gray|brown,,,all-season,AI-detected Hat processed on 2025-11-08,black-hat-1762598835.png,public
Black Hat,Hat,accessory,,,black,gray|maroon,,,all-season,AI-detected Hat processed on 2025-11-08,black-hat-1762569460.png,public
Black Hat,Hat,accessory,,,black,gray|maroon,,,all-season,AI-detected Hat processed on 2025-11-08,black-hat-1762570202.png,public
Black Hat,Hat,accessory,,,black,gray|maroon,,,all-season,AI-detected Hat processed on 2025-11-08,black-hat-1762570395.png,public
Black Hat,Hat,accessory,,,black,gray|maroon,,,all-season,AI-detected Hat processed on 2025-11-08,black-hat-1762571899.png,public
Black Hat,Hat,accessory,,,black,gray|maroon,,,all-season,AI-detected Hat processed on 2025-11-08,black-hat-1762580812.png,public
Black Hat,Hat,accessory,,,black,gray|maroon,,,all-season,AI-detected Hat processed on 2025-11-08,black-hat-1762580902.png,public
Black Hat,Hat,accessory,,,black,gray|maroon,,,all-season,AI-detected Hat processed on 2025-11-08,black-hat-1762582393.png,public
Black Hat,Hat,accessory,,,black,gray|pink,,,all-season,AI-detected Hat processed on 2025-11-08,black-hat-1762570853.png,public
Black Hat,Hat,accessory,,,black,gray|pink,,,all-season,AI-detected Hat processed on 2025-11-08,black-hat-1762571079.png,public
Black Hat,Hat,accessory,,,black,gray|pink,,,all-season,AI-detected Hat processed on 2025-11-08,black-hat-1762571329.png,public
Black Hat,Hat,accessory,,,black,gray|pink,,,all-season,AI-detected Hat processed on 2025-11-08,black-hat-1762573407.png,public
Black Hat,Hat,accessory,,,black,gray|pink,,,all-season,AI-detected Hat processed on 2025-11-08,black-hat-1762574373.png,public
Black Hat,Hat,accessory,,,black,gray|pink,,,all-season,AI-detected Hat processed on 2025-11-08,black-hat-1762578104.png,public
Black Hat,Hat,accessory,,,black,gray|pink,,,all-season,AI-detected Hat processed on 2025-11-08,black-hat-1762578827.png,public
Black Hat,Hat,accessory,,,black,gray|pink,,,all-season,AI-detected Hat processed on 2025-11-08,black-hat-1762578983.png,public
Black Hat,Hat,accessory,,,black,gray|pink,,,all-season,AI-detected Hat processed on 2025-11-08,black-hat-1762580484.png,public
Black Hat,Hat,accessory,,,black,gray|pink,,,all-season,AI-detected Hat processed on 2025-11-08,black-hat-1762580694.png,public
Black Hat,Hat,accessory,,,black,gray|pink,,,all-season,AI-detected Hat processed on 2025-11-08,black-hat-1762580774.png,public
Black Hat,Hat,accessory,,,black,gray|pink,,,all-season,AI-detected Hat processed on 2025-11-08,black-hat-1762585599.png,public
Black Hat,Hat,accessory,,,black,gray|pink,,,all-season,AI-detected Hat processed on 2025-11-08,black-hat-1762586046.png,public
Black Hat,Hat,accessory,,,black,gray|pink,,,all-season,AI-detected Hat processed on 2025-11-08,black-hat-1762586368.png,public
Black Hat,Hat,accessory,,,black,gray|pink,,,all-season,AI-detected Hat processed on 2025-11-08,black-hat-1762586634.png,public
Black Hat,Hat,accessory,,,black,gray|pink,,,all-season,AI-detected Hat processed on 2025-11-08,black-hat-1762586758.png,public
Black Hat,Hat,accessory,,,black,gray|pink,,,all-season,AI-detected Hat processed on 2025-11-08,black-hat-1762587927.png,public
Black Hat,Hat,accessory,,,black,gray|pink,,,all-season,AI-detected Hat processed on 2025-11-08,black-hat-1762589468.png,public
Black Hat,Hat,accessory,,,black,gray|pink,,,all-season,AI-detected Hat processed on 2025-11-08,black-hat-1762592774.png,public
Black Hat,Hat,accessory,,,black,gray|pink,,,all-season,AI-detected Hat processed on 2025-11-08,black-hat-1762593350.png,public
Black Hat,Hat,accessory,,,black,gray|pink,,,all-season,AI-detected Hat processed on 2025-11-08,black-hat-1762597319.png,public
Black Hat,Hat,accessory,,,black,gray|pink,,,all-season,AI-detected Hat processed on 2025-11-08,black-hat-1762597634.png,public
Black Hat,Hat,accessory,,,black,gray|pink,,,all-season,AI-detected Hat processed on 2025-11-08,black-hat-1762599068.png,public
Black Hat,Hat,accessory,,,black,gray|pink,,,all-season,AI-detected Hat processed on 2025-11-08,black-hat-1762600209.png,public
Black Hat,Hat,accessory,,,black,gray|pink,,,all-season,AI-detected Hat processed on 2025-11-08,black-hat-1762601012.png,public
Black Hat,Hat,accessory,,,black,gray|pink,,,all-season,AI-detected Hat processed on 2025-11-08,black-hat-1762601788.png,public
Black Hat,Hat,accessory,,,black,gray|pink,,,all-season,AI-detected Hat processed on 2025-11-08,black-hat-1762602412.png,public
Black Hat,Hat,accessory,,,black,gray|pink,,,all-season,AI-detected Hat processed on 2025-11-08,black-hat-1762602832.png,public
Black Hat,Hat,accessory,,,black,gray|pink,,,all-season,AI-detected Hat processed on 2025-11-08,black-hat-1762603431.png,public
Black Hat,Hat,accessory,,,black,gray|pink,,,all-season,AI-detected Hat processed on 2025-11-08,black-hat-1762606386.png,public
Black Hat,Hat,accessory,,,black,gray|pink,,,all-season,AI-detected Hat processed on 2025-11-08,black-hat-1762607132.png,public
Black Hat,Hat,accessory,,,black,gray|teal,,,all-season,AI-detected Hat processed on 2025-11-08,black-hat-1762588278.png,public
Black Hat,Hat,accessory,,,black,maroon,,,all-season,AI-detected Hat processed on 2025-11-08,black-hat-1762579710.png,public
Black Hat,Hat,accessory,,,black,maroon,,,all-season,AI-detected Hat processed on 2025-11-08,black-hat-1762582802.png,public
Black Hat,Hat,accessory,,,black,maroon,,,all-season,AI-detected Hat processed on 2025-11-08,black-hat-1762586826.png,public
Black Hat,Hat,accessory,,,black,maroon,,,all-season,AI-detected Hat processed on 2025-11-08,black-hat-1762587559.png,public
Black Hat,Hat,accessory,,,black,maroon,,,all-season,AI-detected Hat processed on 2025-11-08,black-hat-1762607102.png,public
Black Hat,Hat,accessory,,,black,maroon|gray,,,all-season,AI-detected Hat processed on 2025-11-08,black-hat-1762601101.png,public
Black Hat,Hat,accessory,,,black,maroon|gray,,,all-season,AI-detected Hat processed on 2025-11-08,black-hat-1762604567.png,public
Black Hat,Hat,accessory,,,black,maroon|pink,,,all-season,AI-detected Hat processed on 2025-11-08,black-hat-1762572526.png,public
Black Hat,Hat,accessory,,,black,navy,,,all-season,AI-detected Hat processed on 2025-11-08,black-hat-1762568999.png,public
Black Hat,Hat,accessory,,,black,navy,,,all-season,AI-detected Hat processed on 2025-11-08,black-hat-1762576604.png,public
Black Hat,Hat,accessory,,,black,navy,,,all-season,AI-detected Hat processed on 2025-11-08,black-hat-1762581187.png,public
Black Hat,Hat,accessory,,,black,navy,,,all-season,AI-detected Hat processed on 2025-11-08,black-hat-1762582521.png,public
Black Hat,Hat,accessory,,,black,navy,,,all-season,AI-detected Hat processed on 2025-11-08,black-hat-1762584027.png,public
Black Hat,Hat,accessory,,,black,navy,,,all-season,AI-detected Hat processed on 2025-11-08,black-hat-1762587687.png,public
Black Hat,Hat,accessory,,,black,navy,,,all-season,AI-detected Hat processed on 2025-11-08,black-hat-1762592276.png,public
Black Hat,Hat,accessory,,,black,navy,,,all-season,AI-detected Hat processed on 2025-11-08,black-hat-1762596203.png,public
Black Hat,Hat,accessory,,,black,navy,,,all-season,AI-detected Hat processed on 2025-11-08,black-hat-1762596744.png,public
Black Hat,Hat,accessory,,,black,navy,,,all-season,AI-detected Hat processed on 2025-11-08,black-hat-1762602618.png,public
Black Hat,Hat,accessory,,,black,navy,,,all-season,AI-detected Hat processed on 2025-11-08,black-hat-1762604463.png,public
Black Hat,Hat,accessory,,,black,navy,,,all-season,AI-detected Hat processed on 2025-11-08,black-hat-1762605337.png,public
Black Hat,Hat,accessory,,,black,navy|gray,,,all-season,AI-detected Hat processed on 2025-11-08,black-hat-1762594068.png,public
Black Hat,Hat,accessory,,,black,navy|gray,,,all-season,AI-detected Hat processed on 2025-11-08,black-hat-1762603988.png,public
Black Hat,Hat,accessory,,,black,navy|pink,,,all-season,AI-detected Hat processed on 2025-11-08,black-hat-1762572479.png,public
Black Hat,Hat,accessory,,,black,olive,,,all-season,AI-detected Hat processed on 2025-11-08,black-hat-1762587549.png,public
Black Hat,Hat,accessory,,,black,olive|gray,,,all-season,AI-detected Hat processed on 2025-11-08,black-hat-1762569076.png,public
Black Hat,Hat,accessory,,,black,olive|gray,,,all-season,AI-detected Hat processed on 2025-11-08,black-hat-1762597602.png,public
Black Hat,Hat,accessory,,,black,olive|gray,,,all-season,AI-detected Hat processed on 2025-11-08,black-hat-1762604168.png,public
Black Hat,Hat,accessory,,,black,olive|gray,,,all-season,AI-detected Hat processed on 2025-11-08,black-hat-1762607564.png,public
Black Hat,Hat,accessory,,,black,orange|gray,,,all-season,AI-detected Hat processed on 2025-11-08,black-hat-1762607569.png,public
Black Hat,Hat,accessory,,,black,orange|pink,,,all-season,AI-detected Hat processed on 2025-11-08,black-hat-1762588433.png,public
Black Hat,Hat,accessory,,,black,pink,,,all-season,AI-detected Hat processed on 2025-11-08,black-hat-1762570178.png,public
Black Hat,Hat,accessory,,,black,pink,,,all-season,AI-detected Hat processed on 2025-11-08,black-hat-1762570424.png,public
Black Hat,Hat,accessory,,,black,pink,,,all-season,AI-detected Hat processed on 2025-11-08,black-hat-1762571675.png,public
Black Hat,Hat,accessory,,,black,pink,,,all-season,AI-detected Hat processed on 2025-11-08,black-hat-1762572133.png,public
Black Hat,Hat,accessory,,,black,pink,,,all-season,AI-detected Hat processed on 2025-11-08,black-hat-1762573580.png,public
Black Hat,Hat,accessory,,,black,pink,,,all-season,AI-detected Hat processed on 2025-11-08,black-hat-1762574854.png,public
Black Hat,Hat,accessory,,,black,pink,,,all-season,AI-detected Hat processed on 2025-11-08,black-hat-1762575691.png,public
Black Hat,Hat,accessory,,,black,pink,,,all-season,AI-detected Hat processed on 2025-11-08,black-hat-1762575901.png,public
Black Hat,Hat,accessory,,,black,pink,,,all-season,AI-detected Hat processed on 2025-11-08,black-hat-1762576083.png,public
Black Hat,Hat,accessory,,,black,pink,,,all-season,AI-detected Hat processed on 2025-11-08,black-hat-1762576312.png,public
Black Hat,Hat,accessory,,,black,pink,,,all-season,AI-detected Hat processed on 2025-11-08,black-hat-1762578257.png,public
Black Hat,Hat,accessory,,,black,pink,,,all-season,AI-detected Hat processed on 2025-11-08,black-hat-1762580261.png,public
Black Hat,Hat,accessory,,,black,pink,,,all-season,AI-detected Hat processed on 2025-11-08,black-hat-1762580307.png,public
Black Hat,Hat,accessory,,,black,pink,,,all-season,AI-detected Hat processed on 2025-11-08,black-hat-1762581930.png,public
Black Hat,Hat,accessory,,,black,pink,,,all-season,AI-detected Hat processed on 2025-11-08,black-hat-1762587077.png,public
Black Hat,Hat,accessory,,,black,pink,,,all-season,AI-detected Hat processed on 2025-11-08,black-hat-1762587997.png,public
Black Hat,Hat,accessory,,,black,pink,,,all-season,AI-detected Hat processed on 2025-11-08,black-hat-1762589095.png,public
Black Hat,Hat,accessory,,,black,pink,,,all-season,AI-detected Hat processed on 2025-11-08,black-hat-1762590589.png,public
Black Hat,Hat,accessory,,,black,pink,,,all-season,AI-detected Hat processed on 2025-11-08,black-hat-1762591660.png,public
Black Hat,Hat,accessory,,,black,pink,,,all-season,AI-detected Hat processed on 2025-11-08,black-hat-1762591946.png,public
Black Hat,Hat,accessory,,,black,pink,,,all-season,AI-detected Hat processed on 2025-11-08,black-hat-1762591960.png,public
Black Hat,Hat,accessory,,,black,pink,,,all-season,AI-detected Hat processed on 2025-11-08,black-hat-1762592207.png,public
Black Hat,Hat,accessory,,,black,pink,,,all-season,AI-detected Hat processed on 2025-11-08,black-hat-1762592401.png,public
Black Hat,Hat,accessory,,,black,pink,,,all-season,AI-detected Hat processed on 2025-11-08,black-hat-1762592791.png,public
Black Hat,Hat,accessory,,,black,pink,,,all-season,AI-detected Hat processed on 2025-11-08,black-hat-1762595461.png,public
Black Hat,Hat,accessory,,,black,pink,,,all-season,AI-detected Hat processed on 2025-11-08,black-hat-1762598304.png,public
Black Hat,Hat,accessory,,,black,pink,,,all-season,AI-detected Hat processed on 2025-11-08,black-hat-1762600507.png,public
Black Hat,Hat,accessory,,,black,pink,,,all-season,AI-detected Hat processed on 2025-11-08,black-hat-1762601397.png,public
Black Hat,Hat,accessory,,,black,pink,,,all-season,AI-detected Hat processed on 2025-11-08,black-hat-1762602068.png,public
Black Hat,Hat,accessory,,,black,pink,,,all-season,AI-detected Hat processed on 2025-11-08,black-hat-1762602308.png,public
Black Hat,Hat,accessory,,,black,pink,,,all-season,AI-detected Hat processed on 2025-11-08,black-hat-1762603435.png,public
Black Hat,Hat,accessory,,,black,pink,,,all-season,AI-detected Hat processed on 2025-11-08,black-hat-1762603470.png,public
Black Hat,Hat,accessory,,,black,pink,,,all-season,AI-detected Hat processed on 2025-11-08,black-hat-1762603684.png,public
Black Hat,Hat,accessory,,,black,pink,,,all-season,AI-detected Hat processed on 2025-11-08,black-hat-1762603743.png,public
Black Hat,Hat,accessory,,,black,pink,,,all-season,AI-detected Hat processed on 2025-11-08,black-hat-1762603843.png,public
Black Hat,Hat,accessory,,,black,pink,,,all-season,AI-detected Hat processed on 2025-11-08,black-hat-1762604681.png,public
Black Hat,Hat,accessory,,,black,pink,,,all-season,AI-detected Hat processed on 2025-11-08,black-hat-1762605101.png,public
Black Hat,Hat,accessory,,,black,pink,,,all-season,AI-detected Hat processed on 2025-11-08,black-hat-1762606794.png,public
Black Hat,Hat,accessory,,,black,pink|beige,,,all-season,AI-detected Hat processed on 2025-11-08,black-hat-1762576752.png,public
Black Hat,Hat,accessory,,,black,pink|beige,,,all-season,AI-detected Hat processed on 2025-11-08,black-hat-1762580044.png,public
Black Hat,Hat,accessory,,,black,pink|beige,,,all-season,AI-detected Hat processed on 2025-11-08,black-hat-1762582057.png,public
Black Hat,Hat,accessory,,,black,pink|beige,,,all-season,AI-detected Hat processed on 2025-11-08,black-hat-1762582371.png,public
Black Hat,Hat,accessory,,,black,pink|beige,,,all-season,AI-detected Hat processed on 2025-11-08,black-hat-1762584312.png,public
Black Hat,Hat,accessory,,,black,pink|beige,,,all-season,AI-detected Hat processed on 2025-11-08,black-hat-1762585858.png,public
Black Hat,Hat,accessory,,,black,pink|beige,,,all-season,AI-detected Hat processed on 2025-11-08,black-hat-1762589443.png,public
Black Hat,Hat,accessory,,,black,pink|brown,,,all-season,AI-detected Hat processed on 2025-11-08,black-hat-1762571036.png,public
Black Hat,Hat,accessory,,,black,pink|brown,,,all-season,AI-detected Hat processed on 2025-11-08,black-hat-1762573400.png,public
Black Hat,Hat,accessory,,,black,pink|brown,,,all-season,AI-detected Hat processed on 2025-11-08,black-hat-1762581551.png,public
Black Hat,Hat,accessory,,,black,pink|brown,,,all-season,AI-detected Hat processed on 2025-11-08,black-hat-1762584670.png,public
Black Hat,Hat,accessory,,,black,pink|brown,,,all-season,AI-detected Hat processed on 2025-11-08,black-hat-1762589832.png,public
Black Hat,Hat,accessory,,,black,pink|brown,,,all-season,AI-detected Hat processed on 2025-11-08,black-hat-1762597691.png,public
Black Hat,Hat,accessory,,,black,pink|gray,,,all-season,AI-detected Hat processed on 2025-11-08,black-hat-1762569436.png,public
Black Hat,Hat,accessory,,,black,pink|gray,,,all-season,AI-detected Hat processed on 2025-11-08,black-hat-1762569537.png,public
Black Hat,Hat,accessory,,,black,pink|gray,,,all-season,AI-detected Hat processed on 2025-11-08,black-hat-1762570006.png,public
Black Hat,Hat,accessory,,,black,pink|gray,,,all-season,AI-detected Hat processed on 2025-11-08,black-hat-1762570151.png,public
Black Hat,Hat,accessory,,,black,pink|gray,,,all-season,AI-detected Hat processed on 2025-11-08,black-hat-1762570181.png,public
Black Hat,Hat,accessory,,,black,pink|gray,,,all-season,AI-detected Hat processed on 2025-11-08,black-hat-1762570450.png,public
Black Hat,Hat,accessory,,,black,pink|gray,,,all-season,AI-detected Hat processed on 2025-11-08,black-hat-1762570956.png,public
Black Hat,Hat,accessory,,,black,pink|gray,,,all-season,AI-detected Hat processed on 2025-11-08,black-hat-1762571582.png,public
Black Hat,Hat,accessory,,,black,pink|gray,,,all-season,AI-detected Hat processed on 2025-11-08,black-hat-1762571614.png,public
Black Hat,Hat,accessory,,,black,pink|gray,,,all-season,AI-detected Hat processed on 2025-11-08,black-hat-1762572340.png,public
Black Hat,Hat,accessory,,,black,pink|gray,,,all-season,AI-detected Hat processed on 2025-11-08,black-hat-1762573776.png,public
Black Hat,Hat,accessory,,,black,pink|gray,,,all-season,AI-detected Hat processed on 2025-11-08,black-hat-1762575039.png,public
Black Hat,Hat,accessory,,,black,pink|gray,,,all-season,AI-detected Hat processed on 2025-11-08,black-hat-1762576099.png,public
Black Hat,Hat,accessory,,,black,pink|gray,,,all-season,AI-detected Hat processed on 2025-11-08,black-hat-1762576181.png,public
Black Hat,Hat,accessory,,,black,pink|gray,,,all-season,AI-detected Hat processed on 2025-11-08,black-hat-1762576735.png,public
Black Hat,Hat,accessory,,,black,pink|gray,,,all-season,AI-detected Hat processed on 2025-11-08,black-hat-1762576800.png,public
Black Hat,Hat,accessory,,,black,pink|gray,,,all-season,AI-detected Hat processed on 2025-11-08,black-hat-1762578514.png,public
Black Hat,Hat,accessory,,,black,pink|gray,,,all-season,AI-detected Hat processed on 2025-11-08,black-hat-1762578989.png,public
Black Hat,Hat,accessory,,,black,pink|gray,,,all-season,AI-detected Hat processed on 2025-11-08,black-hat-1762579449.png,public
Black Hat,Hat,accessory,,,black,pink|gray,,,all-season,AI-detected Hat processed on 2025-11-08,black-hat-1762579929.png,public
Black Hat,Hat,accessory,,,black,pink|gray,,,all-season,AI-detected Hat processed on 2025-11-08,black-hat-1762581645.png,public
Black Hat,Hat,accessory,,,black,pink|gray,,,all-season,AI-detected Hat processed on 2025-11-08,black-hat-1762581680.png,public
Black Hat,Hat,accessory,,,black,pink|gray,,,all-season,AI-detected Hat processed on 2025-11-08,black-hat-1762582110.png,public
Black Hat,Hat,accessory,,,black,pink|gray,,,all-season,AI-detected Hat processed on 2025-11-08,black-hat-1762582484.png,public
Black Hat,Hat,accessory,,,black,pink|gray,,,all-season,AI-detected Hat processed on 2025-11-08,black-hat-1762583200.png,public
Black Hat,Hat,accessory,,,black,pink|gray,,,all-season,AI-detected Hat processed on 2025-11-08,black-hat-1762583478.png,public
Black Hat,Hat,accessory,,,black,pink|gray,,,all-season,AI-detected Hat processed on 2025-11-08,black-hat-1762583905.png,public
Black Hat,Hat,accessory,,,black,pink|gray,,,all-season,AI-detected Hat processed on 2025-11-08,black-hat-1762585170.png,public
Black Hat,Hat,accessory,,,black,pink|gray,,,all-season,AI-detected Hat processed on 2025-11-08,black-hat-1762585656.png,public
Black Hat,Hat,accessory,,,black,pink|gray,,,all-season,AI-detected Hat processed on 2025-11-08,black-hat-1762586212.png,public
Black Hat,Hat,accessory,,,black,pink|gray,,,all-season,AI-detected Hat processed on 2025-11-08,black-hat-1762586538.png,public
Black Hat,Hat,accessory,,,black,pink|gray,,,all-season,AI-detected Hat processed on 2025-11-08,black-hat-1762586903.png,public
Black Hat,Hat,accessory,,,black,pink|gray,,,all-season,AI-detected Hat processed on 2025-11-08,black-hat-1762587552.png,public
Black Hat,Hat,accessory,,,black,pink|gray,,,all-season,AI-detected Hat processed on 2025-11-08,black-hat-1762587798.png,public
Black Hat,Hat,accessory,,,black,pink|gray,,,all-season,AI-detected Hat processed on 2025-11-08,black-hat-1762588085.png,public
Black Hat,Hat,accessory,,,black,pink|gray,,,all-season,AI-detected Hat processed on 2025-11-08,black-hat-1762588559.png,public
Black Hat,Hat,accessory,,,black,pink|gray,,,all-season,AI-detected Hat processed on 2025-11-08,black-hat-1762590358.png,public
Black Hat,Hat,accessory,,,black,pink|gray,,,all-season,AI-detected Hat processed on 2025-11-08,black-hat-1762592356.png,public
Black Hat,Hat,accessory,,,black,pink|gray,,,all-season,AI-detected Hat processed on 2025-11-08,black-hat-1762593123.png,public
Black Hat,Hat,accessory,,,black,pink|gray,,,all-season,AI-detected Hat processed on 2025-11-08,black-hat-1762593160.png,public
Black Hat,Hat,accessory,,,black,pink|gray,,,all-season,AI-detected Hat processed on 2025-11-08,black-hat-1762593232.png,public
Black Hat,Hat,accessory,,,black,pink|gray,,,all-season,AI-detected Hat processed on 2025-11-08,black-hat-1762593382.png,public
Black Hat,Hat,accessory,,,black,pink|gray,,,all-season,AI-detected Hat processed on 2025-11-08,black-hat-1762593869.png,public
Black Hat,Hat,accessory,,,black,pink|gray,,,all-season,AI-detected Hat processed on 2025-11-08,black-hat-1762594957.png,public
Black Hat,Hat,accessory,,,black,pink|gray,,,all-season,AI-detected Hat processed on 2025-11-08,black-hat-1762595621.png,public
Black Hat,Hat,accessory,,,black,pink|gray,,,all-season,AI-detected Hat processed on 2025-11-08,black-hat-1762595829.png,public
Black Hat,Hat,accessory,,,black,pink|gray,,,all-season,AI-detected Hat processed on 2025-11-08,black-hat-1762596191.png,public
Black Hat,Hat,accessory,,,black,pink|gray,,,all-season,AI-detected Hat processed on 2025-11-08,black-hat-1762596458.png,public
Black Hat,Hat,accessory,,,black,pink|gray,,,all-season,AI-detected Hat processed on 2025-11-08,black-hat-1762596479.png,public
Black Hat,Hat,accessory,,,black,pink|gray,,,all-season,AI-detected Hat processed on 2025-11-08,black-hat-1762596562.png,public
Black Hat,Hat,accessory,,,black,pink|gray,,,all-season,AI-detected Hat processed on 2025-11-08,black-hat-1762596605.png,public
Black Hat,Hat,accessory,,,black,pink|gray,,,all-season,AI-detected Hat processed on 2025-11-08,black-hat-1762596713.png,public
Black Hat,Hat,accessory,,,black,pink|gray,,,all-season,AI-detected Hat processed on 2025-11-08,black-hat-1762597067.png,public
Black Hat,Hat,accessory,,,black,pink|gray,,,all-season,AI-detected Hat processed on 2025-11-08,black-hat-1762597098.png,public
Black Hat,Hat,accessory,,,black,pink|gray,,,all-season,AI-detected Hat processed on 2025-11-08,black-hat-1762597574.png,public
Black Hat,Hat,accessory,,,black,pink|gray,,,all-season,AI-detected Hat processed on 2025-11-08,black-hat-1762598250.png,public
Black Hat,Hat,accessory,,,black,pink|gray,,,all-season,AI-detected Hat processed on 2025-11-08,black-hat-1762598486.png,public
Black Hat,Hat,accessory,,,black,pink|gray,,,all-season,AI-detected Hat processed on 2025-11-08,black-hat-1762598596.png,public
Black Hat,Hat,accessory,,,black,pink|gray,,,all-season,AI-detected Hat processed on 2025-11-08,black-hat-1762599625.png,public
Black Hat,Hat,accessory,,,black,pink|gray,,,all-season,AI-detected Hat processed on 2025-11-08,black-hat-1762599789.png,public
Black Hat,Hat,accessory,,,black,pink|gray,,,all-season,AI-detected Hat processed on 2025-11-08,black-hat-1762600150.png,public
Black Hat,Hat,accessory,,,black,pink|gray,,,all-season,AI-detected Hat processed on 2025-11-08,black-hat-1762601405.png,public
Black Hat,Hat,accessory,,,black,pink|gray,,,all-season,AI-detected Hat processed on 2025-11-08,black-hat-1762601484.png,public
Black Hat,Hat,accessory,,,black,pink|gray,,,all-season,AI-detected Hat processed on 2025-11-08,black-hat-1762601562.png,public
Black Hat,Hat,accessory,,,black,pink|gray,,,all-season,AI-detected Hat processed on 2025-11-08,black-hat-1762601740.png,public
Black Hat,Hat,accessory,,,black,pink|gray,,,all-season,AI-detected Hat processed on 2025-11-08,black-hat-1762602419.png,public
Black Hat,Hat,accessory,,,black,pink|gray,,,all-season,AI-detected Hat processed on 2025-11-08,black-hat-1762603123.png,public
Black Hat,Hat,accessory,,,black,pink|gray,,,all-season,AI-detected Hat processed on 2025-11-08,black-hat-1762603840.png,public
Black Hat,Hat,accessory,,,black,pink|gray,,,all-season,AI-detected Hat processed on 2025-11-08,black-hat-1762604552.png,public
Black Hat,Hat,accessory,,,black,pink|gray,,,all-season,AI-detected Hat processed on 2025-11-08,black-hat-1762605049.png,public
Black Hat,Hat,accessory,,,black,pink|gray,,,all-season,AI-detected Hat processed on 2025-11-08,black-hat-1762605226.png,public
Black Hat,Hat,accessory,,,black,pink|gray,,,all-season,AI-detected Hat processed on 2025-11-08,black-hat-1762605376.png,public
Black Hat,Hat,accessory,,,black,pink|gray,,,all-season,AI-detected Hat processed on 2025-11-08,black-hat-1762605501.png,public
Black Hat,Hat,accessory,,,black,pink|gray,,,all-season,AI-detected Hat processed on 2025-11-08,black-hat-1762605681.png,public
Black Hat,Hat,accessory,,,black,pink|gray,,,all-season,AI-detected Hat processed on 2025-11-08,black-hat-1762606211.png,public
Black Hat,Hat,accessory,,,black,pink|gray,,,all-season,AI-detected Hat processed on 2025-11-08,black-hat-1762606267.png,public
Black Hat,Hat,accessory,,,black,pink|gray,,,all-season,AI-detected Hat processed on 2025-11-08,black-hat-1762606338.png,public
Black Hat,Hat,accessory,,,black,pink|gray,,,all-season,AI-detected Hat processed on 2025-11-08,black-hat-1762607215.png,public
Black Hat,Hat,accessory,,,black,pink|maroon,,,all-season,AI-detected Hat processed on 2025-11-08,black-hat-1762604324.png,public
Black Hat,Hat,accessory,,,black,pink|maroon,,,all-season,AI-detected Hat processed on 2025-11-08,black-hat-1762605708.png,public
Black Hat,Hat,accessory,,,black,pink|navy,,,all-season,AI-detected Hat processed on 2025-11-08,black-hat-1762598517.png,public
Black Hat,Hat,accessory,,,black,pink|navy,,,all-season,AI-detected Hat processed on 2025-11-08,black-hat-1762607648.png,public
Black Hat,Hat,accessory,,,black,pink|olive,,,all-season,AI-detected Hat processed on 2025-11-08,black-hat-1762579642.png,public
Black Hat,Hat,accessory,,,black,purple,,,all-season,AI-detected Hat processed on 2025-11-08,black-hat-1762578189.png,public
Black Hat,Hat,accessory,,,black,purple,,,all-season,AI-detected Hat processed on 2025-11-08,black-hat-1762581649.png,public
Black Hat,Hat,accessory,,,black,purple,,,all-season,AI-detected Hat processed on 2025-11-08,black-hat-1762588368.png,public
Black Hat,Hat,accessory,,,black,purple|pink,,,all-season,AI-detected Hat processed on 2025-11-08,black-hat-1762574978.png,public
Black Hat,Hat,accessory,,,black,red|beige,,,all-season,AI-detected Hat processed on 2025-11-08,black-hat-1762607658.png,public
Black Hat,Hat,accessory,,,black,red|pink,,,all-season,AI-detected Hat processed on 2025-11-08,black-hat-1762583671.png,public
Black Hat,Hat,accessory,,,black,teal,,,all-season,AI-detected Hat processed on 2025-11-08,black-hat-1762573805.png,public
Black Hat,Hat,accessory,,,black,teal,,,all-season,AI-detected Hat processed on 2025-11-08,black-hat-1762574821.png,public
Black Hat,Hat,accessory,,,black,teal,,,all-season,AI-detected Hat processed on 2025-11-08,black-hat-1762578590.png,public
Black Hat,Hat,accessory,,,black,teal,,,all-season,AI-detected Hat processed on 2025-11-08,black-hat-1762579803.png,public
Black Hat,Hat,accessory,,,black,teal,,,all-season,AI-detected Hat processed on 2025-11-08,black-hat-1762593786.png,public
Black Hat,Hat,accessory,,,black,teal|gray,,,all-season,AI-detected Hat processed on 2025-11-08,black-hat-1762589110.png,public
Black Hat,Hat,accessory,,,black,teal|pink,,,all-season,AI-detected Hat processed on 2025-11-08,black-hat-1762574000.png,public
Black Hat,Hat,accessory,,,black,teal|pink,,,all-season,AI-detected Hat processed on 2025-11-08,black-hat-1762604688.png,public
Black Hat,Hat,accessory,,,black,white,,,all-season,AI-detected Hat processed on 2025-11-08,black-hat-1762582061.png,public
Black Hat,Hat,accessory,,,black,white,,,all-season,AI-detected Hat processed on 2025-11-08,black-hat-1762589027.png,public
Black Hat,Hat,accessory,,,black,white,,,all-season,AI-detected Hat processed on 2025-11-08,black-hat-1762590049.png,public
Black Hat,Hat,accessory,,,black,white,,,all-season,AI-detected Hat processed on 2025-11-08,black-hat-1762590352.png,public
Black Hat,Hat,accessory,,,black,white,,,all-season,AI-detected Hat processed on 2025-11-08,black-hat-1762590672.png,public
Black Hat,Hat,accessory,,,black,white,,,all-season,AI-detected Hat processed on 2025-11-08,black-hat-1762595647.png,public
Black Hat,Hat,accessory,,,black,white|gray,,,all-season,AI-detected Hat processed on 2025-11-08,black-hat-1762568953.png,public
Black Hat,Hat,accessory,,,black,white|gray,,,all-season,AI-detected Hat processed on 2025-11-08,black-hat-1762569131.png,public
Black Hat,Hat,accessory,,,black,white|gray,,,all-season,AI-detected Hat processed on 2025-11-08,black-hat-1762569761.png,public
Black Hat,Hat,accessory,,,black,white|gray,,,all-season,AI-detected Hat processed on 2025-11-08,black-hat-1762577932.png,public
Black Hat,Hat,accessory,,,black,white|gray,,,all-season,AI-detected Hat processed on 2025-11-08,black-hat-1762586109.png,public
Black Hat,Hat,accessory,,,black,white|gray,,,all-season,AI-detected Hat processed on 2025-11-08,black-hat-1762594129.png,public
Black Hat,Hat,accessory,,,black,white|gray,,,all-season,AI-detected Hat processed on 2025-11-08,black-hat-1762594187.png,public
Black Hat,Hat,accessory,,,black,white|gray,,,all-season,AI-detected Hat processed on 2025-11-08,black-hat-1762599028.png,public
Black Hat,Hat,accessory,,,black,white|pink,,,all-season,AI-detected Hat processed on 2025-11-08,black-hat-1762576640.png,public
Black Hat,Hat,accessory,,,black,white|pink,,,all-season,AI-detected Hat processed on 2025-11-08,black-hat-1762601576.png,public
Black Hat,Hat,accessory,,,black,yellow|olive,,,all-season,AI-detected Hat processed on 2025-11-08,black-hat-1762583945.png,public
Black Hoodie,Hoodie,outerwear,,,black,beige|gray,,,all-season,AI-detected Hoodie processed on 2025-11-08,black-hoodie-1762593636.png,public
Black Hoodie,Hoodie,outerwear,,,black,gray,,,all-season,AI-detected Hoodie processed on 2025-11-08,black-hoodie-1762581668.png,public
Black Hoodie,Hoodie,outerwear,,,black,gray,,,all-season,AI-detected Hoodie processed on 2025-11-08,black-hoodie-1762599920.png,public
Black Hoodie,Hoodie,outerwear,,,black,maroon|pink,,,all-season,AI-detected Hoodie processed on 2025-11-08,black-hoodie-1762582209.png,public
Black Hoodie,Hoodie,outerwear,,,black,pink|brown,,,all-season,AI-detected Hoodie processed on 2025-11-08,black-hoodie-1762568900.png,public
Black Hoodie,Hoodie,outerwear,,,black,pink|gray,,,all-season,AI-detected Hoodie processed on 2025-11-08,black-hoodie-1762570651.png,public
Black Hoodie,Hoodie,outerwear,,,black,pink|olive,,,all-season,AI-detected Hoodie processed on 2025-11-08,black-hoodie-1762584886.png,public
Black Longsleeve,Longsleeve,top,,,black,,,,all-season,AI-detected Longsleeve processed on 2025-11-08,black-longsleeve-1762569553.png,public
Black Longsleeve,Longsleeve,top,,,black,,,,all-season,AI-detected Longsleeve processed on 2025-11-08,black-longsleeve-1762569697.png,public
Black Longsleeve,Longsleeve,top,,,black,,,,all-season,AI-detected Longsleeve processed on 2025-11-08,black-longsleeve-1762570719.png,public
Black Longsleeve,Longsleeve,top,,,black,,,,all-season,AI-detected Longsleeve processed on 2025-11-08,black-longsleeve-1762572337.png,public
Black Longsleeve,Longsleeve,top,,,black,,,,all-season,AI-detected Longsleeve processed on 2025-11-08,black-longsleeve-1762573299.png,public
Black Longsleeve,Longsleeve,top,,,black,,,,all-season,AI-detected Longsleeve processed on 2025-11-08,black-longsleeve-1762573798.png,public
Black Longsleeve,Longsleeve,top,,,black,,,,all-season,AI-detected Longsleeve processed on 2025-11-08,black-longsleeve-1762576012.png,public
Black Longsleeve,Longsleeve,top,,,black,,,,all-season,AI-detected Longsleeve processed on 2025-11-08,black-longsleeve-1762578525.png,public
Black Longsleeve,Longsleeve,top,,,black,,,,all-season,AI-detected Longsleeve processed on 2025-11-08,black-longsleeve-1762579986.png,public
Black Longsleeve,Longsleeve,top,,,black,,,,all-season,AI-detected Longsleeve processed on 2025-11-08,black-longsleeve-1762580383.png,public
Black Longsleeve,Longsleeve,top,,,black,,,,all-season,AI-detected Longsleeve processed on 2025-11-08,black-longsleeve-1762581191.png,public
Black Longsleeve,Longsleeve,top,,,black,,,,all-season,AI-detected Longsleeve processed on 2025-11-08,black-longsleeve-1762581423.png,public
Black Longsleeve,Longsleeve,top,,,black,,,,all-season,AI-detected Longsleeve processed on 2025-11-08,black-longsleeve-1762584422.png,public
Black Longsleeve,Longsleeve,top,,,black,,,,all-season,AI-detected Longsleeve processed on 2025-11-08,black-longsleeve-1762584874.png,public
Black Longsleeve,Longsleeve,top,,,black,,,,all-season,AI-detected Longsleeve processed on 2025-11-08,black-longsleeve-1762585634.png,public
Black Longsleeve,Longsleeve,top,,,black,,,,all-season,AI-detected Longsleeve processed on 2025-11-08,black-longsleeve-1762585963.png,public
Black Longsleeve,Longsleeve,top,,,black,,,,all-season,AI-detected Longsleeve processed on 2025-11-08,black-longsleeve-1762586776.png,public
Black Longsleeve,Longsleeve,top,,,black,,,,all-season,AI-detected Longsleeve processed on 2025-11-08,black-longsleeve-1762587016.png,public
Black Longsleeve,Longsleeve,top,,,black,,,,all-season,AI-detected Longsleeve processed on 2025-11-08,black-longsleeve-1762590538.png,public
Black Longsleeve,Longsleeve,top,,,black,,,,all-season,AI-detected Longsleeve processed on 2025-11-08,black-longsleeve-1762591218.png,public
Black Longsleeve,Longsleeve,top,,,black,,,,all-season,AI-detected Longsleeve processed on 2025-11-08,black-longsleeve-1762591534.png,public
Black Longsleeve,Longsleeve,top,,,black,,,,all-season,AI-detected Longsleeve processed on 2025-11-08,black-longsleeve-1762592243.png,public
Black Longsleeve,Longsleeve,top,,,black,,,,all-season,AI-detected Longsleeve processed on 2025-11-08,black-longsleeve-1762592423.png,public
Black Longsleeve,Longsleeve,top,,,black,,,,all-season,AI-detected Longsleeve processed on 2025-11-08,black-longsleeve-1762592612.png,public
Black Longsleeve,Longsleeve,top,,,black,,,,all-season,AI-detected Longsleeve processed on 2025-11-08,black-longsleeve-1762593108.png,public
Black Longsleeve,Longsleeve,top,,,black,,,,all-season,AI-detected Longsleeve processed on 2025-11-08,black-longsleeve-1762593574.png,public
Black Longsleeve,Longsleeve,top,,,black,,,,all-season,AI-detected Longsleeve processed on 2025-11-08,black-longsleeve-1762593805.png,public
Black Longsleeve,Longsleeve,top,,,black,,,,all-season,AI-detected Longsleeve processed on 2025-11-08,black-longsleeve-1762593942.png,public
Black Longsleeve,Longsleeve,top,,,black,,,,all-season,AI-detected Longsleeve processed on 2025-11-08,black-longsleeve-1762597122.png,public
Black Longsleeve,Longsleeve,top,,,black,,,,all-season,AI-detected Longsleeve processed on 2025-11-08,black-longsleeve-1762597289.png,public
Black Longsleeve,Longsleeve,top,,,black,,,,all-season,AI-detected Longsleeve processed on 2025-11-08,black-longsleeve-1762598062.png,public
Black Longsleeve,Longsleeve,top,,,black,,,,all-season,AI-detected Longsleeve processed on 2025-11-08,black-longsleeve-1762599328.png,public
Black Longsleeve,Longsleeve,top,,,black,,,,all-season,AI-detected Longsleeve processed on 2025-11-08,black-longsleeve-1762599461.png,public
Black Longsleeve,Longsleeve,top,,,black,,,,all-season,AI-detected Longsleeve processed on 2025-11-08,black-longsleeve-1762599862.png,public
Black Longsleeve,Longsleeve,top,,,black,,,,all-season,AI-detected Longsleeve processed on 2025-11-08,black-longsleeve-1762599907.png,public
Black Longsleeve,Longsleeve,top,,,black,,,,all-season,AI-detected Longsleeve processed on 2025-11-08,black-longsleeve-1762600899.png,public
Black Longsleeve,Longsleeve,top,,,black,,,,all-season,AI-detected Longsleeve processed on 2025-11-08,black-longsleeve-1762602671.png,public
Black Longsleeve,Longsleeve,top,,,black,,,,all-season,AI-detected Longsleeve processed on 2025-11-08,black-longsleeve-1762603660.png,public
Black Longsleeve,Longsleeve,top,,,black,,,,all-season,AI-detected Longsleeve processed on 2025-11-08,black-longsleeve-1762603947.png,public
Black Longsleeve,Longsleeve,top,,,black,beige,,,all-season,AI-detected Longsleeve processed on 2025-11-08,black-longsleeve-1762572486.png,public
Black Longsleeve,Longsleeve,top,,,black,beige,,,all-season,AI-detected Longsleeve processed on 2025-11-08,black-longsleeve-1762592419.png,public
Black Longsleeve,Longsleeve,top,,,black,beige|gray,,,all-season,AI-detected Longsleeve processed on 2025-11-08,black-longsleeve-1762598174.png,public
Black Longsleeve,Longsleeve,top,,,black,brown,,,all-season,AI-detected Longsleeve processed on 2025-11-08,black-longsleeve-1762571611.png,public
Black Longsleeve,Longsleeve,top,,,black,brown,,,all-season,AI-detected Longsleeve processed on 2025-11-08,black-longsleeve-1762572799.png,public
Black Longsleeve,Longsleeve,top,,,black,brown,,,all-season,AI-detected Longsleeve processed on 2025-11-08,black-longsleeve-1762585368.png,public
Black Longsleeve,Longsleeve,top,,,black,brown,,,all-season,AI-detected Longsleeve processed on 2025-11-08,black-longsleeve-1762595378.png,public
Black Longsleeve,Longsleeve,top,,,black,brown,,,all-season,AI-detected Longsleeve processed on 2025-11-08,black-longsleeve-1762598918.png,public
Black Longsleeve,Longsleeve,top,,,black,brown,,,all-season,AI-detected Longsleeve processed on 2025-11-08,black-longsleeve-1762603619.png,public
Black Longsleeve,Longsleeve,top,,,black,brown,,,all-season,AI-detected Longsleeve processed on 2025-11-08,black-longsleeve-1762607491.png,public
Black Longsleeve,Longsleeve,top,,,black,brown|gray,,,all-season,AI-detected Longsleeve processed on 2025-11-08,black-longsleeve-1762573343.png,public
Black Longsleeve,Longsleeve,top,,,black,brown|gray,,,all-season,AI-detected Longsleeve processed on 2025-11-08,black-longsleeve-1762573349.png,public
Black Longsleeve,Longsleeve,top,,,black,brown|pink,,,all-season,AI-detected Longsleeve processed on 2025-11-08,black-longsleeve-1762571240.png,public
Black Longsleeve,Longsleeve,top,,,black,brown|pink,,,all-season,AI-detected Longsleeve processed on 2025-11-08,black-longsleeve-1762595197.png,public
Black Longsleeve,Longsleeve,top,,,black,brown|pink,,,all-season,AI-detected Longsleeve processed on 2025-11-08,black-longsleeve-1762597446.png,public
Black Longsleeve,Longsleeve,top,,,black,gray,,,all-season,AI-detected Longsleeve processed on 2025-11-08,black-longsleeve-1762570628.png,public
Black Longsleeve,Longsleeve,top,,,black,gray,,,all-season,AI-detected Longsleeve processed on 2025-11-08,black-longsleeve-1762571570.png,public
Black Longsleeve,Longsleeve,top,,,black,gray,,,all-season,AI-detected Longsleeve processed on 2025-11-08,black-longsleeve-1762572024.png,public
Black Longsleeve,Longsleeve,top,,,black,gray,,,all-season,AI-detected Longsleeve processed on 2025-11-08,black-longsleeve-1762572090.png,public
Black Longsleeve,Longsleeve,top,,,black,gray,,,all-season,AI-detected Longsleeve processed on 2025-11-08,black-longsleeve-1762572392.png,public
Black Longsleeve,Longsleeve,top,,,black,gray,,,all-season,AI-detected Longsleeve processed on 2025-11-08,black-longsleeve-1762573420.png,public
Black Longsleeve,Longsleeve,top,,,black,gray,,,all-season,AI-detected Longsleeve processed on 2025-11-08,black-longsleeve-1762573694.png,public
Black Longsleeve,Longsleeve,top,,,black,gray,,,all-season,AI-detected Longsleeve processed on 2025-11-08,black-longsleeve-1762575059.png,public
Black Longsleeve,Longsleeve,top,,,black,gray,,,all-season,AI-detected Longsleeve processed on 2025-11-08,black-longsleeve-1762577663.png,public
Black Longsleeve,Longsleeve,top,,,black,gray,,,all-season,AI-detected Longsleeve processed on 2025-11-08,black-longsleeve-1762578115.png,public
Black Longsleeve,Longsleeve,top,,,black,gray,,,all-season,AI-detected Longsleeve processed on 2025-11-08,black-longsleeve-1762578720.png,public
Black Longsleeve,Longsleeve,top,,,black,gray,,,all-season,AI-detected Longsleeve processed on 2025-11-08,black-longsleeve-1762580324.png,public
Black Longsleeve,Longsleeve,top,,,black,gray,,,all-season,AI-detected Longsleeve processed on 2025-11-08,black-longsleeve-1762581179.png,public
Black Longsleeve,Longsleeve,top,,,black,gray,,,all-season,AI-detected Longsleeve processed on 2025-11-08,black-longsleeve-1762581223.png,public
Black Longsleeve,Longsleeve,top,,,black,gray,,,all-season,AI-detected Longsleeve processed on 2025-11-08,black-longsleeve-1762581848.png,public
Black Longsleeve,Longsleeve,top,,,black,gray,,,all-season,AI-detected Longsleeve processed on 2025-11-08,black-longsleeve-1762581906.png,public
Black Longsleeve,Longsleeve,top,,,black,gray,,,all-season,AI-detected Longsleeve processed on 2025-11-08,black-longsleeve-1762582084.png,public
Black Longsleeve,Longsleeve,top,,,black,gray,,,all-season,AI-detected Longsleeve processed on 2025-11-08,black-longsleeve-1762582969.png,public
Black Longsleeve,Longsleeve,top,,,black,gray,,,all-season,AI-detected Longsleeve processed on 2025-11-08,black-longsleeve-1762585616.png,public
Black Longsleeve,Longsleeve,top,,,black,gray,,,all-season,AI-detected Longsleeve processed on 2025-11-08,black-longsleeve-1762585909.png,public
Black Longsleeve,Longsleeve,top,,,black,gray,,,all-season,AI-detected Longsleeve processed on 2025-11-08,black-longsleeve-1762587140.png,public
Black Longsleeve,Longsleeve,top,,,black,gray,,,all-season,AI-detected Longsleeve processed on 2025-11-08,black-longsleeve-1762587399.png,public
Black Longsleeve,Longsleeve,top,,,black,gray,,,all-season,AI-detected Longsleeve processed on 2025-11-08,black-longsleeve-1762587413.png,public
Black Longsleeve,Longsleeve,top,,,black,gray,,,all-season,AI-detected Longsleeve processed on 2025-11-08,black-longsleeve-1762589867.png,public
Black Longsleeve,Longsleeve,top,,,black,gray,,,all-season,AI-detected Longsleeve processed on 2025-11-08,black-longsleeve-1762589978.png,public
Black Longsleeve,Longsleeve,top,,,black,gray,,,all-season,AI-detected Longsleeve processed on 2025-11-08,black-longsleeve-1762590105.png,public
Black Longsleeve,Longsleeve,top,,,black,gray,,,all-season,AI-detected Longsleeve processed on 2025-11-08,black-longsleeve-1762590972.png,public
Black Longsleeve,Longsleeve,top,,,black,gray,,,all-season,AI-detected Longsleeve processed on 2025-11-08,black-longsleeve-1762591379.png,public
Black Longsleeve,Longsleeve,top,,,black,gray,,,all-season,AI-detected Longsleeve processed on 2025-11-08,black-longsleeve-1762593050.png,public
Black Longsleeve,Longsleeve,top,,,black,gray,,,all-season,AI-detected Longsleeve processed on 2025-11-08,black-longsleeve-1762593443.png,public
Black Longsleeve,Longsleeve,top,,,black,gray,,,all-season,AI-detected Longsleeve processed on 2025-11-08,black-longsleeve-1762594198.png,public
Black Longsleeve,Longsleeve,top,,,black,gray,,,all-season,AI-detected Longsleeve processed on 2025-11-08,black-longsleeve-1762594227.png,public
Black Longsleeve,Longsleeve,top,,,black,gray,,,all-season,AI-detected Longsleeve processed on 2025-11-08,black-longsleeve-1762595838.png,public
Black Longsleeve,Longsleeve,top,,,black,gray,,,all-season,AI-detected Longsleeve processed on 2025-11-08,black-longsleeve-1762597486.png,public
Black Longsleeve,Longsleeve,top,,,black,gray,,,all-season,AI-detected Longsleeve processed on 2025-11-08,black-longsleeve-1762597748.png,public
Black Longsleeve,Longsleeve,top,,,black,gray,,,all-season,AI-detected Longsleeve processed on 2025-11-08,black-longsleeve-1762599375.png,public
Black Longsleeve,Longsleeve,top,,,black,gray,,,all-season,AI-detected Longsleeve processed on 2025-11-08,black-longsleeve-1762600030.png,public
Black Longsleeve,Longsleeve,top,,,black,gray,,,all-season,AI-detected Longsleeve processed on 2025-11-08,black-longsleeve-1762600424.png,public
Black Longsleeve,Longsleeve,top,,,black,gray,,,all-season,AI-detected Longsleeve processed on 2025-11-08,black-longsleeve-1762601083.png,public
Black Longsleeve,Longsleeve,top,,,black,gray,,,all-season,AI-detected Longsleeve processed on 2025-11-08,black-longsleeve-1762602096.png,public
Black Longsleeve,Longsleeve,top,,,black,gray,,,all-season,AI-detected Longsleeve processed on 2025-11-08,black-longsleeve-1762602131.png,public
Black Longsleeve,Longsleeve,top,,,black,gray,,,all-season,AI-detected Longsleeve processed on 2025-11-08,black-longsleeve-1762602667.png,public
Black Longsleeve,Longsleeve,top,,,black,gray,,,all-season,AI-detected Longsleeve processed on 2025-11-08,black-longsleeve-1762602710.png,public
Black Longsleeve,Longsleeve,top,,,black,gray,,,all-season,AI-detected Longsleeve processed on 2025-11-08,black-longsleeve-1762603323.png,public
Black Longsleeve,Longsleeve,top,,,black,gray,,,all-season,AI-detected Longsleeve processed on 2025-11-08,black-longsleeve-1762604304.png,public
Black Longsleeve,Longsleeve,top,,,black,gray,,,all-season,AI-detected Longsleeve processed on 2025-11-08,black-longsleeve-1762605774.png,public
Black Longsleeve,Longsleeve,top,,,black,gray,,,all-season,AI-detected Longsleeve processed on 2025-11-08,black-longsleeve-1762605908.png,public
Black Longsleeve,Longsleeve,top,,,black,gray,,,all-season,AI-detected Longsleeve processed on 2025-11-08,black-longsleeve-1762606633.png,public
Black Longsleeve,Longsleeve,top,,,black,gray|beige,,,all-season,AI-detected Longsleeve processed on 2025-11-08,black-longsleeve-1762577041.png,public
Black Longsleeve,Longsleeve,top,,,black,gray|brown,,,all-season,AI-detected Longsleeve processed on 2025-11-08,black-longsleeve-1762595754.png,public
Black Longsleeve,Longsleeve,top,,,black,gray|brown,,,all-season,AI-detected Longsleeve processed on 2025-11-08,black-longsleeve-1762602461.png,public
Black Longsleeve,Longsleeve,top,,,black,gray|maroon,,,all-season,AI-detected Longsleeve processed on 2025-11-08,black-longsleeve-1762574453.png,public
Black Longsleeve,Longsleeve,top,,,black,gray|olive,,,all-season,AI-detected Longsleeve processed on 2025-11-08,black-longsleeve-1762601952.png,public
Black Longsleeve,Longsleeve,top,,,black,gray|pink,,,all-season,AI-detected Longsleeve processed on 2025-11-08,black-longsleeve-1762573085.png,public
Black Longsleeve,Longsleeve,top,,,black,gray|pink,,,all-season,AI-detected Longsleeve processed on 2025-11-08,black-longsleeve-1762585417.png,public
Black Longsleeve,Longsleeve,top,,,black,gray|pink,,,all-season,AI-detected Longsleeve processed on 2025-11-08,black-longsleeve-1762588380.png,public
Black Longsleeve,Longsleeve,top,,,black,gray|pink,,,all-season,AI-detected Longsleeve processed on 2025-11-08,black-longsleeve-1762597765.png,public
Black Longsleeve,Longsleeve,top,,,black,gray|pink,,,all-season,AI-detected Longsleeve processed on 2025-11-08,black-longsleeve-1762604998.png,public
Black Longsleeve,Longsleeve,top,,,black,maroon,,,all-season,AI-detected Longsleeve processed on 2025-11-08,black-longsleeve-1762583560.png,public
Black Longsleeve,Longsleeve,top,,,black,maroon|brown,,,all-season,AI-detected Longsleeve processed on 2025-11-08,black-longsleeve-1762593277.png,public
Black Longsleeve,Longsleeve,top,,,black,navy,,,all-season,AI-detected Longsleeve processed on 2025-11-08,black-longsleeve-1762591068.png,public
Black Longsleeve,Longsleeve,top,,,black,olive|maroon,,,all-season,AI-detected Longsleeve processed on 2025-11-08,black-longsleeve-1762570911.png,public
Black Longsleeve,Longsleeve,top,,,black,orange|brown,,,all-season,AI-detected Longsleeve processed on 2025-11-08,black-longsleeve-1762586119.png,public
Black Longsleeve,Longsleeve,top,,,black,pink,,,all-season,AI-detected Longsleeve processed on 2025-11-08,black-longsleeve-1762574763.png,public
Black Longsleeve,Longsleeve,top,,,black,pink,,,all-season,AI-detected Longsleeve processed on 2025-11-08,black-longsleeve-1762576431.png,public
Black Longsleeve,Longsleeve,top,,,black,pink,,,all-season,AI-detected Longsleeve processed on 2025-11-08,black-longsleeve-1762595340.png,public
Black Longsleeve,Longsleeve,top,,,black,pink,,,all-season,AI-detected Longsleeve processed on 2025-11-08,black-longsleeve-1762595539.png,public
Black Longsleeve,Longsleeve,top,,,black,pink,,,all-season,AI-detected Longsleeve processed on 2025-11-08,black-longsleeve-1762599764.png,public
Black Longsleeve,Longsleeve,top,,,black,pink,,,all-season,AI-detected Longsleeve processed on 2025-11-08,black-longsleeve-1762601676.png,public
Black Longsleeve,Longsleeve,top,,,black,pink|beige,,,all-season,AI-detected Longsleeve processed on 2025-11-08,black-longsleeve-1762573601.png,public
Black Longsleeve,Longsleeve,top,,,black,pink|brown,,,all-season,AI-detected Longsleeve processed on 2025-11-08,black-longsleeve-1762574125.png,public
Black Longsleeve,Longsleeve,top,,,black,pink|brown,,,all-season,AI-detected Longsleeve processed on 2025-11-08,black-longsleeve-1762585491.png,public
Black Longsleeve,Longsleeve,top,,,black,pink|gray,,,all-season,AI-detected Longsleeve processed on 2025-11-08,black-longsleeve-1762576256.png,public
Black Longsleeve,Longsleeve,top,,,black,pink|gray,,,all-season,AI-detected Longsleeve processed on 2025-11-08,black-longsleeve-1762580435.png,public
Black Longsleeve,Longsleeve,top,,,black,pink|gray,,,all-season,AI-detected Longsleeve processed on 2025-11-08,black-longsleeve-1762596970.png,public
Black Longsleeve,Longsleeve,top,,,black,pink|olive,,,all-season,AI-detected Longsleeve processed on 2025-11-08,black-longsleeve-1762589743.png,public
Black Longsleeve,Longsleeve,top,,,black,purple|gray,,,all-season,AI-detected Longsleeve processed on 2025-11-08,black-longsleeve-1762592362.png,public
Black Longsleeve,Longsleeve,top,,,black,white,,,all-season,AI-detected Longsleeve processed on 2025-11-08,black-longsleeve-1762571152.png,public
Black Outwear,Outwear,outerwear,,,black,,,,all-season,AI-detected Outwear processed on 2025-11-08,black-outwear-1762572123.png,public
Black Outwear,Outwear,outerwear,,,black,,,,all-season,AI-detected Outwear processed on 2025-11-08,black-outwear-1762573862.png,public
Black Outwear,Outwear,outerwear,,,black,,,,all-season,AI-detected Outwear processed on 2025-11-08,black-outwear-1762580019.png,public
Black Outwear,Outwear,outerwear,,,black,,,,all-season,AI-detected Outwear processed on 2025-11-08,black-outwear-1762599476.png,public
Black Outwear,Outwear,outerwear,,,black,,,,all-season,AI-detected Outwear processed on 2025-11-08,black-outwear-1762603833.png,public
Black Outwear,Outwear,outerwear,,,black,,,,all-season,AI-detected Outwear processed on 2025-11-08,black-outwear-1762605323.png,public
Black Outwear,Outwear,outerwear,,,black,beige|gray,,,all-season,AI-detected Outwear processed on 2025-11-08,black-outwear-1762568759.png,public
Black Outwear,Outwear,outerwear,,,black,beige|gray,,,all-season,AI-detected Outwear processed on 2025-11-08,black-outwear-1762570028.png,public
Black Outwear,Outwear,outerwear,,,black,beige|gray,,,all-season,AI-detected Outwear processed on 2025-11-08,black-outwear-1762571926.png,public
Black Outwear,Outwear,outerwear,,,black,beige|gray,,,all-season,AI-detected Outwear processed on 2025-11-08,black-outwear-1762580247.png,public
Black Outwear,Outwear,outerwear,,,black,beige|gray,,,all-season,AI-detected Outwear processed on 2025-11-08,black-outwear-1762581002.png,public
Black Outwear,Outwear,outerwear,,,black,beige|gray,,,all-season,AI-detected Outwear processed on 2025-11-08,black-outwear-1762591737.png,public
Black Outwear,Outwear,outerwear,,,black,beige|gray,,,all-season,AI-detected Outwear processed on 2025-11-08,black-outwear-1762598608.png,public
Black Outwear,Outwear,outerwear,,,black,beige|teal,,,all-season,AI-detected Outwear processed on 2025-11-08,black-outwear-1762596840.png,public
Black Outwear,Outwear,outerwear,,,black,brown,,,all-season,AI-detected Outwear processed on 2025-11-08,black-outwear-1762576661.png,public
Black Outwear,Outwear,outerwear,,,black,brown,,,all-season,AI-detected Outwear processed on 2025-11-08,black-outwear-1762578419.png,public
Black Outwear,Outwear,outerwear,,,black,brown,,,all-season,AI-detected Outwear processed on 2025-11-08,black-outwear-1762578675.png,public
Black Outwear,Outwear,outerwear,,,black,brown,,,all-season,AI-detected Outwear processed on 2025-11-08,black-outwear-1762588738.png,public
Black Outwear,Outwear,outerwear,,,black,brown,,,all-season,AI-detected Outwear processed on 2025-11-08,black-outwear-1762590778.png,public
Black Outwear,Outwear,outerwear,,,black,brown,,,all-season,AI-detected Outwear processed on 2025-11-08,black-outwear-1762592440.png,public
Black Outwear,Outwear,outerwear,,,black,brown,,,all-season,AI-detected Outwear processed on 2025-11-08,black-outwear-1762594526.png,public
Black Outwear,Outwear,outerwear,,,black,brown,,,all-season,AI-detected Outwear processed on 2025-11-08,black-outwear-1762595960.png,public
Black Outwear,Outwear,outerwear,,,black,brown|gray,,,all-season,AI-detected Outwear processed on 2025-11-08,black-outwear-1762583690.png,public
Black Outwear,Outwear,outerwear,,,black,brown|pink,,,all-season,AI-detected Outwear processed on 2025-11-08,black-outwear-1762570140.png,public
Black Outwear,Outwear,outerwear,,,black,gray,,,all-season,AI-detected Outwear processed on 2025-11-08,black-outwear-1762570261.png,public
Black Outwear,Outwear,outerwear,,,black,gray,,,all-season,AI-detected Outwear processed on 2025-11-08,black-outwear-1762570784.png,public
Black Outwear,Outwear,outerwear,,,black,gray,,,all-season,AI-detected Outwear processed on 2025-11-08,black-outwear-1762571042.png,public
Black Outwear,Outwear,outerwear,,,black,gray,,,all-season,AI-detected Outwear processed on 2025-11-08,black-outwear-1762572006.png,public
Black Outwear,Outwear,outerwear,,,black,gray,,,all-season,AI-detected Outwear processed on 2025-11-08,black-outwear-1762574277.png,public
Black Outwear,Outwear,outerwear,,,black,gray,,,all-season,AI-detected Outwear processed on 2025-11-08,black-outwear-1762574889.png,public
Black Outwear,Outwear,outerwear,,,black,gray,,,all-season,AI-detected Outwear processed on 2025-11-08,black-outwear-1762575864.png,public
Black Outwear,Outwear,outerwear,,,black,gray,,,all-season,AI-detected Outwear processed on 2025-11-08,black-outwear-1762579514.png,public
Black Outwear,Outwear,outerwear,,,black,gray,,,all-season,AI-detected Outwear processed on 2025-11-08,black-outwear-1762585346.png,public
Black Outwear,Outwear,outerwear,,,black,gray,,,all-season,AI-detected Outwear processed on 2025-11-08,black-outwear-1762587273.png,public
Black Outwear,Outwear,outerwear,,,black,gray,,,all-season,AI-detected Outwear processed on 2025-11-08,black-outwear-1762587986.png,public
Black Outwear,Outwear,outerwear,,,black,gray,,,all-season,AI-detected Outwear processed on 2025-11-08,black-outwear-1762589183.png,public
Black Outwear,Outwear,outerwear,,,black,gray,,,all-season,AI-detected Outwear processed on 2025-11-08,black-outwear-1762589585.png,public
Black Outwear,Outwear,outerwear,,,black,gray,,,all-season,AI-detected Outwear processed on 2025-11-08,black-outwear-1762593058.png,public
Black Outwear,Outwear,outerwear,,,black,gray,,,all-season,AI-detected Outwear processed on 2025-11-08,black-outwear-1762597377.png,public
Black Outwear,Outwear,outerwear,,,black,gray,,,all-season,AI-detected Outwear processed on 2025-11-08,black-outwear-1762599173.png,public
Black Outwear,Outwear,outerwear,,,black,gray,,,all-season,AI-detected Outwear processed on 2025-11-08,black-outwear-1762600124.png,public
Black Outwear,Outwear,outerwear,,,black,gray,,,all-season,AI-detected Outwear processed on 2025-11-08,black-outwear-1762601278.png,public
Black Outwear,Outwear,outerwear,,,black,gray,,,all-season,AI-detected Outwear processed on 2025-11-08,black-outwear-1762601765.png,public
Black Outwear,Outwear,outerwear,,,black,gray,,,all-season,AI-detected Outwear processed on 2025-11-08,black-outwear-1762602549.png,public
Black Outwear,Outwear,outerwear,,,black,gray,,,all-season,AI-detected Outwear processed on 2025-11-08,black-outwear-1762604100.png,public
Black Outwear,Outwear,outerwear,,,black,gray,,,all-season,AI-detected Outwear processed on 2025-11-08,black-outwear-1762604163.png,public
Black Outwear,Outwear,outerwear,,,black,gray,,,all-season,AI-detected Outwear processed on 2025-11-08,black-outwear-1762604696.png,public
Black Outwear,Outwear,outerwear,,,black,gray,,,all-season,AI-detected Outwear processed on 2025-11-08,black-outwear-1762607020.png,public
Black Outwear,Outwear,outerwear,,,black,gray|brown,,,all-season,AI-detected Outwear processed on 2025-11-08,black-outwear-1762581880.png,public
Black Outwear,Outwear,outerwear,,,black,gray|brown,,,all-season,AI-detected Outwear processed on 2025-11-08,black-outwear-1762590678.png,public
Black Outwear,Outwear,outerwear,,,black,gray|maroon,,,all-season,AI-detected Outwear processed on 2025-11-08,black-outwear-1762570474.png,public
Black Outwear,Outwear,outerwear,,,black,gray|pink,,,all-season,AI-detected Outwear processed on 2025-11-08,black-outwear-1762578382.png,public
Black Outwear,Outwear,outerwear,,,black,gray|pink,,,all-season,AI-detected Outwear processed on 2025-11-08,black-outwear-1762586908.png,public
Black Outwear,Outwear,outerwear,,,black,gray|pink,,,all-season,AI-detected Outwear processed on 2025-11-08,black-outwear-1762598571.png,public
Black Outwear,Outwear,outerwear,,,black,gray|pink,,,all-season,AI-detected Outwear processed on 2025-11-08,black-outwear-1762605811.png,public
Black Outwear,Outwear,outerwear,,,black,maroon|gray,,,all-season,AI-detected Outwear processed on 2025-11-08,black-outwear-1762570468.png,public
Black Outwear,Outwear,outerwear,,,black,navy|gray,,,all-season,AI-detected Outwear processed on 2025-11-08,black-outwear-1762572670.png,public
Black Outwear,Outwear,outerwear,,,black,pink,,,all-season,AI-detected Outwear processed on 2025-11-08,black-outwear-1762573497.png,public
Black Outwear,Outwear,outerwear,,,black,pink,,,all-season,AI-detected Outwear processed on 2025-11-08,black-outwear-1762594296.png,public
Black Outwear,Outwear,outerwear,,,black,pink,,,all-season,AI-detected Outwear processed on 2025-11-08,black-outwear-1762596099.png,public
Black Outwear,Outwear,outerwear,,,black,pink|beige,,,all-season,AI-detected Outwear processed on 2025-11-08,black-outwear-1762575167.png,public
Black Outwear,Outwear,outerwear,,,black,pink|brown,,,all-season,AI-detected Outwear processed on 2025-11-08,black-outwear-1762571773.png,public
Black Outwear,Outwear,outerwear,,,black,pink|brown,,,all-season,AI-detected Outwear processed on 2025-11-08,black-outwear-1762571945.png,public
Black Outwear,Outwear,outerwear,,,black,pink|brown,,,all-season,AI-detected Outwear processed on 2025-11-08,black-outwear-1762574523.png,public
Black Outwear,Outwear,outerwear,,,black,pink|brown,,,all-season,AI-detected Outwear processed on 2025-11-08,black-outwear-1762584465.png,public
Black Outwear,Outwear,outerwear,,,black,pink|gray,,,all-season,AI-detected Outwear processed on 2025-11-08,black-outwear-1762570008.png,public
Black Outwear,Outwear,outerwear,,,black,pink|gray,,,all-season,AI-detected Outwear processed on 2025-11-08,black-outwear-1762573281.png,public
Black Outwear,Outwear,outerwear,,,black,pink|gray,,,all-season,AI-detected Outwear processed on 2025-11-08,black-outwear-1762574779.png,public
Black Outwear,Outwear,outerwear,,,black,pink|gray,,,all-season,AI-detected Outwear processed on 2025-11-08,black-outwear-1762577217.png,public
Black Outwear,Outwear,outerwear,,,black,pink|gray,,,all-season,AI-detected Outwear processed on 2025-11-08,black-outwear-1762581370.png,public
Black Outwear,Outwear,outerwear,,,black,pink|gray,,,all-season,AI-detected Outwear processed on 2025-11-08,black-outwear-1762584554.png,public
Black Outwear,Outwear,outerwear,,,black,pink|gray,,,all-season,AI-detected Outwear processed on 2025-11-08,black-outwear-1762585338.png,public
Black Outwear,Outwear,outerwear,,,black,pink|gray,,,all-season,AI-detected Outwear processed on 2025-11-08,black-outwear-1762587402.png,public
Black Outwear,Outwear,outerwear,,,black,pink|gray,,,all-season,AI-detected Outwear processed on 2025-11-08,black-outwear-1762592019.png,public
Black Outwear,Outwear,outerwear,,,black,pink|gray,,,all-season,AI-detected Outwear processed on 2025-11-08,black-outwear-1762601880.png,public
Black Outwear,Outwear,outerwear,,,black,pink|gray,,,all-season,AI-detected Outwear processed on 2025-11-08,black-outwear-1762604663.png,public
Black Outwear,Outwear,outerwear,,,black,teal|beige,,,all-season,AI-detected Outwear processed on 2025-11-08,black-outwear-1762604716.png,public
Black Outwear,Outwear,outerwear,,,black,white,,,all-season,AI-detected Outwear processed on 2025-11-08,black-outwear-1762598029.png,public
Black Pants,Pants,bottom,,,black,,,,all-season,AI-detected Pants processed on 2025-11-08,black-pants-1762568696.png,public
Black Pants,Pants,bottom,,,black,,,,all-season,AI-detected Pants processed on 2025-11-08,black-pants-1762570575.png,public
Black Pants,Pants,bottom,,,black,,,,all-season,AI-detected Pants processed on 2025-11-08,black-pants-1762570793.png,public
Black Pants,Pants,bottom,,,black,,,,all-season,AI-detected Pants processed on 2025-11-08,black-pants-1762571097.png,public
Black Pants,Pants,bottom,,,black,,,,all-season,AI-detected Pants processed on 2025-11-08,black-pants-1762571485.png,public
Black Pants,Pants,bottom,,,black,,,,all-season,AI-detected Pants processed on 2025-11-08,black-pants-1762572049.png,public
Black Pants,Pants,bottom,,,black,,,,all-season,AI-detected Pants processed on 2025-11-08,black-pants-1762572326.png,public
Black Pants,Pants,bottom,,,black,,,,all-season,AI-detected Pants processed on 2025-11-08,black-pants-1762572377.png,public
Black Pants,Pants,bottom,,,black,,,,all-season,AI-detected Pants processed on 2025-11-08,black-pants-1762572472.png,public
Black Pants,Pants,bottom,,,black,,,,all-season,AI-detected Pants processed on 2025-11-08,black-pants-1762573052.png,public
Black Pants,Pants,bottom,,,black,,,,all-season,AI-detected Pants processed on 2025-11-08,black-pants-1762573423.png,public
Black Pants,Pants,bottom,,,black,,,,all-season,AI-detected Pants processed on 2025-11-08,black-pants-1762573630.png,public
Black Pants,Pants,bottom,,,black,,,,all-season,AI-detected Pants processed on 2025-11-08,black-pants-1762573873.png,public
Black Pants,Pants,bottom,,,black,,,,all-season,AI-detected Pants processed on 2025-11-08,black-pants-1762574045.png,public
Black Pants,Pants,bottom,,,black,,,,all-season,AI-detected Pants processed on 2025-11-08,black-pants-1762574195.png,public
Black Pants,Pants,bottom,,,black,,,,all-season,AI-detected Pants processed on 2025-11-08,black-pants-1762574255.png,public
Black Pants,Pants,bottom,,,black,,,,all-season,AI-detected Pants processed on 2025-11-08,black-pants-1762574427.png,public
Black Pants,Pants,bottom,,,black,,,,all-season,AI-detected Pants processed on 2025-11-08,black-pants-1762574576.png,public
Black Pants,Pants,bottom,,,black,,,,all-season,AI-detected Pants processed on 2025-11-08,black-pants-1762574738.png,public
Black Pants,Pants,bottom,,,black,,,,all-season,AI-detected Pants processed on 2025-11-08,black-pants-1762578049.png,public
Black Pants,Pants,bottom,,,black,,,,all-season,AI-detected Pants processed on 2025-11-08,black-pants-1762578100.png,public
Black Pants,Pants,bottom,,,black,,,,all-season,AI-detected Pants processed on 2025-11-08,black-pants-1762579600.png,public
Black Pants,Pants,bottom,,,black,,,,all-season,AI-detected Pants processed on 2025-11-08,black-pants-1762580312.png,public
Black Pants,Pants,bottom,,,black,,,,all-season,AI-detected Pants processed on 2025-11-08,black-pants-1762580613.png,public
Black Pants,Pants,bottom,,,black,,,,all-season,AI-detected Pants processed on 2025-11-08,black-pants-1762582835.png,public
Black Pants,Pants,bottom,,,black,,,,all-season,AI-detected Pants processed on 2025-11-08,black-pants-1762583800.png,public
Black Pants,Pants,bottom,,,black,,,,all-season,AI-detected Pants processed on 2025-11-08,black-pants-1762584484.png,public
Black Pants,Pants,bottom,,,black,,,,all-season,AI-detected Pants processed on 2025-11-08,black-pants-1762584615.png,public
Black Pants,Pants,bottom,,,black,,,,all-season,AI-detected Pants processed on 2025-11-08,black-pants-1762586216.png,public
Black Pants,Pants,bottom,,,black,,,,all-season,AI-detected Pants processed on 2025-11-08,black-pants-1762586572.png,public
Black Pants,Pants,bottom,,,black,,,,all-season,AI-detected Pants processed on 2025-11-08,black-pants-1762586695.png,public
Black Pants,Pants,bottom,,,black,,,,all-season,AI-detected Pants processed on 2025-11-08,black-pants-1762592066.png,public
Black Pants,Pants,bottom,,,black,,,,all-season,AI-detected Pants processed on 2025-11-08,black-pants-1762592495.png,public
Black Pants,Pants,bottom,,,black,,,,all-season,AI-detected Pants processed on 2025-11-08,black-pants-1762592678.png,public
Black Pants,Pants,bottom,,,black,,,,all-season,AI-detected Pants processed on 2025-11-08,black-pants-1762593073.png,public
Black Pants,Pants,bottom,,,black,,,,all-season,AI-detected Pants processed on 2025-11-08,black-pants-1762593209.png,public
Black Pants,Pants,bottom,,,black,,,,all-season,AI-detected Pants processed on 2025-11-08,black-pants-1762593659.png,public
Black Pants,Pants,bottom,,,black,,,,all-season,AI-detected Pants processed on 2025-11-08,black-pants-1762595474.png,public
Black Pants,Pants,bottom,,,black,,,,all-season,AI-detected Pants processed on 2025-11-08,black-pants-1762595594.png,public
Black Pants,Pants,bottom,,,black,,,,all-season,AI-detected Pants processed on 2025-11-08,black-pants-1762595723.png,public
Black Pants,Pants,bottom,,,black,,,,all-season,AI-detected Pants processed on 2025-11-08,black-pants-1762597075.png,public
Black Pants,Pants,bottom,,,black,,,,all-season,AI-detected Pants processed on 2025-11-08,black-pants-1762597243.png,public
Black Pants,Pants,bottom,,,black,,,,all-season,AI-detected Pants processed on 2025-11-08,black-pants-1762600998.png,public
Black Pants,Pants,bottom,,,black,,,,all-season,AI-detected Pants processed on 2025-11-08,black-pants-1762601096.png,public
Black Pants,Pants,bottom,,,black,,,,all-season,AI-detected Pants processed on 2025-11-08,black-pants-1762601584.png,public
Black Pants,Pants,bottom,,,black,,,,all-season,AI-detected Pants processed on 2025-11-08,black-pants-1762601750.png,public
Black Pants,Pants,bottom,,,black,,,,all-season,AI-detected Pants processed on 2025-11-08,black-pants-1762602801.png,public
Black Pants,Pants,bottom,,,black,,,,all-season,AI-detected Pants processed on 2025-11-08,black-pants-1762603259.png,public
Black Pants,Pants,bottom,,,black,,,,all-season,AI-detected Pants processed on 2025-11-08,black-pants-1762603826.png,public
Black Pants,Pants,bottom,,,black,,,,all-season,AI-detected Pants processed on 2025-11-08,black-pants-1762605082.png,public
Black Pants,Pants,bottom,,,black,,,,all-season,AI-detected Pants processed on 2025-11-08,black-pants-1762606255.png,public
Black Pants,Pants,bottom,,,black,,,,all-season,AI-detected Pants processed on 2025-11-08,black-pants-1762607302.png,public
Black Pants,Pants,bottom,,,black,beige,,,all-season,AI-detected Pants processed on 2025-11-08,black-pants-1762586772.png,public
Black Pants,Pants,bottom,,,black,beige,,,all-season,AI-detected Pants processed on 2025-11-08,black-pants-1762598104.png,public
Black Pants,Pants,bottom,,,black,beige,,,all-season,AI-detected Pants processed on 2025-11-08,black-pants-1762605808.png,public
Black Pants,Pants,bottom,,,black,beige,,,all-season,AI-detected Pants processed on 2025-11-08,black-pants-1762606805.png,public
Black Pants,Pants,bottom,,,black,beige|gray,,,all-season,AI-detected Pants processed on 2025-11-08,black-pants-1762569365.png,public
Black Pants,Pants,bottom,,,black,beige|gray,,,all-season,AI-detected Pants processed on 2025-11-08,black-pants-1762573227.png,public
Black Pants,Pants,bottom,,,black,beige|gray,,,all-season,AI-detected Pants processed on 2025-11-08,black-pants-1762576005.png,public
Black Pants,Pants,bottom,,,black,beige|gray,,,all-season,AI-detected Pants processed on 2025-11-08,black-pants-1762577735.png,public
Black Pants,Pants,bottom,,,black,beige|gray,,,all-season,AI-detected Pants processed on 2025-11-08,black-pants-1762580076.png,public
Black Pants,Pants,bottom,,,black,beige|gray,,,all-season,AI-detected Pants processed on 2025-11-08,black-pants-1762583502.png,public
Black Pants,Pants,bottom,,,black,beige|gray,,,all-season,AI-detected Pants processed on 2025-11-08,black-pants-1762583662.png,public
Black Pants,Pants,bottom,,,black,beige|gray,,,all-season,AI-detected Pants processed on 2025-11-08,black-pants-1762583747.png,public
Black Pants,Pants,bottom,,,black,beige|gray,,,all-season,AI-detected Pants processed on 2025-11-08,black-pants-1762587545.png,public
Black Pants,Pants,bottom,,,black,beige|gray,,,all-season,AI-detected Pants processed on 2025-11-08,black-pants-1762589596.png,public
Black Pants,Pants,bottom,,,black,beige|gray,,,all-season,AI-detected Pants processed on 2025-11-08,black-pants-1762590296.png,public
Black Pants,Pants,bottom,,,black,beige|gray,,,all-season,AI-detected Pants processed on 2025-11-08,black-pants-1762592570.png,public
Black Pants,Pants,bottom,,,black,beige|gray,,,all-season,AI-detected Pants processed on 2025-11-08,black-pants-1762592728.png,public
Black Pants,Pants,bottom,,,black,beige|gray,,,all-season,AI-detected Pants processed on 2025-11-08,black-pants-1762594374.png,public
Black Pants,Pants,bottom,,,black,beige|gray,,,all-season,AI-detected Pants processed on 2025-11-08,black-pants-1762597591.png,public
Black Pants,Pants,bottom,,,black,beige|gray,,,all-season,AI-detected Pants processed on 2025-11-08,black-pants-1762598299.png,public
Black Pants,Pants,bottom,,,black,beige|gray,,,all-season,AI-detected Pants processed on 2025-11-08,black-pants-1762601219.png,public
Black Pants,Pants,bottom,,,black,beige|gray,,,all-season,AI-detected Pants processed on 2025-11-08,black-pants-1762606471.png,public
Black Pants,Pants,bottom,,,black,beige|gray,,,all-season,AI-detected Pants processed on 2025-11-08,black-pants-1762606571.png,public
Black Pants,Pants,bottom,,,black,beige|pink,,,all-season,AI-detected Pants processed on 2025-11-08,black-pants-1762570471.png,public
Black Pants,Pants,bottom,,,black,beige|pink,,,all-season,AI-detected Pants processed on 2025-11-08,black-pants-1762578625.png,public
Black Pants,Pants,bottom,,,black,beige|pink,,,all-season,AI-detected Pants processed on 2025-11-08,black-pants-1762586527.png,public
Black Pants,Pants,bottom,,,black,beige|pink,,,all-season,AI-detected Pants processed on 2025-11-08,black-pants-1762592379.png,public
Black Pants,Pants,bottom,,,black,beige|pink,,,all-season,AI-detected Pants processed on 2025-11-08,black-pants-1762592565.png,public
Black Pants,Pants,bottom,,,black,brown,,,all-season,AI-detected Pants processed on 2025-11-08,black-pants-1762569675.png,public
Black Pants,Pants,bottom,,,black,brown,,,all-season,AI-detected Pants processed on 2025-11-08,black-pants-1762569944.png,public
Black Pants,Pants,bottom,,,black,brown,,,all-season,AI-detected Pants processed on 2025-11-08,black-pants-1762573274.png,public
Black Pants,Pants,bottom,,,black,brown,,,all-season,AI-detected Pants processed on 2025-11-08,black-pants-1762573397.png,public
Black Pants,Pants,bottom,,,black,brown,,,all-season,AI-detected Pants processed on 2025-11-08,black-pants-1762574515.png,public
Black Pants,Pants,bottom,,,black,brown,,,all-season,AI-detected Pants processed on 2025-11-08,black-pants-1762574694.png,public
Black Pants,Pants,bottom,,,black,brown,,,all-season,AI-detected Pants processed on 2025-11-08,black-pants-1762574716.png,public
Black Pants,Pants,bottom,,,black,brown,,,all-season,AI-detected Pants processed on 2025-11-08,black-pants-1762574774.png,public
Black Pants,Pants,bottom,,,black,brown,,,all-season,AI-detected Pants processed on 2025-11-08,black-pants-1762574923.png,public
Black Pants,Pants,bottom,,,black,brown,,,all-season,AI-detected Pants processed on 2025-11-08,black-pants-1762576741.png,public
Black Pants,Pants,bottom,,,black,brown,,,all-season,AI-detected Pants processed on 2025-11-08,black-pants-1762578658.png,public
Black Pants,Pants,bottom,,,black,brown,,,all-season,AI-detected Pants processed on 2025-11-08,black-pants-1762578716.png,public
Black Pants,Pants,bottom,,,black,brown,,,all-season,AI-detected Pants processed on 2025-11-08,black-pants-1762578750.png,public
Black Pants,Pants,bottom,,,black,brown,,,all-season,AI-detected Pants processed on 2025-11-08,black-pants-1762580276.png,public
Black Pants,Pants,bottom,,,black,brown,,,all-season,AI-detected Pants processed on 2025-11-08,black-pants-1762582410.png,public
Black Pants,Pants,bottom,,,black,brown,,,all-season,AI-detected Pants processed on 2025-11-08,black-pants-1762583335.png,public
Black Pants,Pants,bottom,,,black,brown,,,all-season,AI-detected Pants processed on 2025-11-08,black-pants-1762583635.png,public
Black Pants,Pants,bottom,,,black,brown,,,all-season,AI-detected Pants processed on 2025-11-08,black-pants-1762584835.png,public
Black Pants,Pants,bottom,,,black,brown,,,all-season,AI-detected Pants processed on 2025-11-08,black-pants-1762585660.png,public
Black Pants,Pants,bottom,,,black,brown,,,all-season,AI-detected Pants processed on 2025-11-08,black-pants-1762585893.png,public
Black Pants,Pants,bottom,,,black,brown,,,all-season,AI-detected Pants processed on 2025-11-08,black-pants-1762586063.png,public
Black Pants,Pants,bottom,,,black,brown,,,all-season,AI-detected Pants processed on 2025-11-08,black-pants-1762586285.png,public
Black Pants,Pants,bottom,,,black,brown,,,all-season,AI-detected Pants processed on 2025-11-08,black-pants-1762590007.png,public
Black Pants,Pants,bottom,,,black,brown,,,all-season,AI-detected Pants processed on 2025-11-08,black-pants-1762590161.png,public
Black Pants,Pants,bottom,,,black,brown,,,all-season,AI-detected Pants processed on 2025-11-08,black-pants-1762590450.png,public
Black Pants,Pants,bottom,,,black,brown,,,all-season,AI-detected Pants processed on 2025-11-08,black-pants-1762590842.png,public
Black Pants,Pants,bottom,,,black,brown,,,all-season,AI-detected Pants processed on 2025-11-08,black-pants-1762591781.png,public
Black Pants,Pants,bottom,,,black,brown,,,all-season,AI-detected Pants processed on 2025-11-08,black-pants-1762593239.png,public
Black Pants,Pants,bottom,,,black,brown,,,all-season,AI-detected Pants processed on 2025-11-08,black-pants-1762594391.png,public
Black Pants,Pants,bottom,,,black,brown,,,all-season,AI-detected Pants processed on 2025-11-08,black-pants-1762595810.png,public
Black Pants,Pants,bottom,,,black,brown,,,all-season,AI-detected Pants processed on 2025-11-08,black-pants-1762595904.png,public
Black Pants,Pants,bottom,,,black,brown,,,all-season,AI-detected Pants processed on 2025-11-08,black-pants-1762596210.png,public
Black Pants,Pants,bottom,,,black,brown,,,all-season,AI-detected Pants processed on 2025-11-08,black-pants-1762596357.png,public
Black Pants,Pants,bottom,,,black,brown,,,all-season,AI-detected Pants processed on 2025-11-08,black-pants-1762596906.png,public
Black Pants,Pants,bottom,,,black,brown,,,all-season,AI-detected Pants processed on 2025-11-08,black-pants-1762598633.png,public
Black Pants,Pants,bottom,,,black,brown,,,all-season,AI-detected Pants processed on 2025-11-08,black-pants-1762600460.png,public
Black Pants,Pants,bottom,,,black,brown,,,all-season,AI-detected Pants processed on 2025-11-08,black-pants-1762601871.png,public
Black Pants,Pants,bottom,,,black,brown,,,all-season,AI-detected Pants processed on 2025-11-08,black-pants-1762602259.png,public
Black Pants,Pants,bottom,,,black,brown,,,all-season,AI-detected Pants processed on 2025-11-08,black-pants-1762603227.png,public
Black Pants,Pants,bottom,,,black,brown,,,all-season,AI-detected Pants processed on 2025-11-08,black-pants-1762605760.png,public
Black Pants,Pants,bottom,,,black,brown,,,all-season,AI-detected Pants processed on 2025-11-08,black-pants-1762605800.png,public
Black Pants,Pants,bottom,,,black,brown,,,all-season,AI-detected Pants processed on 2025-11-08,black-pants-1762605920.png,public
Black Pants,Pants,bottom,,,black,brown,,,all-season,AI-detected Pants processed on 2025-11-08,black-pants-1762606774.png,public
Black Pants,Pants,bottom,,,black,brown|gray,,,all-season,AI-detected Pants processed on 2025-11-08,black-pants-1762572777.png,public
Black Pants,Pants,bottom,,,black,brown|gray,,,all-season,AI-detected Pants processed on 2025-11-08,black-pants-1762582249.png,public
Black Pants,Pants,bottom,,,black,brown|gray,,,all-season,AI-detected Pants processed on 2025-11-08,black-pants-1762584791.png,public
Black Pants,Pants,bottom,,,black,brown|gray,,,all-season,AI-detected Pants processed on 2025-11-08,black-pants-1762600365.png,public
Black Pants,Pants,bottom,,,black,brown|maroon,,,all-season,AI-detected Pants processed on 2025-11-08,black-pants-1762569082.png,public
Black Pants,Pants,bottom,,,black,brown|maroon,,,all-season,AI-detected Pants processed on 2025-11-08,black-pants-1762570119.png,public
Black Pants,Pants,bottom,,,black,brown|pink,,,all-season,AI-detected Pants processed on 2025-11-08,black-pants-1762571138.png,public
Black Pants,Pants,bottom,,,black,brown|pink,,,all-season,AI-detected Pants processed on 2025-11-08,black-pants-1762576221.png,public
Black Pants,Pants,bottom,,,black,brown|pink,,,all-season,AI-detected Pants processed on 2025-11-08,black-pants-1762604381.png,public
Black Pants,Pants,bottom,,,black,cyan|gray,,,all-season,AI-detected Pants processed on 2025-11-08,black-pants-1762578797.png,public
Black Pants,Pants,bottom,,,black,gray,,,all-season,AI-detected Pants processed on 2025-11-08,black-pants-1762568610.png,public
Black Pants,Pants,bottom,,,black,gray,,,all-season,AI-detected Pants processed on 2025-11-08,black-pants-1762568620.png,public
Black Pants,Pants,bottom,,,black,gray,,,all-season,AI-detected Pants processed on 2025-11-08,black-pants-1762568639.png,public
Black Pants,Pants,bottom,,,black,gray,,,all-season,AI-detected Pants processed on 2025-11-08,black-pants-1762568718.png,public
Black Pants,Pants,bottom,,,black,gray,,,all-season,AI-detected Pants processed on 2025-11-08,black-pants-1762568735.png,public
Black Pants,Pants,bottom,,,black,gray,,,all-season,AI-detected Pants processed on 2025-11-08,black-pants-1762568775.png,public
Black Pants,Pants,bottom,,,black,gray,,,all-season,AI-detected Pants processed on 2025-11-08,black-pants-1762568975.png,public
Black Pants,Pants,bottom,,,black,gray,,,all-season,AI-detected Pants processed on 2025-11-08,black-pants-1762569243.png,public
Black Pants,Pants,bottom,,,black,gray,,,all-season,AI-detected Pants processed on 2025-11-08,black-pants-1762569272.png,public
Black Pants,Pants,bottom,,,black,gray,,,all-season,AI-detected Pants processed on 2025-11-08,black-pants-1762569420.png,public
Black Pants,Pants,bottom,,,black,gray,,,all-season,AI-detected Pants processed on 2025-11-08,black-pants-1762569530.png,public
Black Pants,Pants,bottom,,,black,gray,,,all-season,AI-detected Pants processed on 2025-11-08,black-pants-1762570076.png,public
Black Pants,Pants,bottom,,,black,gray,,,all-season,AI-detected Pants processed on 2025-11-08,black-pants-1762570113.png,public
Black Pants,Pants,bottom,,,black,gray,,,all-season,AI-detected Pants processed on 2025-11-08,black-pants-1762570130.png,public
Black Pants,Pants,bottom,,,black,gray,,,all-season,AI-detected Pants processed on 2025-11-08,black-pants-1762570305.png,public
Black Pants,Pants,bottom,,,black,gray,,,all-season,AI-detected Pants processed on 2025-11-08,black-pants-1762570333.png,public
Black Pants,Pants,bottom,,,black,gray,,,all-season,AI-detected Pants processed on 2025-11-08,black-pants-1762570382.png,public
Black Pants,Pants,bottom,,,black,gray,,,all-season,AI-detected Pants processed on 2025-11-08,black-pants-1762570430.png,public
Black Pants,Pants,bottom,,,black,gray,,,all-season,AI-detected Pants processed on 2025-11-08,black-pants-1762570462.png,public
Black Pants,Pants,bottom,,,black,gray,,,all-season,AI-detected Pants processed on 2025-11-08,black-pants-1762570499.png,public
Black Pants,Pants,bottom,,,black,gray,,,all-season,AI-detected Pants processed on 2025-11-08,black-pants-1762570521.png,public
Black Pants,Pants,bottom,,,black,gray,,,all-season,AI-detected Pants processed on 2025-11-08,black-pants-1762570833.png,public
Black Pants,Pants,bottom,,,black,gray,,,all-season,AI-detected Pants processed on 2025-11-08,black-pants-1762570893.png,public
Black Pants,Pants,bottom,,,black,gray,,,all-season,AI-detected Pants processed on 2025-11-08,black-pants-1762570906.png,public
Black Pants,Pants,bottom,,,black,gray,,,all-season,AI-detected Pants processed on 2025-11-08,black-pants-1762571024.png,public
Black Pants,Pants,bottom,,,black,gray,,,all-season,AI-detected Pants processed on 2025-11-08,black-pants-1762571072.png,public
Black Pants,Pants,bottom,,,black,gray,,,all-season,AI-detected Pants processed on 2025-11-08,black-pants-1762571207.png,public
Black Pants,Pants,bottom,,,black,gray,,,all-season,AI-detected Pants processed on 2025-11-08,black-pants-1762571294.png,public
Black Pants,Pants,bottom,,,black,gray,,,all-season,AI-detected Pants processed on 2025-11-08,black-pants-1762571730.png,public
Black Pants,Pants,bottom,,,black,gray,,,all-season,AI-detected Pants processed on 2025-11-08,black-pants-1762571754.png,public
Black Pants,Pants,bottom,,,black,gray,,,all-season,AI-detected Pants processed on 2025-11-08,black-pants-1762571835.png,public
Black Pants,Pants,bottom,,,black,gray,,,all-season,AI-detected Pants processed on 2025-11-08,black-pants-1762571896.png,public
Black Pants,Pants,bottom,,,black,gray,,,all-season,AI-detected Pants processed on 2025-11-08,black-pants-1762572095.png,public
Black Pants,Pants,bottom,,,black,gray,,,all-season,AI-detected Pants processed on 2025-11-08,black-pants-1762572211.png,public
Black Pants,Pants,bottom,,,black,gray,,,all-season,AI-detected Pants processed on 2025-11-08,black-pants-1762572260.png,public
Black Pants,Pants,bottom,,,black,gray,,,all-season,AI-detected Pants processed on 2025-11-08,black-pants-1762572354.png,public
Black Pants,Pants,bottom,,,black,gray,,,all-season,AI-detected Pants processed on 2025-11-08,black-pants-1762572418.png,public
Black Pants,Pants,bottom,,,black,gray,,,all-season,AI-detected Pants processed on 2025-11-08,black-pants-1762572708.png,public
Black Pants,Pants,bottom,,,black,gray,,,all-season,AI-detected Pants processed on 2025-11-08,black-pants-1762572722.png,public
Black Pants,Pants,bottom,,,black,gray,,,all-season,AI-detected Pants processed on 2025-11-08,black-pants-1762572802.png,public
Black Pants,Pants,bottom,,,black,gray,,,all-season,AI-detected Pants processed on 2025-11-08,black-pants-1762572827.png,public
Black Pants,Pants,bottom,,,black,gray,,,all-season,AI-detected Pants processed on 2025-11-08,black-pants-1762573032.png,public
Black Pants,Pants,bottom,,,black,gray,,,all-season,AI-detected Pants processed on 2025-11-08,black-pants-1762573088.png,public
Black Pants,Pants,bottom,,,black,gray,,,all-season,AI-detected Pants processed on 2025-11-08,black-pants-1762573120.png,public
Black Pants,Pants,bottom,,,black,gray,,,all-season,AI-detected Pants processed on 2025-11-08,black-pants-1762573155.png,public
Black Pants,Pants,bottom,,,black,gray,,,all-season,AI-detected Pants processed on 2025-11-08,black-pants-1762573164.png,public
Black Pants,Pants,bottom,,,black,gray,,,all-season,AI-detected Pants processed on 2025-11-08,black-pants-1762573371.png,public
Black Pants,Pants,bottom,,,black,gray,,,all-season,AI-detected Pants processed on 2025-11-08,black-pants-1762573430.png,public
Black Pants,Pants,bottom,,,black,gray,,,all-season,AI-detected Pants processed on 2025-11-08,black-pants-1762573547.png,public
Black Pants,Pants,bottom,,,black,gray,,,all-season,AI-detected Pants processed on 2025-11-08,black-pants-1762573573.png,public
Black Pants,Pants,bottom,,,black,gray,,,all-season,AI-detected Pants processed on 2025-11-08,black-pants-1762573647.png,public
Black Pants,Pants,bottom,,,black,gray,,,all-season,AI-detected Pants processed on 2025-11-08,black-pants-1762573723.png,public
Black Pants,Pants,bottom,,,black,gray,,,all-season,AI-detected Pants processed on 2025-11-08,black-pants-1762573769.png,public
Black Pants,Pants,bottom,,,black,gray,,,all-season,AI-detected Pants processed on 2025-11-08,black-pants-1762574153.png,public
Black Pants,Pants,bottom,,,black,gray,,,all-season,AI-detected Pants processed on 2025-11-08,black-pants-1762574229.png,public
Black Pants,Pants,bottom,,,black,gray,,,all-season,AI-detected Pants processed on 2025-11-08,black-pants-1762574396.png,public
Black Pants,Pants,bottom,,,black,gray,,,all-season,AI-detected Pants processed on 2025-11-08,black-pants-1762574566.png,public
Black Pants,Pants,bottom,,,black,gray,,,all-season,AI-detected Pants processed on 2025-11-08,black-pants-1762574591.png,public
Black Pants,Pants,bottom,,,black,gray,,,all-season,AI-detected Pants processed on 2025-11-08,black-pants-1762574624.png,public
Black Pants,Pants,bottom,,,black,gray,,,all-season,AI-detected Pants processed on 2025-11-08,black-pants-1762574899.png,public
Black Pants,Pants,bottom,,,black,gray,,,all-season,AI-detected Pants processed on 2025-11-08,black-pants-1762575116.png,public
Black Pants,Pants,bottom,,,black,gray,,,all-season,AI-detected Pants processed on 2025-11-08,black-pants-1762575244.png,public
Black Pants,Pants,bottom,,,black,gray,,,all-season,AI-detected Pants processed on 2025-11-08,black-pants-1762575314.png,public
Black Pants,Pants,bottom,,,black,gray,,,all-season,AI-detected Pants processed on 2025-11-08,black-pants-1762575395.png,public
Black Pants,Pants,bottom,,,black,gray,,,all-season,AI-detected Pants processed on 2025-11-08,black-pants-1762575793.png,public
Black Pants,Pants,bottom,,,black,gray,,,all-season,AI-detected Pants processed on 2025-11-08,black-pants-1762575801.png,public
Black Pants,Pants,bottom,,,black,gray,,,all-season,AI-detected Pants processed on 2025-11-08,black-pants-1762575958.png,public
Black Pants,Pants,bottom,,,black,gray,,,all-season,AI-detected Pants processed on 2025-11-08,black-pants-1762576091.png,public
Black Pants,Pants,bottom,,,black,gray,,,all-season,AI-detected Pants processed on 2025-11-08,black-pants-1762576189.png,public
Black Pants,Pants,bottom,,,black,gray,,,all-season,AI-detected Pants processed on 2025-11-08,black-pants-1762576307.png,public
Black Pants,Pants,bottom,,,black,gray,,,all-season,AI-detected Pants processed on 2025-11-08,black-pants-1762576316.png,public
Black Pants,Pants,bottom,,,black,gray,,,all-season,AI-detected Pants processed on 2025-11-08,black-pants-1762576406.png,public
Black Pants,Pants,bottom,,,black,gray,,,all-season,AI-detected Pants processed on 2025-11-08,black-pants-1762576594.png,public
Black Pants,Pants,bottom,,,black,gray,,,all-season,AI-detected Pants processed on 2025-11-08,black-pants-1762576597.png,public
Black Pants,Pants,bottom,,,black,gray,,,all-season,AI-detected Pants processed on 2025-11-08,black-pants-1762576619.png,public
Black Pants,Pants,bottom,,,black,gray,,,all-season,AI-detected Pants processed on 2025-11-08,black-pants-1762576762.png,public
Black Pants,Pants,bottom,,,black,gray,,,all-season,AI-detected Pants processed on 2025-11-08,black-pants-1762576776.png,public
Black Pants,Pants,bottom,,,black,gray,,,all-season,AI-detected Pants processed on 2025-11-08,black-pants-1762577033.png,public
Black Pants,Pants,bottom,,,black,gray,,,all-season,AI-detected Pants processed on 2025-11-08,black-pants-1762577268.png,public
Black Pants,Pants,bottom,,,black,gray,,,all-season,AI-detected Pants processed on 2025-11-08,black-pants-1762577392.png,public
Black Pants,Pants,bottom,,,black,gray,,,all-season,AI-detected Pants processed on 2025-11-08,black-pants-1762577453.png,public
Black Pants,Pants,bottom,,,black,gray,,,all-season,AI-detected Pants processed on 2025-11-08,black-pants-1762577544.png,public
Black Pants,Pants,bottom,,,black,gray,,,all-season,AI-detected Pants processed on 2025-11-08,black-pants-1762577619.png,public
Black Pants,Pants,bottom,,,black,gray,,,all-season,AI-detected Pants processed on 2025-11-08,black-pants-1762577646.png,public
Black Pants,Pants,bottom,,,black,gray,,,all-season,AI-detected Pants processed on 2025-11-08,black-pants-1762577696.png,public
Black Pants,Pants,bottom,,,black,gray,,,all-season,AI-detected Pants processed on 2025-11-08,black-pants-1762577785.png,public
Black Pants,Pants,bottom,,,black,gray,,,all-season,AI-detected Pants processed on 2025-11-08,black-pants-1762577918.png,public
Black Pants,Pants,bottom,,,black,gray,,,all-season,AI-detected Pants processed on 2025-11-08,black-pants-1762578107.png,public
Black Pants,Pants,bottom,,,black,gray,,,all-season,AI-detected Pants processed on 2025-11-08,black-pants-1762578324.png,public
Black Pants,Pants,bottom,,,black,gray,,,all-season,AI-detected Pants processed on 2025-11-08,black-pants-1762578460.png,public
Black Pants,Pants,bottom,,,black,gray,,,all-season,AI-detected Pants processed on 2025-11-08,black-pants-1762578581.png,public
Black Pants,Pants,bottom,,,black,gray,,,all-season,AI-detected Pants processed on 2025-11-08,black-pants-1762578667.png,public
Black Pants,Pants,bottom,,,black,gray,,,all-season,AI-detected Pants processed on 2025-11-08,black-pants-1762578853.png,public
Black Pants,Pants,bottom,,,black,gray,,,all-season,AI-detected Pants processed on 2025-11-08,black-pants-1762579039.png,public
Black Pants,Pants,bottom,,,black,gray,,,all-season,AI-detected Pants processed on 2025-11-08,black-pants-1762579111.png,public
Black Pants,Pants,bottom,,,black,gray,,,all-season,AI-detected Pants processed on 2025-11-08,black-pants-1762579742.png,public
Black Pants,Pants,bottom,,,black,gray,,,all-season,AI-detected Pants processed on 2025-11-08,black-pants-1762579830.png,public
Black Pants,Pants,bottom,,,black,gray,,,all-season,AI-detected Pants processed on 2025-11-08,black-pants-1762579937.png,public
Black Pants,Pants,bottom,,,black,gray,,,all-season,AI-detected Pants processed on 2025-11-08,black-pants-1762579954.png,public
Black Pants,Pants,bottom,,,black,gray,,,all-season,AI-detected Pants processed on 2025-11-08,black-pants-1762580342.png,public
Black Pants,Pants,bottom,,,black,gray,,,all-season,AI-detected Pants processed on 2025-11-08,black-pants-1762580424.png,public
Black Pants,Pants,bottom,,,black,gray,,,all-season,AI-detected Pants processed on 2025-11-08,black-pants-1762580480.png,public
Black Pants,Pants,bottom,,,black,gray,,,all-season,AI-detected Pants processed on 2025-11-08,black-pants-1762580684.png,public
Black Pants,Pants,bottom,,,black,gray,,,all-season,AI-detected Pants processed on 2025-11-08,black-pants-1762580724.png,public
Black Pants,Pants,bottom,,,black,gray,,,all-season,AI-detected Pants processed on 2025-11-08,black-pants-1762580735.png,public
Black Pants,Pants,bottom,,,black,gray,,,all-season,AI-detected Pants processed on 2025-11-08,black-pants-1762580763.png,public
Black Pants,Pants,bottom,,,black,gray,,,all-season,AI-detected Pants processed on 2025-11-08,black-pants-1762580815.png,public
Black Pants,Pants,bottom,,,black,gray,,,all-season,AI-detected Pants processed on 2025-11-08,black-pants-1762580946.png,public
Black Pants,Pants,bottom,,,black,gray,,,all-season,AI-detected Pants processed on 2025-11-08,black-pants-1762581281.png,public
Black Pants,Pants,bottom,,,black,gray,,,all-season,AI-detected Pants processed on 2025-11-08,black-pants-1762581641.png,public
Black Pants,Pants,bottom,,,black,gray,,,all-season,AI-detected Pants processed on 2025-11-08,black-pants-1762581955.png,public
Black Pants,Pants,bottom,,,black,gray,,,all-season,AI-detected Pants processed on 2025-11-08,black-pants-1762581965.png,public
Black Pants,Pants,bottom,,,black,gray,,,all-season,AI-detected Pants processed on 2025-11-08,black-pants-1762582154.png,public
Black Pants,Pants,bottom,,,black,gray,,,all-season,AI-detected Pants processed on 2025-11-08,black-pants-1762582325.png,public
Black Pants,Pants,bottom,,,black,gray,,,all-season,AI-detected Pants processed on 2025-11-08,black-pants-1762582422.png,public
Black Pants,Pants,bottom,,,black,gray,,,all-season,AI-detected Pants processed on 2025-11-08,black-pants-1762582528.png,public
Black Pants,Pants,bottom,,,black,gray,,,all-season,AI-detected Pants processed on 2025-11-08,black-pants-1762582580.png,public
Black Pants,Pants,bottom,,,black,gray,,,all-season,AI-detected Pants processed on 2025-11-08,black-pants-1762582761.png,public
Black Pants,Pants,bottom,,,black,gray,,,all-season,AI-detected Pants processed on 2025-11-08,black-pants-1762582770.png,public
Black Pants,Pants,bottom,,,black,gray,,,all-season,AI-detected Pants processed on 2025-11-08,black-pants-1762582798.png,public
Black Pants,Pants,bottom,,,black,gray,,,all-season,AI-detected Pants processed on 2025-11-08,black-pants-1762582888.png,public
Black Pants,Pants,bottom,,,black,gray,,,all-season,AI-detected Pants processed on 2025-11-08,black-pants-1762583258.png,public
Black Pants,Pants,bottom,,,black,gray,,,all-season,AI-detected Pants processed on 2025-11-08,black-pants-1762583364.png,public
Black Pants,Pants,bottom,,,black,gray,,,all-season,AI-detected Pants processed on 2025-11-08,black-pants-1762583399.png,public
Black Pants,Pants,bottom,,,black,gray,,,all-season,AI-detected Pants processed on 2025-11-08,black-pants-1762583426.png,public
Black Pants,Pants,bottom,,,black,gray,,,all-season,AI-detected Pants processed on 2025-11-08,black-pants-1762583524.png,public
Black Pants,Pants,bottom,,,black,gray,,,all-season,AI-detected Pants processed on 2025-11-08,black-pants-1762583555.png,public
Black Pants,Pants,bottom,,,black,gray,,,all-season,AI-detected Pants processed on 2025-11-08,black-pants-1762583832.png,public
Black Pants,Pants,bottom,,,black,gray,,,all-season,AI-detected Pants processed on 2025-11-08,black-pants-1762584258.png,public
Black Pants,Pants,bottom,,,black,gray,,,all-season,AI-detected Pants processed on 2025-11-08,black-pants-1762584289.png,public
Black Pants,Pants,bottom,,,black,gray,,,all-season,AI-detected Pants processed on 2025-11-08,black-pants-1762584321.png,public
Black Pants,Pants,bottom,,,black,gray,,,all-season,AI-detected Pants processed on 2025-11-08,black-pants-1762584389.png,public
Black Pants,Pants,bottom,,,black,gray,,,all-season,AI-detected Pants processed on 2025-11-08,black-pants-1762584747.png,public
Black Pants,Pants,bottom,,,black,gray,,,all-season,AI-detected Pants processed on 2025-11-08,black-pants-1762584899.png,public
Black Pants,Pants,bottom,,,black,gray,,,all-season,AI-detected Pants processed on 2025-11-08,black-pants-1762584925.png,public
Black Pants,Pants,bottom,,,black,gray,,,all-season,AI-detected Pants processed on 2025-11-08,black-pants-1762585197.png,public
Black Pants,Pants,bottom,,,black,gray,,,all-season,AI-detected Pants processed on 2025-11-08,black-pants-1762585297.png,public
Black Pants,Pants,bottom,,,black,gray,,,all-season,AI-detected Pants processed on 2025-11-08,black-pants-1762585424.png,public
Black Pants,Pants,bottom,,,black,gray,,,all-season,AI-detected Pants processed on 2025-11-08,black-pants-1762585508.png,public
Black Pants,Pants,bottom,,,black,gray,,,all-season,AI-detected Pants processed on 2025-11-08,black-pants-1762585583.png,public
Black Pants,Pants,bottom,,,black,gray,,,all-season,AI-detected Pants processed on 2025-11-08,black-pants-1762585815.png,public
Black Pants,Pants,bottom,,,black,gray,,,all-season,AI-detected Pants processed on 2025-11-08,black-pants-1762585923.png,public
Black Pants,Pants,bottom,,,black,gray,,,all-season,AI-detected Pants processed on 2025-11-08,black-pants-1762585986.png,public
Black Pants,Pants,bottom,,,black,gray,,,all-season,AI-detected Pants processed on 2025-11-08,black-pants-1762586016.png,public
Black Pants,Pants,bottom,,,black,gray,,,all-season,AI-detected Pants processed on 2025-11-08,black-pants-1762586358.png,public
Black Pants,Pants,bottom,,,black,gray,,,all-season,AI-detected Pants processed on 2025-11-08,black-pants-1762586403.png,public
Black Pants,Pants,bottom,,,black,gray,,,all-season,AI-detected Pants processed on 2025-11-08,black-pants-1762586514.png,public
Black Pants,Pants,bottom,,,black,gray,,,all-season,AI-detected Pants processed on 2025-11-08,black-pants-1762586639.png,public
Black Pants,Pants,bottom,,,black,gray,,,all-season,AI-detected Pants processed on 2025-11-08,black-pants-1762586739.png,public
Black Pants,Pants,bottom,,,black,gray,,,all-season,AI-detected Pants processed on 2025-11-08,black-pants-1762586877.png,public
Black Pants,Pants,bottom,,,black,gray,,,all-season,AI-detected Pants processed on 2025-11-08,black-pants-1762586921.png,public
Black Pants,Pants,bottom,,,black,gray,,,all-season,AI-detected Pants processed on 2025-11-08,black-pants-1762586932.png,public
Black Pants,Pants,bottom,,,black,gray,,,all-season,AI-detected Pants processed on 2025-11-08,black-pants-1762586964.png,public
Black Pants,Pants,bottom,,,black,gray,,,all-season,AI-detected Pants processed on 2025-11-08,black-pants-1762586991.png,public
Black Pants,Pants,bottom,,,black,gray,,,all-season,AI-detected Pants processed on 2025-11-08,black-pants-1762587039.png,public
Black Pants,Pants,bottom,,,black,gray,,,all-season,AI-detected Pants processed on 2025-11-08,black-pants-1762587200.png,public
Black Pants,Pants,bottom,,,black,gray,,,all-season,AI-detected Pants processed on 2025-11-08,black-pants-1762587316.png,public
Black Pants,Pants,bottom,,,black,gray,,,all-season,AI-detected Pants processed on 2025-11-08,black-pants-1762587417.png,public
Black Pants,Pants,bottom,,,black,gray,,,all-season,AI-detected Pants processed on 2025-11-08,black-pants-1762587488.png,public
Black Pants,Pants,bottom,,,black,gray,,,all-season,AI-detected Pants processed on 2025-11-08,black-pants-1762587563.png,public
Black Pants,Pants,bottom,,,black,gray,,,all-season,AI-detected Pants processed on 2025-11-08,black-pants-1762587640.png,public
Black Pants,Pants,bottom,,,black,gray,,,all-season,AI-detected Pants processed on 2025-11-08,black-pants-1762587690.png,public
Black Pants,Pants,bottom,,,black,gray,,,all-season,AI-detected Pants processed on 2025-11-08,black-pants-1762587722.png,public
Black Pants,Pants,bottom,,,black,gray,,,all-season,AI-detected Pants processed on 2025-11-08,black-pants-1762587890.png,public
Black Pants,Pants,bottom,,,black,gray,,,all-season,AI-detected Pants processed on 2025-11-08,black-pants-1762587906.png,public
Black Pants,Pants,bottom,,,black,gray,,,all-season,AI-detected Pants processed on 2025-11-08,black-pants-1762588096.png,public
Black Pants,Pants,bottom,,,black,gray,,,all-season,AI-detected Pants processed on 2025-11-08,black-pants-1762588190.png,public
Black Pants,Pants,bottom,,,black,gray,,,all-season,AI-detected Pants processed on 2025-11-08,black-pants-1762588395.png,public
Black Pants,Pants,bottom,,,black,gray,,,all-season,AI-detected Pants processed on 2025-11-08,black-pants-1762588419.png,public
Black Pants,Pants,bottom,,,black,gray,,,all-season,AI-detected Pants processed on 2025-11-08,black-pants-1762588492.png,public
Black Pants,Pants,bottom,,,black,gray,,,all-season,AI-detected Pants processed on 2025-11-08,black-pants-1762588539.png,public
Black Pants,Pants,bottom,,,black,gray,,,all-season,AI-detected Pants processed on 2025-11-08,black-pants-1762588646.png,public
Black Pants,Pants,bottom,,,black,gray,,,all-season,AI-detected Pants processed on 2025-11-08,black-pants-1762588815.png,public
Black Pants,Pants,bottom,,,black,gray,,,all-season,AI-detected Pants processed on 2025-11-08,black-pants-1762588874.png,public
Black Pants,Pants,bottom,,,black,gray,,,all-season,AI-detected Pants processed on 2025-11-08,black-pants-1762588979.png,public
Black Pants,Pants,bottom,,,black,gray,,,all-season,AI-detected Pants processed on 2025-11-08,black-pants-1762589114.png,public
Black Pants,Pants,bottom,,,black,gray,,,all-season,AI-detected Pants processed on 2025-11-08,black-pants-1762589136.png,public
Black Pants,Pants,bottom,,,black,gray,,,all-season,AI-detected Pants processed on 2025-11-08,black-pants-1762589290.png,public
Black Pants,Pants,bottom,,,black,gray,,,all-season,AI-detected Pants processed on 2025-11-08,black-pants-1762589324.png,public
Black Pants,Pants,bottom,,,black,gray,,,all-season,AI-detected Pants processed on 2025-11-08,black-pants-1762589403.png,public
Black Pants,Pants,bottom,,,black,gray,,,all-season,AI-detected Pants processed on 2025-11-08,black-pants-1762589581.png,public
Black Pants,Pants,bottom,,,black,gray,,,all-season,AI-detected Pants processed on 2025-11-08,black-pants-1762589836.png,public
Black Pants,Pants,bottom,,,black,gray,,,all-season,AI-detected Pants processed on 2025-11-08,black-pants-1762589874.png,public
Black Pants,Pants,bottom,,,black,gray,,,all-season,AI-detected Pants processed on 2025-11-08,black-pants-1762590129.png,public
Black Pants,Pants,bottom,,,black,gray,,,all-season,AI-detected Pants processed on 2025-11-08,black-pants-1762590347.png,public
Black Pants,Pants,bottom,,,black,gray,,,all-season,AI-detected Pants processed on 2025-11-08,black-pants-1762590418.png,public
Black Pants,Pants,bottom,,,black,gray,,,all-season,AI-detected Pants processed on 2025-11-08,black-pants-1762590460.png,public
Black Pants,Pants,bottom,,,black,gray,,,all-season,AI-detected Pants processed on 2025-11-08,black-pants-1762590568.png,public
Black Pants,Pants,bottom,,,black,gray,,,all-season,AI-detected Pants processed on 2025-11-08,black-pants-1762590592.png,public
Black Pants,Pants,bottom,,,black,gray,,,all-season,AI-detected Pants processed on 2025-11-08,black-pants-1762590687.png,public
Black Pants,Pants,bottom,,,black,gray,,,all-season,AI-detected Pants processed on 2025-11-08,black-pants-1762590850.png,public
Black Pants,Pants,bottom,,,black,gray,,,all-season,AI-detected Pants processed on 2025-11-08,black-pants-1762591033.png,public
Black Pants,Pants,bottom,,,black,gray,,,all-season,AI-detected Pants processed on 2025-11-08,black-pants-1762591647.png,public
Black Pants,Pants,bottom,,,black,gray,,,all-season,AI-detected Pants processed on 2025-11-08,black-pants-1762591787.png,public
Black Pants,Pants,bottom,,,black,gray,,,all-season,AI-detected Pants processed on 2025-11-08,black-pants-1762591918.png,public
Black Pants,Pants,bottom,,,black,gray,,,all-season,AI-detected Pants processed on 2025-11-08,black-pants-1762592123.png,public
Black Pants,Pants,bottom,,,black,gray,,,all-season,AI-detected Pants processed on 2025-11-08,black-pants-1762592163.png,public
Black Pants,Pants,bottom,,,black,gray,,,all-season,AI-detected Pants processed on 2025-11-08,black-pants-1762592191.png,public
Black Pants,Pants,bottom,,,black,gray,,,all-season,AI-detected Pants processed on 2025-11-08,black-pants-1762592370.png,public
Black Pants,Pants,bottom,,,black,gray,,,all-season,AI-detected Pants processed on 2025-11-08,black-pants-1762592465.png,public
Black Pants,Pants,bottom,,,black,gray,,,all-season,AI-detected Pants processed on 2025-11-08,black-pants-1762592709.png,public
Black Pants,Pants,bottom,,,black,gray,,,all-season,AI-detected Pants processed on 2025-11-08,black-pants-1762592953.png,public
Black Pants,Pants,bottom,,,black,gray,,,all-season,AI-detected Pants processed on 2025-11-08,black-pants-1762593027.png,public
Black Pants,Pants,bottom,,,black,gray,,,all-season,AI-detected Pants processed on 2025-11-08,black-pants-1762593168.png,public
Black Pants,Pants,bottom,,,black,gray,,,all-season,AI-detected Pants processed on 2025-11-08,black-pants-1762593316.png,public
Black Pants,Pants,bottom,,,black,gray,,,all-season,AI-detected Pants processed on 2025-11-08,black-pants-1762593452.png,public
Black Pants,Pants,bottom,,,black,gray,,,all-season,AI-detected Pants processed on 2025-11-08,black-pants-1762593673.png,public
Black Pants,Pants,bottom,,,black,gray,,,all-season,AI-detected Pants processed on 2025-11-08,black-pants-1762593913.png,public
Black Pants,Pants,bottom,,,black,gray,,,all-season,AI-detected Pants processed on 2025-11-08,black-pants-1762594046.png,public
Black Pants,Pants,bottom,,,black,gray,,,all-season,AI-detected Pants processed on 2025-11-08,black-pants-1762594351.png,public
Black Pants,Pants,bottom,,,black,gray,,,all-season,AI-detected Pants processed on 2025-11-08,black-pants-1762594515.png,public
Black Pants,Pants,bottom,,,black,gray,,,all-season,AI-detected Pants processed on 2025-11-08,black-pants-1762594595.png,public
Black Pants,Pants,bottom,,,black,gray,,,all-season,AI-detected Pants processed on 2025-11-08,black-pants-1762594648.png,public
Black Pants,Pants,bottom,,,black,gray,,,all-season,AI-detected Pants processed on 2025-11-08,black-pants-1762594877.png,public
Black Pants,Pants,bottom,,,black,gray,,,all-season,AI-detected Pants processed on 2025-11-08,black-pants-1762595364.png,public
Black Pants,Pants,bottom,,,black,gray,,,all-season,AI-detected Pants processed on 2025-11-08,black-pants-1762595423.png,public
Black Pants,Pants,bottom,,,black,gray,,,all-season,AI-detected Pants processed on 2025-11-08,black-pants-1762595635.png,public
Black Pants,Pants,bottom,,,black,gray,,,all-season,AI-detected Pants processed on 2025-11-08,black-pants-1762595739.png,public
Black Pants,Pants,bottom,,,black,gray,,,all-season,AI-detected Pants processed on 2025-11-08,black-pants-1762595935.png,public
Black Pants,Pants,bottom,,,black,gray,,,all-season,AI-detected Pants processed on 2025-11-08,black-pants-1762596043.png,public
Black Pants,Pants,bottom,,,black,gray,,,all-season,AI-detected Pants processed on 2025-11-08,black-pants-1762596103.png,public
Black Pants,Pants,bottom,,,black,gray,,,all-season,AI-detected Pants processed on 2025-11-08,black-pants-1762596139.png,public
Black Pants,Pants,bottom,,,black,gray,,,all-season,AI-detected Pants processed on 2025-11-08,black-pants-1762596187.png,public
Black Pants,Pants,bottom,,,black,gray,,,all-season,AI-detected Pants processed on 2025-11-08,black-pants-1762596239.png,public
Black Pants,Pants,bottom,,,black,gray,,,all-season,AI-detected Pants processed on 2025-11-08,black-pants-1762596275.png,public
Black Pants,Pants,bottom,,,black,gray,,,all-season,AI-detected Pants processed on 2025-11-08,black-pants-1762596290.png,public
Black Pants,Pants,bottom,,,black,gray,,,all-season,AI-detected Pants processed on 2025-11-08,black-pants-1762596591.png,public
Black Pants,Pants,bottom,,,black,gray,,,all-season,AI-detected Pants processed on 2025-11-08,black-pants-1762596609.png,public
Black Pants,Pants,bottom,,,black,gray,,,all-season,AI-detected Pants processed on 2025-11-08,black-pants-1762596661.png,public
Black Pants,Pants,bottom,,,black,gray,,,all-season,AI-detected Pants processed on 2025-11-08,black-pants-1762596739.png,public
Black Pants,Pants,bottom,,,black,gray,,,all-season,AI-detected Pants processed on 2025-11-08,black-pants-1762596878.png,public
Black Pants,Pants,bottom,,,black,gray,,,all-season,AI-detected Pants processed on 2025-11-08,black-pants-1762597042.png,public
Black Pants,Pants,bottom,,,black,gray,,,all-season,AI-detected Pants processed on 2025-11-08,black-pants-1762597149.png,public
Black Pants,Pants,bottom,,,black,gray,,,all-season,AI-detected Pants processed on 2025-11-08,black-pants-1762597193.png,public
Black Pants,Pants,bottom,,,black,gray,,,all-season,AI-detected Pants processed on 2025-11-08,black-pants-1762597215.png,public
Black Pants,Pants,bottom,,,black,gray,,,all-season,AI-detected Pants processed on 2025-11-08,black-pants-1762597338.png,public
Black Pants,Pants,bottom,,,black,gray,,,all-season,AI-detected Pants processed on 2025-11-08,black-pants-1762597494.png,public
Black Pants,Pants,bottom,,,black,gray,,,all-season,AI-detected Pants processed on 2025-11-08,black-pants-1762597587.png,public
Black Pants,Pants,bottom,,,black,gray,,,all-season,AI-detected Pants processed on 2025-11-08,black-pants-1762597647.png,public
Black Pants,Pants,bottom,,,black,gray,,,all-season,AI-detected Pants processed on 2025-11-08,black-pants-1762597699.png,public
Black Pants,Pants,bottom,,,black,gray,,,all-season,AI-detected Pants processed on 2025-11-08,black-pants-1762597762.png,public
Black Pants,Pants,bottom,,,black,gray,,,all-season,AI-detected Pants processed on 2025-11-08,black-pants-1762597882.png,public
Black Pants,Pants,bottom,,,black,gray,,,all-season,AI-detected Pants processed on 2025-11-08,black-pants-1762597923.png,public
Black Pants,Pants,bottom,,,black,gray,,,all-season,AI-detected Pants processed on 2025-11-08,black-pants-1762598155.png,public
Black Pants,Pants,bottom,,,black,gray,,,all-season,AI-detected Pants processed on 2025-11-08,black-pants-1762598209.png,public
Black Pants,Pants,bottom,,,black,gray,,,all-season,AI-detected Pants processed on 2025-11-08,black-pants-1762598439.png,public
Black Pants,Pants,bottom,,,black,gray,,,all-season,AI-detected Pants processed on 2025-11-08,black-pants-1762598665.png,public
Black Pants,Pants,bottom,,,black,gray,,,all-season,AI-detected Pants processed on 2025-11-08,black-pants-1762598756.png,public
Black Pants,Pants,bottom,,,black,gray,,,all-season,AI-detected Pants processed on 2025-11-08,black-pants-1762598935.png,public
Black Pants,Pants,bottom,,,black,gray,,,all-season,AI-detected Pants processed on 2025-11-08,black-pants-1762599064.png,public
Black Pants,Pants,bottom,,,black,gray,,,all-season,AI-detected Pants processed on 2025-11-08,black-pants-1762599149.png,public
Black Pants,Pants,bottom,,,black,gray,,,all-season,AI-detected Pants processed on 2025-11-08,black-pants-1762599181.png,public
Black Pants,Pants,bottom,,,black,gray,,,all-season,AI-detected Pants processed on 2025-11-08,black-pants-1762599195.png,public
Black Pants,Pants,bottom,,,black,gray,,,all-season,AI-detected Pants processed on 2025-11-08,black-pants-1762599429.png,public
Black Pants,Pants,bottom,,,black,gray,,,all-season,AI-detected Pants processed on 2025-11-08,black-pants-1762599611.png,public
Black Pants,Pants,bottom,,,black,gray,,,all-season,AI-detected Pants processed on 2025-11-08,black-pants-1762599886.png,public
Black Pants,Pants,bottom,,,black,gray,,,all-season,AI-detected Pants processed on 2025-11-08,black-pants-1762600049.png,public
Black Pants,Pants,bottom,,,black,gray,,,all-season,AI-detected Pants processed on 2025-11-08,black-pants-1762600057.png,public
Black Pants,Pants,bottom,,,black,gray,,,all-season,AI-detected Pants processed on 2025-11-08,black-pants-1762600095.png,public
Black Pants,Pants,bottom,,,black,gray,,,all-season,AI-detected Pants processed on 2025-11-08,black-pants-1762600161.png,public
Black Pants,Pants,bottom,,,black,gray,,,all-season,AI-detected Pants processed on 2025-11-08,black-pants-1762600179.png,public
Black Pants,Pants,bottom,,,black,gray,,,all-season,AI-detected Pants processed on 2025-11-08,black-pants-1762600270.png,public
Black Pants,Pants,bottom,,,black,gray,,,all-season,AI-detected Pants processed on 2025-11-08,black-pants-1762600274.png,public
Black Pants,Pants,bottom,,,black,gray,,,all-season,AI-detected Pants processed on 2025-11-08,black-pants-1762600320.png,public
Black Pants,Pants,bottom,,,black,gray,,,all-season,AI-detected Pants processed on 2025-11-08,black-pants-1762600469.png,public
Black Pants,Pants,bottom,,,black,gray,,,all-season,AI-detected Pants processed on 2025-11-08,black-pants-1762600530.png,public
Black Pants,Pants,bottom,,,black,gray,,,all-season,AI-detected Pants processed on 2025-11-08,black-pants-1762600561.png,public
Black Pants,Pants,bottom,,,black,gray,,,all-season,AI-detected Pants processed on 2025-11-08,black-pants-1762600586.png,public
Black Pants,Pants,bottom,,,black,gray,,,all-season,AI-detected Pants processed on 2025-11-08,black-pants-1762600754.png,public
Black Pants,Pants,bottom,,,black,gray,,,all-season,AI-detected Pants processed on 2025-11-08,black-pants-1762600846.png,public
Black Pants,Pants,bottom,,,black,gray,,,all-season,AI-detected Pants processed on 2025-11-08,black-pants-1762601251.png,public
Black Pants,Pants,bottom,,,black,gray,,,all-season,AI-detected Pants processed on 2025-11-08,black-pants-1762601393.png,public
Black Pants,Pants,bottom,,,black,gray,,,all-season,AI-detected Pants processed on 2025-11-08,black-pants-1762601450.png,public
Black Pants,Pants,bottom,,,black,gray,,,all-season,AI-detected Pants processed on 2025-11-08,black-pants-1762601635.png,public
Black Pants,Pants,bottom,,,black,gray,,,all-season,AI-detected Pants processed on 2025-11-08,black-pants-1762601829.png,public
Black Pants,Pants,bottom,,,black,gray,,,all-season,AI-detected Pants processed on 2025-11-08,black-pants-1762601839.png,public
Black Pants,Pants,bottom,,,black,gray,,,all-season,AI-detected Pants processed on 2025-11-08,black-pants-1762601885.png,public
Black Pants,Pants,bottom,,,black,gray,,,all-season,AI-detected Pants processed on 2025-11-08,black-pants-1762601935.png,public
Black Pants,Pants,bottom,,,black,gray,,,all-season,AI-detected Pants processed on 2025-11-08,black-pants-1762602045.png,public
Black Pants,Pants,bottom,,,black,gray,,,all-season,AI-detected Pants processed on 2025-11-08,black-pants-1762602138.png,public
Black Pants,Pants,bottom,,,black,gray,,,all-season,AI-detected Pants processed on 2025-11-08,black-pants-1762602336.png,public
Black Pants,Pants,bottom,,,black,gray,,,all-season,AI-detected Pants processed on 2025-11-08,black-pants-1762602405.png,public
Black Pants,Pants,bottom,,,black,gray,,,all-season,AI-detected Pants processed on 2025-11-08,black-pants-1762602433.png,public
Black Pants,Pants,bottom,,,black,gray,,,all-season,AI-detected Pants processed on 2025-11-08,black-pants-1762602767.png,public
Black Pants,Pants,bottom,,,black,gray,,,all-season,AI-detected Pants processed on 2025-11-08,black-pants-1762602874.png,public
Black Pants,Pants,bottom,,,black,gray,,,all-season,AI-detected Pants processed on 2025-11-08,black-pants-1762602935.png,public
Black Pants,Pants,bottom,,,black,gray,,,all-season,AI-detected Pants processed on 2025-11-08,black-pants-1762603093.png,public
Black Pants,Pants,bottom,,,black,gray,,,all-season,AI-detected Pants processed on 2025-11-08,black-pants-1762603145.png,public
Black Pants,Pants,bottom,,,black,gray,,,all-season,AI-detected Pants processed on 2025-11-08,black-pants-1762603399.png,public
Black Pants,Pants,bottom,,,black,gray,,,all-season,AI-detected Pants processed on 2025-11-08,black-pants-1762603493.png,public
Black Pants,Pants,bottom,,,black,gray,,,all-season,AI-detected Pants processed on 2025-11-08,black-pants-1762603534.png,public
Black Pants,Pants,bottom,,,black,gray,,,all-season,AI-detected Pants processed on 2025-11-08,black-pants-1762603709.png,public
Black Pants,Pants,bottom,,,black,gray,,,all-season,AI-detected Pants processed on 2025-11-08,black-pants-1762603858.png,public
Black Pants,Pants,bottom,,,black,gray,,,all-season,AI-detected Pants processed on 2025-11-08,black-pants-1762604071.png,public
Black Pants,Pants,bottom,,,black,gray,,,all-season,AI-detected Pants processed on 2025-11-08,black-pants-1762604278.png,public
Black Pants,Pants,bottom,,,black,gray,,,all-season,AI-detected Pants processed on 2025-11-08,black-pants-1762604404.png,public
Black Pants,Pants,bottom,,,black,gray,,,all-season,AI-detected Pants processed on 2025-11-08,black-pants-1762604430.png,public
Black Pants,Pants,bottom,,,black,gray,,,all-season,AI-detected Pants processed on 2025-11-08,black-pants-1762604489.png,public
Black Pants,Pants,bottom,,,black,gray,,,all-season,AI-detected Pants processed on 2025-11-08,black-pants-1762604685.png,public
Black Pants,Pants,bottom,,,black,gray,,,all-season,AI-detected Pants processed on 2025-11-08,black-pants-1762604751.png,public
Black Pants,Pants,bottom,,,black,gray,,,all-season,AI-detected Pants processed on 2025-11-08,black-pants-1762604853.png,public
Black Pants,Pants,bottom,,,black,gray,,,all-season,AI-detected Pants processed on 2025-11-08,black-pants-1762605027.png,public
Black Pants,Pants,bottom,,,black,gray,,,all-season,AI-detected Pants processed on 2025-11-08,black-pants-1762605134.png,public
Black Pants,Pants,bottom,,,black,gray,,,all-season,AI-detected Pants processed on 2025-11-08,black-pants-1762605218.png,public
Black Pants,Pants,bottom,,,black,gray,,,all-season,AI-detected Pants processed on 2025-11-08,black-pants-1762605245.png,public
Black Pants,Pants,bottom,,,black,gray,,,all-season,AI-detected Pants processed on 2025-11-08,black-pants-1762605427.png,public
Black Pants,Pants,bottom,,,black,gray,,,all-season,AI-detected Pants processed on 2025-11-08,black-pants-1762605948.png,public
Black Pants,Pants,bottom,,,black,gray,,,all-season,AI-detected Pants processed on 2025-11-08,black-pants-1762606052.png,public
Black Pants,Pants,bottom,,,black,gray,,,all-season,AI-detected Pants processed on 2025-11-08,black-pants-1762606296.png,public
Black Pants,Pants,bottom,,,black,gray,,,all-season,AI-detected Pants processed on 2025-11-08,black-pants-1762606317.png,public
Black Pants,Pants,bottom,,,black,gray,,,all-season,AI-detected Pants processed on 2025-11-08,black-pants-1762606375.png,public
Black Pants,Pants,bottom,,,black,gray,,,all-season,AI-detected Pants processed on 2025-11-08,black-pants-1762606530.png,public
Black Pants,Pants,bottom,,,black,gray,,,all-season,AI-detected Pants processed on 2025-11-08,black-pants-1762606831.png,public
Black Pants,Pants,bottom,,,black,gray,,,all-season,AI-detected Pants processed on 2025-11-08,black-pants-1762606839.png,public
Black Pants,Pants,bottom,,,black,gray,,,all-season,AI-detected Pants processed on 2025-11-08,black-pants-1762606917.png,public
Black Pants,Pants,bottom,,,black,gray,,,all-season,AI-detected Pants processed on 2025-11-08,black-pants-1762607226.png,public
Black Pants,Pants,bottom,,,black,gray,,,all-season,AI-detected Pants processed on 2025-11-08,black-pants-1762607230.png,public
Black Pants,Pants,bottom,,,black,gray,,,all-season,AI-detected Pants processed on 2025-11-08,black-pants-1762607403.png,public
Black Pants,Pants,bottom,,,black,gray,,,all-season,AI-detected Pants processed on 2025-11-08,black-pants-1762607438.png,public
Black Pants,Pants,bottom,,,black,gray,,,all-season,AI-detected Pants processed on 2025-11-08,black-pants-1762607447.png,public
Black Pants,Pants,bottom,,,black,gray,,,all-season,AI-detected Pants processed on 2025-11-08,black-pants-1762607499.png,public
Black Pants,Pants,bottom,,,black,gray,,,all-season,AI-detected Pants processed on 2025-11-08,black-pants-1762607622.png,public
Black Pants,Pants,bottom,,,black,gray,,,all-season,AI-detected Pants processed on 2025-11-08,black-pants-1762607691.png,public
Black Pants,Pants,bottom,,,black,gray|beige,,,all-season,AI-detected Pants processed on 2025-11-08,black-pants-1762571858.png,public
Black Pants,Pants,bottom,,,black,gray|beige,,,all-season,AI-detected Pants processed on 2025-11-08,black-pants-1762572930.png,public
Black Pants,Pants,bottom,,,black,gray|beige,,,all-season,AI-detected Pants processed on 2025-11-08,black-pants-1762573488.png,public
Black Pants,Pants,bottom,,,black,gray|beige,,,all-season,AI-detected Pants processed on 2025-11-08,black-pants-1762584156.png,public
Black Pants,Pants,bottom,,,black,gray|beige,,,all-season,AI-detected Pants processed on 2025-11-08,black-pants-1762590154.png,public
Black Pants,Pants,bottom,,,black,gray|beige,,,all-season,AI-detected Pants processed on 2025-11-08,black-pants-1762594256.png,public
Black Pants,Pants,bottom,,,black,gray|beige,,,all-season,AI-detected Pants processed on 2025-11-08,black-pants-1762596697.png,public
Black Pants,Pants,bottom,,,black,gray|beige,,,all-season,AI-detected Pants processed on 2025-11-08,black-pants-1762597433.png,public
Black Pants,Pants,bottom,,,black,gray|beige,,,all-season,AI-detected Pants processed on 2025-11-08,black-pants-1762600652.png,public
Black Pants,Pants,bottom,,,black,gray|beige,,,all-season,AI-detected Pants processed on 2025-11-08,black-pants-1762603047.png,public
Black Pants,Pants,bottom,,,black,gray|beige,,,all-season,AI-detected Pants processed on 2025-11-08,black-pants-1762604549.png,public
Black Pants,Pants,bottom,,,black,gray|brown,,,all-season,AI-detected Pants processed on 2025-11-08,black-pants-1762574408.png,public
Black Pants,Pants,bottom,,,black,gray|brown,,,all-season,AI-detected Pants processed on 2025-11-08,black-pants-1762577961.png,public
Black Pants,Pants,bottom,,,black,gray|brown,,,all-season,AI-detected Pants processed on 2025-11-08,black-pants-1762585268.png,public
Black Pants,Pants,bottom,,,black,gray|brown,,,all-season,AI-detected Pants processed on 2025-11-08,black-pants-1762586089.png,public
Black Pants,Pants,bottom,,,black,gray|brown,,,all-season,AI-detected Pants processed on 2025-11-08,black-pants-1762588896.png,public
Black Pants,Pants,bottom,,,black,gray|brown,,,all-season,AI-detected Pants processed on 2025-11-08,black-pants-1762592639.png,public
Black Pants,Pants,bottom,,,black,gray|brown,,,all-season,AI-detected Pants processed on 2025-11-08,black-pants-1762596769.png,public
Black Pants,Pants,bottom,,,black,gray|brown,,,all-season,AI-detected Pants processed on 2025-11-08,black-pants-1762597732.png,public
Black Pants,Pants,bottom,,,black,gray|brown,,,all-season,AI-detected Pants processed on 2025-11-08,black-pants-1762601627.png,public
Black Pants,Pants,bottom,,,black,gray|brown,,,all-season,AI-detected Pants processed on 2025-11-08,black-pants-1762604659.png,public
Black Pants,Pants,bottom,,,black,gray|navy,,,all-season,AI-detected Pants processed on 2025-11-08,black-pants-1762570173.png,public
Black Pants,Pants,bottom,,,black,gray|navy,,,all-season,AI-detected Pants processed on 2025-11-08,black-pants-1762570328.png,public
Black Pants,Pants,bottom,,,black,gray|navy,,,all-season,AI-detected Pants processed on 2025-11-08,black-pants-1762571630.png,public
Black Pants,Pants,bottom,,,black,gray|navy,,,all-season,AI-detected Pants processed on 2025-11-08,black-pants-1762572296.png,public
Black Pants,Pants,bottom,,,black,gray|navy,,,all-season,AI-detected Pants processed on 2025-11-08,black-pants-1762574647.png,public
Black Pants,Pants,bottom,,,black,gray|navy,,,all-season,AI-detected Pants processed on 2025-11-08,black-pants-1762575102.png,public
Black Pants,Pants,bottom,,,black,gray|navy,,,all-season,AI-detected Pants processed on 2025-11-08,black-pants-1762576250.png,public
Black Pants,Pants,bottom,,,black,gray|navy,,,all-season,AI-detected Pants processed on 2025-11-08,black-pants-1762576908.png,public
Black Pants,Pants,bottom,,,black,gray|navy,,,all-season,AI-detected Pants processed on 2025-11-08,black-pants-1762579651.png,public
Black Pants,Pants,bottom,,,black,gray|navy,,,all-season,AI-detected Pants processed on 2025-11-08,black-pants-1762580009.png,public
Black Pants,Pants,bottom,,,black,gray|navy,,,all-season,AI-detected Pants processed on 2025-11-08,black-pants-1762580641.png,public
Black Pants,Pants,bottom,,,black,gray|navy,,,all-season,AI-detected Pants processed on 2025-11-08,black-pants-1762581341.png,public
Black Pants,Pants,bottom,,,black,gray|navy,,,all-season,AI-detected Pants processed on 2025-11-08,black-pants-1762581750.png,public
Black Pants,Pants,bottom,,,black,gray|navy,,,all-season,AI-detected Pants processed on 2025-11-08,black-pants-1762586893.png,public
Black Pants,Pants,bottom,,,black,gray|navy,,,all-season,AI-detected Pants processed on 2025-11-08,black-pants-1762586948.png,public
Black Pants,Pants,bottom,,,black,gray|navy,,,all-season,AI-detected Pants processed on 2025-11-08,black-pants-1762590325.png,public
Black Pants,Pants,bottom,,,black,gray|navy,,,all-season,AI-detected Pants processed on 2025-11-08,black-pants-1762592133.png,public
Black Pants,Pants,bottom,,,black,gray|navy,,,all-season,AI-detected Pants processed on 2025-11-08,black-pants-1762594083.png,public
Black Pants,Pants,bottom,,,black,gray|navy,,,all-season,AI-detected Pants processed on 2025-11-08,black-pants-1762594677.png,public
Black Pants,Pants,bottom,,,black,gray|navy,,,all-season,AI-detected Pants processed on 2025-11-08,black-pants-1762594928.png,public
Black Pants,Pants,bottom,,,black,gray|navy,,,all-season,AI-detected Pants processed on 2025-11-08,black-pants-1762596077.png,public
Black Pants,Pants,bottom,,,black,gray|navy,,,all-season,AI-detected Pants processed on 2025-11-08,black-pants-1762601326.png,public
Black Pants,Pants,bottom,,,black,gray|navy,,,all-season,AI-detected Pants processed on 2025-11-08,black-pants-1762601470.png,public
Black Pants,Pants,bottom,,,black,gray|navy,,,all-season,AI-detected Pants processed on 2025-11-08,black-pants-1762602457.png,public
Black Pants,Pants,bottom,,,black,gray|navy,,,all-season,AI-detected Pants processed on 2025-11-08,black-pants-1762602729.png,public
Black Pants,Pants,bottom,,,black,gray|navy,,,all-season,AI-detected Pants processed on 2025-11-08,black-pants-1762602993.png,public
Black Pants,Pants,bottom,,,black,gray|navy,,,all-season,AI-detected Pants processed on 2025-11-08,black-pants-1762603120.png,public
Black Pants,Pants,bottom,,,black,gray|olive,,,all-season,AI-detected Pants processed on 2025-11-08,black-pants-1762574970.png,public
Black Pants,Pants,bottom,,,black,gray|pink,,,all-season,AI-detected Pants processed on 2025-11-08,black-pants-1762570945.png,public
Black Pants,Pants,bottom,,,black,gray|pink,,,all-season,AI-detected Pants processed on 2025-11-08,black-pants-1762572162.png,public
Black Pants,Pants,bottom,,,black,gray|pink,,,all-season,AI-detected Pants processed on 2025-11-08,black-pants-1762572183.png,public
Black Pants,Pants,bottom,,,black,gray|pink,,,all-season,AI-detected Pants processed on 2025-11-08,black-pants-1762575029.png,public
Black Pants,Pants,bottom,,,black,gray|pink,,,all-season,AI-detected Pants processed on 2025-11-08,black-pants-1762578577.png,public
Black Pants,Pants,bottom,,,black,gray|pink,,,all-season,AI-detected Pants processed on 2025-11-08,black-pants-1762580584.png,public
Black Pants,Pants,bottom,,,black,gray|pink,,,all-season,AI-detected Pants processed on 2025-11-08,black-pants-1762581118.png,public
Black Pants,Pants,bottom,,,black,gray|pink,,,all-season,AI-detected Pants processed on 2025-11-08,black-pants-1762582114.png,public
Black Pants,Pants,bottom,,,black,gray|pink,,,all-season,AI-detected Pants processed on 2025-11-08,black-pants-1762585782.png,public
Black Pants,Pants,bottom,,,black,gray|pink,,,all-season,AI-detected Pants processed on 2025-11-08,black-pants-1762585875.png,public
Black Pants,Pants,bottom,,,black,gray|pink,,,all-season,AI-detected Pants processed on 2025-11-08,black-pants-1762589439.png,public
Black Pants,Pants,bottom,,,black,gray|pink,,,all-season,AI-detected Pants processed on 2025-11-08,black-pants-1762590268.png,public
Black Pants,Pants,bottom,,,black,gray|pink,,,all-season,AI-detected Pants processed on 2025-11-08,black-pants-1762590903.png,public
Black Pants,Pants,bottom,,,black,gray|pink,,,all-season,AI-detected Pants processed on 2025-11-08,black-pants-1762592014.png,public
Black Pants,Pants,bottom,,,black,gray|pink,,,all-season,AI-detected Pants processed on 2025-11-08,black-pants-1762596483.png,public
Black Pants,Pants,bottom,,,black,gray|pink,,,all-season,AI-detected Pants processed on 2025-11-08,black-pants-1762596675.png,public
Black Pants,Pants,bottom,,,black,gray|pink,,,all-season,AI-detected Pants processed on 2025-11-08,black-pants-1762597945.png,public
Black Pants,Pants,bottom,,,black,gray|pink,,,all-season,AI-detected Pants processed on 2025-11-08,black-pants-1762599607.png,public
Black Pants,Pants,bottom,,,black,gray|pink,,,all-season,AI-detected Pants processed on 2025-11-08,black-pants-1762602640.png,public
Black Pants,Pants,bottom,,,black,gray|pink,,,all-season,AI-detected Pants processed on 2025-11-08,black-pants-1762603914.png,public
Black Pants,Pants,bottom,,,black,gray|pink,,,all-season,AI-detected Pants processed on 2025-11-08,black-pants-1762605555.png,public
Black Pants,Pants,bottom,,,black,gray|pink,,,all-season,AI-detected Pants processed on 2025-11-08,black-pants-1762606860.png,public
Black Pants,Pants,bottom,,,black,gray|teal,,,all-season,AI-detected Pants processed on 2025-11-08,black-pants-1762569476.png,public
Black Pants,Pants,bottom,,,black,gray|teal,,,all-season,AI-detected Pants processed on 2025-11-08,black-pants-1762576494.png,public
Black Pants,Pants,bottom,,,black,gray|teal,,,all-season,AI-detected Pants processed on 2025-11-08,black-pants-1762580107.png,public
Black Pants,Pants,bottom,,,black,gray|teal,,,all-season,AI-detected Pants processed on 2025-11-08,black-pants-1762580155.png,public
Black Pants,Pants,bottom,,,black,gray|teal,,,all-season,AI-detected Pants processed on 2025-11-08,black-pants-1762580509.png,public
Black Pants,Pants,bottom,,,black,gray|teal,,,all-season,AI-detected Pants processed on 2025-11-08,black-pants-1762580979.png,public
Black Pants,Pants,bottom,,,black,gray|teal,,,all-season,AI-detected Pants processed on 2025-11-08,black-pants-1762586319.png,public
Black Pants,Pants,bottom,,,black,gray|teal,,,all-season,AI-detected Pants processed on 2025-11-08,black-pants-1762586383.png,public
Black Pants,Pants,bottom,,,black,gray|teal,,,all-season,AI-detected Pants processed on 2025-11-08,black-pants-1762586646.png,public
Black Pants,Pants,bottom,,,black,gray|teal,,,all-season,AI-detected Pants processed on 2025-11-08,black-pants-1762587809.png,public
Black Pants,Pants,bottom,,,black,gray|teal,,,all-season,AI-detected Pants processed on 2025-11-08,black-pants-1762590342.png,public
Black Pants,Pants,bottom,,,black,gray|teal,,,all-season,AI-detected Pants processed on 2025-11-08,black-pants-1762591668.png,public
Black Pants,Pants,bottom,,,black,gray|teal,,,all-season,AI-detected Pants processed on 2025-11-08,black-pants-1762592301.png,public
Black Pants,Pants,bottom,,,black,gray|teal,,,all-season,AI-detected Pants processed on 2025-11-08,black-pants-1762592397.png,public
Black Pants,Pants,bottom,,,black,gray|teal,,,all-season,AI-detected Pants processed on 2025-11-08,black-pants-1762594673.png,public
Black Pants,Pants,bottom,,,black,gray|teal,,,all-season,AI-detected Pants processed on 2025-11-08,black-pants-1762594964.png,public
Black Pants,Pants,bottom,,,black,gray|teal,,,all-season,AI-detected Pants processed on 2025-11-08,black-pants-1762594995.png,public
Black Pants,Pants,bottom,,,black,gray|teal,,,all-season,AI-detected Pants processed on 2025-11-08,black-pants-1762594999.png,public
Black Pants,Pants,bottom,,,black,gray|teal,,,all-season,AI-detected Pants processed on 2025-11-08,black-pants-1762595102.png,public
Black Pants,Pants,bottom,,,black,gray|teal,,,all-season,AI-detected Pants processed on 2025-11-08,black-pants-1762595133.png,public
Black Pants,Pants,bottom,,,black,gray|teal,,,all-season,AI-detected Pants processed on 2025-11-08,black-pants-1762595658.png,public
Black Pants,Pants,bottom,,,black,gray|teal,,,all-season,AI-detected Pants processed on 2025-11-08,black-pants-1762600630.png,public
Black Pants,Pants,bottom,,,black,gray|teal,,,all-season,AI-detected Pants processed on 2025-11-08,black-pants-1762601853.png,public
Black Pants,Pants,bottom,,,black,gray|teal,,,all-season,AI-detected Pants processed on 2025-11-08,black-pants-1762602292.png,public
Black Pants,Pants,bottom,,,black,maroon,,,all-season,AI-detected Pants processed on 2025-11-08,black-pants-1762568841.png,public
Black Pants,Pants,bottom,,,black,maroon,,,all-season,AI-detected Pants processed on 2025-11-08,black-pants-1762572859.png,public
Black Pants,Pants,bottom,,,black,maroon,,,all-season,AI-detected Pants processed on 2025-11-08,black-pants-1762580220.png,public
Black Pants,Pants,bottom,,,black,maroon,,,all-season,AI-detected Pants processed on 2025-11-08,black-pants-1762587827.png,public
Black Pants,Pants,bottom,,,black,maroon,,,all-season,AI-detected Pants processed on 2025-11-08,black-pants-1762589632.png,public
Black Pants,Pants,bottom,,,black,maroon,,,all-season,AI-detected Pants processed on 2025-11-08,black-pants-1762600720.png,public
Black Pants,Pants,bottom,,,black,maroon|brown,,,all-season,AI-detected Pants processed on 2025-11-08,black-pants-1762570277.png,public
Black Pants,Pants,bottom,,,black,maroon|brown,,,all-season,AI-detected Pants processed on 2025-11-08,black-pants-1762571917.png,public
Black Pants,Pants,bottom,,,black,maroon|brown,,,all-season,AI-detected Pants processed on 2025-11-08,black-pants-1762574831.png,public
Black Pants,Pants,bottom,,,black,maroon|brown,,,all-season,AI-detected Pants processed on 2025-11-08,black-pants-1762579313.png,public
Black Pants,Pants,bottom,,,black,maroon|brown,,,all-season,AI-detected Pants processed on 2025-11-08,black-pants-1762593359.png,public
Black Pants,Pants,bottom,,,black,maroon|gray,,,all-season,AI-detected Pants processed on 2025-11-08,black-pants-1762569846.png,public
Black Pants,Pants,bottom,,,black,maroon|gray,,,all-season,AI-detected Pants processed on 2025-11-08,black-pants-1762576280.png,public
Black Pants,Pants,bottom,,,black,maroon|gray,,,all-season,AI-detected Pants processed on 2025-11-08,black-pants-1762592115.png,public
Black Pants,Pants,bottom,,,black,maroon|gray,,,all-season,AI-detected Pants processed on 2025-11-08,black-pants-1762598904.png,public
Black Pants,Pants,bottom,,,black,navy,,,all-season,AI-detected Pants processed on 2025-11-08,black-pants-1762569856.png,public
Black Pants,Pants,bottom,,,black,navy,,,all-season,AI-detected Pants processed on 2025-11-08,black-pants-1762569886.png,public
Black Pants,Pants,bottom,,,black,navy,,,all-season,AI-detected Pants processed on 2025-11-08,black-pants-1762570153.png,public
Black Pants,Pants,bottom,,,black,navy,,,all-season,AI-detected Pants processed on 2025-11-08,black-pants-1762570752.png,public
Black Pants,Pants,bottom,,,black,navy,,,all-season,AI-detected Pants processed on 2025-11-08,black-pants-1762571182.png,public
Black Pants,Pants,bottom,,,black,navy,,,all-season,AI-detected Pants processed on 2025-11-08,black-pants-1762572522.png,public
Black Pants,Pants,bottom,,,black,navy,,,all-season,AI-detected Pants processed on 2025-11-08,black-pants-1762573353.png,public
Black Pants,Pants,bottom,,,black,navy,,,all-season,AI-detected Pants processed on 2025-11-08,black-pants-1762573427.png,public
Black Pants,Pants,bottom,,,black,navy,,,all-season,AI-detected Pants processed on 2025-11-08,black-pants-1762573969.png,public
Black Pants,Pants,bottom,,,black,navy,,,all-season,AI-detected Pants processed on 2025-11-08,black-pants-1762574224.png,public
Black Pants,Pants,bottom,,,black,navy,,,all-season,AI-detected Pants processed on 2025-11-08,black-pants-1762575132.png,public
Black Pants,Pants,bottom,,,black,navy,,,all-season,AI-detected Pants processed on 2025-11-08,black-pants-1762575404.png,public
Black Pants,Pants,bottom,,,black,navy,,,all-season,AI-detected Pants processed on 2025-11-08,black-pants-1762578868.png,public
Black Pants,Pants,bottom,,,black,navy,,,all-season,AI-detected Pants processed on 2025-11-08,black-pants-1762580514.png,public
Black Pants,Pants,bottom,,,black,navy,,,all-season,AI-detected Pants processed on 2025-11-08,black-pants-1762580792.png,public
Black Pants,Pants,bottom,,,black,navy,,,all-season,AI-detected Pants processed on 2025-11-08,black-pants-1762580895.png,public
Black Pants,Pants,bottom,,,black,navy,,,all-season,AI-detected Pants processed on 2025-11-08,black-pants-1762581363.png,public
Black Pants,Pants,bottom,,,black,navy,,,all-season,AI-detected Pants processed on 2025-11-08,black-pants-1762581887.png,public
Black Pants,Pants,bottom,,,black,navy,,,all-season,AI-detected Pants processed on 2025-11-08,black-pants-1762582656.png,public
Black Pants,Pants,bottom,,,black,navy,,,all-season,AI-detected Pants processed on 2025-11-08,black-pants-1762585309.png,public
Black Pants,Pants,bottom,,,black,navy,,,all-season,AI-detected Pants processed on 2025-11-08,black-pants-1762586823.png,public
Black Pants,Pants,bottom,,,black,navy,,,all-season,AI-detected Pants processed on 2025-11-08,black-pants-1762587766.png,public
Black Pants,Pants,bottom,,,black,navy,,,all-season,AI-detected Pants processed on 2025-11-08,black-pants-1762588543.png,public
Black Pants,Pants,bottom,,,black,navy,,,all-season,AI-detected Pants processed on 2025-11-08,black-pants-1762590614.png,public
Black Pants,Pants,bottom,,,black,navy,,,all-season,AI-detected Pants processed on 2025-11-08,black-pants-1762591911.png,public
Black Pants,Pants,bottom,,,black,navy,,,all-season,AI-detected Pants processed on 2025-11-08,black-pants-1762594817.png,public
Black Pants,Pants,bottom,,,black,navy,,,all-season,AI-detected Pants processed on 2025-11-08,black-pants-1762595964.png,public
Black Pants,Pants,bottom,,,black,navy,,,all-season,AI-detected Pants processed on 2025-11-08,black-pants-1762596418.png,public
Black Pants,Pants,bottom,,,black,navy,,,all-season,AI-detected Pants processed on 2025-11-08,black-pants-1762596951.png,public
Black Pants,Pants,bottom,,,black,navy,,,all-season,AI-detected Pants processed on 2025-11-08,black-pants-1762598592.png,public
Black Pants,Pants,bottom,,,black,navy,,,all-season,AI-detected Pants processed on 2025-11-08,black-pants-1762600416.png,public
Black Pants,Pants,bottom,,,black,navy,,,all-season,AI-detected Pants processed on 2025-11-08,black-pants-1762601723.png,public
Black Pants,Pants,bottom,,,black,navy,,,all-season,AI-detected Pants processed on 2025-11-08,black-pants-1762601795.png,public
Black Pants,Pants,bottom,,,black,navy,,,all-season,AI-detected Pants processed on 2025-11-08,black-pants-1762603556.png,public
Black Pants,Pants,bottom,,,black,navy,,,all-season,AI-detected Pants processed on 2025-11-08,black-pants-1762604237.png,public
Black Pants,Pants,bottom,,,black,navy,,,all-season,AI-detected Pants processed on 2025-11-08,black-pants-1762606657.png,public
Black Pants,Pants,bottom,,,black,navy|gray,,,all-season,AI-detected Pants processed on 2025-11-08,black-pants-1762568948.png,public
Black Pants,Pants,bottom,,,black,navy|gray,,,all-season,AI-detected Pants processed on 2025-11-08,black-pants-1762571598.png,public
Black Pants,Pants,bottom,,,black,navy|gray,,,all-season,AI-detected Pants processed on 2025-11-08,black-pants-1762571654.png,public
Black Pants,Pants,bottom,,,black,navy|gray,,,all-season,AI-detected Pants processed on 2025-11-08,black-pants-1762572899.png,public
Black Pants,Pants,bottom,,,black,navy|gray,,,all-season,AI-detected Pants processed on 2025-11-08,black-pants-1762579424.png,public
Black Pants,Pants,bottom,,,black,navy|gray,,,all-season,AI-detected Pants processed on 2025-11-08,black-pants-1762582926.png,public
Black Pants,Pants,bottom,,,black,navy|gray,,,all-season,AI-detected Pants processed on 2025-11-08,black-pants-1762583963.png,public
Black Pants,Pants,bottom,,,black,navy|gray,,,all-season,AI-detected Pants processed on 2025-11-08,black-pants-1762586085.png,public
Black Pants,Pants,bottom,,,black,navy|gray,,,all-season,AI-detected Pants processed on 2025-11-08,black-pants-1762587671.png,public
Black Pants,Pants,bottom,,,black,navy|gray,,,all-season,AI-detected Pants processed on 2025-11-08,black-pants-1762590062.png,public
Black Pants,Pants,bottom,,,black,navy|gray,,,all-season,AI-detected Pants processed on 2025-11-08,black-pants-1762590098.png,public
Black Pants,Pants,bottom,,,black,navy|gray,,,all-season,AI-detected Pants processed on 2025-11-08,black-pants-1762592986.png,public
Black Pants,Pants,bottom,,,black,navy|gray,,,all-season,AI-detected Pants processed on 2025-11-08,black-pants-1762593131.png,public
Black Pants,Pants,bottom,,,black,navy|gray,,,all-season,AI-detected Pants processed on 2025-11-08,black-pants-1762593742.png,public
Black Pants,Pants,bottom,,,black,navy|gray,,,all-season,AI-detected Pants processed on 2025-11-08,black-pants-1762594193.png,public
Black Pants,Pants,bottom,,,black,navy|gray,,,all-season,AI-detected Pants processed on 2025-11-08,black-pants-1762594552.png,public
Black Pants,Pants,bottom,,,black,navy|gray,,,all-season,AI-detected Pants processed on 2025-11-08,black-pants-1762596019.png,public
Black Pants,Pants,bottom,,,black,navy|gray,,,all-season,AI-detected Pants processed on 2025-11-08,black-pants-1762596471.png,public
Black Pants,Pants,bottom,,,black,navy|gray,,,all-season,AI-detected Pants processed on 2025-11-08,black-pants-1762604817.png,public
Black Pants,Pants,bottom,,,black,navy|gray,,,all-season,AI-detected Pants processed on 2025-11-08,black-pants-1762606008.png,public
Black Pants,Pants,bottom,,,black,navy|teal,,,all-season,AI-detected Pants processed on 2025-11-08,black-pants-1762570452.png,public
Black Pants,Pants,bottom,,,black,navy|teal,,,all-season,AI-detected Pants processed on 2025-11-08,black-pants-1762597465.png,public
Black Pants,Pants,bottom,,,black,olive,,,all-season,AI-detected Pants processed on 2025-11-08,black-pants-1762572319.png,public
Black Pants,Pants,bottom,,,black,olive,,,all-season,AI-detected Pants processed on 2025-11-08,black-pants-1762589375.png,public
Black Pants,Pants,bottom,,,black,olive,,,all-season,AI-detected Pants processed on 2025-11-08,black-pants-1762596796.png,public
Black Pants,Pants,bottom,,,black,olive,,,all-season,AI-detected Pants processed on 2025-11-08,black-pants-1762599739.png,public
Black Pants,Pants,bottom,,,black,orange,,,all-season,AI-detected Pants processed on 2025-11-08,black-pants-1762571669.png,public
Black Pants,Pants,bottom,,,black,orange|gray,,,all-season,AI-detected Pants processed on 2025-11-08,black-pants-1762569004.png,public
Black Pants,Pants,bottom,,,black,orange|olive,,,all-season,AI-detected Pants processed on 2025-11-08,black-pants-1762604520.png,public
Black Pants,Pants,bottom,,,black,pink,,,all-season,AI-detected Pants processed on 2025-11-08,black-pants-1762571537.png,public
Black Pants,Pants,bottom,,,black,pink,,,all-season,AI-detected Pants processed on 2025-11-08,black-pants-1762581984.png,public
Black Pants,Pants,bottom,,,black,pink,,,all-season,AI-detected Pants processed on 2025-11-08,black-pants-1762582241.png,public
Black Pants,Pants,bottom,,,black,pink,,,all-season,AI-detected Pants processed on 2025-11-08,black-pants-1762582962.png,public
Black Pants,Pants,bottom,,,black,pink,,,all-season,AI-detected Pants processed on 2025-11-08,black-pants-1762583025.png,public
Black Pants,Pants,bottom,,,black,pink,,,all-season,AI-detected Pants processed on 2025-11-08,black-pants-1762584094.png,public
Black Pants,Pants,bottom,,,black,pink,,,all-season,AI-detected Pants processed on 2025-11-08,black-pants-1762585898.png,public
Black Pants,Pants,bottom,,,black,pink,,,all-season,AI-detected Pants processed on 2025-11-08,black-pants-1762589993.png,public
Black Pants,Pants,bottom,,,black,pink,,,all-season,AI-detected Pants processed on 2025-11-08,black-pants-1762590734.png,public
Black Pants,Pants,bottom,,,black,pink,,,all-season,AI-detected Pants processed on 2025-11-08,black-pants-1762597953.png,public
Black Pants,Pants,bottom,,,black,pink,,,all-season,AI-detected Pants processed on 2025-11-08,black-pants-1762599743.png,public
Black Pants,Pants,bottom,,,black,pink,,,all-season,AI-detected Pants processed on 2025-11-08,black-pants-1762600724.png,public
Black Pants,Pants,bottom,,,black,pink,,,all-season,AI-detected Pants processed on 2025-11-08,black-pants-1762603806.png,public
Black Pants,Pants,bottom,,,black,pink,,,all-season,AI-detected Pants processed on 2025-11-08,black-pants-1762604275.png,public
Black Pants,Pants,bottom,,,black,pink,,,all-season,AI-detected Pants processed on 2025-11-08,black-pants-1762605404.png,public
Black Pants,Pants,bottom,,,black,pink,,,all-season,AI-detected Pants processed on 2025-11-08,black-pants-1762606288.png,public
Black Pants,Pants,bottom,,,black,pink,,,all-season,AI-detected Pants processed on 2025-11-08,black-pants-1762606360.png,public
Black Pants,Pants,bottom,,,black,pink,,,all-season,AI-detected Pants processed on 2025-11-08,black-pants-1762606687.png,public
Black Pants,Pants,bottom,,,black,pink|beige,,,all-season,AI-detected Pants processed on 2025-11-08,black-pants-1762587247.png,public
Black Pants,Pants,bottom,,,black,pink|brown,,,all-season,AI-detected Pants processed on 2025-11-08,black-pants-1762585700.png,public
Black Pants,Pants,bottom,,,black,pink|brown,,,all-season,AI-detected Pants processed on 2025-11-08,black-pants-1762606885.png,public
Black Pants,Pants,bottom,,,black,pink|gray,,,all-season,AI-detected Pants processed on 2025-11-08,black-pants-1762569575.png,public
Black Pants,Pants,bottom,,,black,pink|gray,,,all-season,AI-detected Pants processed on 2025-11-08,black-pants-1762569868.png,public
Black Pants,Pants,bottom,,,black,pink|gray,,,all-season,AI-detected Pants processed on 2025-11-08,black-pants-1762569961.png,public
Black Pants,Pants,bottom,,,black,pink|gray,,,all-season,AI-detected Pants processed on 2025-11-08,black-pants-1762570615.png,public
Black Pants,Pants,bottom,,,black,pink|gray,,,all-season,AI-detected Pants processed on 2025-11-08,black-pants-1762571027.png,public
Black Pants,Pants,bottom,,,black,pink|gray,,,all-season,AI-detected Pants processed on 2025-11-08,black-pants-1762571317.png,public
Black Pants,Pants,bottom,,,black,pink|gray,,,all-season,AI-detected Pants processed on 2025-11-08,black-pants-1762571496.png,public
Black Pants,Pants,bottom,,,black,pink|gray,,,all-season,AI-detected Pants processed on 2025-11-08,black-pants-1762571566.png,public
Black Pants,Pants,bottom,,,black,pink|gray,,,all-season,AI-detected Pants processed on 2025-11-08,black-pants-1762572175.png,public
Black Pants,Pants,bottom,,,black,pink|gray,,,all-season,AI-detected Pants processed on 2025-11-08,black-pants-1762573587.png,public
Black Pants,Pants,bottom,,,black,pink|gray,,,all-season,AI-detected Pants processed on 2025-11-08,black-pants-1762574280.png,public
Black Pants,Pants,bottom,,,black,pink|gray,,,all-season,AI-detected Pants processed on 2025-11-08,black-pants-1762574332.png,public
Black Pants,Pants,bottom,,,black,pink|gray,,,all-season,AI-detected Pants processed on 2025-11-08,black-pants-1762575846.png,public
Black Pants,Pants,bottom,,,black,pink|gray,,,all-season,AI-detected Pants processed on 2025-11-08,black-pants-1762576367.png,public
Black Pants,Pants,bottom,,,black,pink|gray,,,all-season,AI-detected Pants processed on 2025-11-08,black-pants-1762576811.png,public
Black Pants,Pants,bottom,,,black,pink|gray,,,all-season,AI-detected Pants processed on 2025-11-08,black-pants-1762576921.png,public
Black Pants,Pants,bottom,,,black,pink|gray,,,all-season,AI-detected Pants processed on 2025-11-08,black-pants-1762579268.png,public
Black Pants,Pants,bottom,,,black,pink|gray,,,all-season,AI-detected Pants processed on 2025-11-08,black-pants-1762579692.png,public
Black Pants,Pants,bottom,,,black,pink|gray,,,all-season,AI-detected Pants processed on 2025-11-08,black-pants-1762579753.png,public
Black Pants,Pants,bottom,,,black,pink|gray,,,all-season,AI-detected Pants processed on 2025-11-08,black-pants-1762580331.png,public
Black Pants,Pants,bottom,,,black,pink|gray,,,all-season,AI-detected Pants processed on 2025-11-08,black-pants-1762582539.png,public
Black Pants,Pants,bottom,,,black,pink|gray,,,all-season,AI-detected Pants processed on 2025-11-08,black-pants-1762582854.png,public
Black Pants,Pants,bottom,,,black,pink|gray,,,all-season,AI-detected Pants processed on 2025-11-08,black-pants-1762582959.png,public
Black Pants,Pants,bottom,,,black,pink|gray,,,all-season,AI-detected Pants processed on 2025-11-08,black-pants-1762583982.png,public
Black Pants,Pants,bottom,,,black,pink|gray,,,all-season,AI-detected Pants processed on 2025-11-08,black-pants-1762584007.png,public
Black Pants,Pants,bottom,,,black,pink|gray,,,all-season,AI-detected Pants processed on 2025-11-08,black-pants-1762584557.png,public
Black Pants,Pants,bottom,,,black,pink|gray,,,all-season,AI-detected Pants processed on 2025-11-08,black-pants-1762586362.png,public
Black Pants,Pants,bottom,,,black,pink|gray,,,all-season,AI-detected Pants processed on 2025-11-08,black-pants-1762587132.png,public
Black Pants,Pants,bottom,,,black,pink|gray,,,all-season,AI-detected Pants processed on 2025-11-08,black-pants-1762587264.png,public
Black Pants,Pants,bottom,,,black,pink|gray,,,all-season,AI-detected Pants processed on 2025-11-08,black-pants-1762588520.png,public
Black Pants,Pants,bottom,,,black,pink|gray,,,all-season,AI-detected Pants processed on 2025-11-08,black-pants-1762589031.png,public
Black Pants,Pants,bottom,,,black,pink|gray,,,all-season,AI-detected Pants processed on 2025-11-08,black-pants-1762589454.png,public
Black Pants,Pants,bottom,,,black,pink|gray,,,all-season,AI-detected Pants processed on 2025-11-08,black-pants-1762589491.png,public
Black Pants,Pants,bottom,,,black,pink|gray,,,all-season,AI-detected Pants processed on 2025-11-08,black-pants-1762589553.png,public
Black Pants,Pants,bottom,,,black,pink|gray,,,all-season,AI-detected Pants processed on 2025-11-08,black-pants-1762589897.png,public
Black Pants,Pants,bottom,,,black,pink|gray,,,all-season,AI-detected Pants processed on 2025-11-08,black-pants-1762590632.png,public
Black Pants,Pants,bottom,,,black,pink|gray,,,all-season,AI-detected Pants processed on 2025-11-08,black-pants-1762590876.png,public
Black Pants,Pants,bottom,,,black,pink|gray,,,all-season,AI-detected Pants processed on 2025-11-08,black-pants-1762590910.png,public
Black Pants,Pants,bottom,,,black,pink|gray,,,all-season,AI-detected Pants processed on 2025-11-08,black-pants-1762590977.png,public
Black Pants,Pants,bottom,,,black,pink|gray,,,all-season,AI-detected Pants processed on 2025-11-08,black-pants-1762591633.png,public
Black Pants,Pants,bottom,,,black,pink|gray,,,all-season,AI-detected Pants processed on 2025-11-08,black-pants-1762591805.png,public
Black Pants,Pants,bottom,,,black,pink|gray,,,all-season,AI-detected Pants processed on 2025-11-08,black-pants-1762592107.png,public
Black Pants,Pants,bottom,,,black,pink|gray,,,all-season,AI-detected Pants processed on 2025-11-08,black-pants-1762592512.png,public
Black Pants,Pants,bottom,,,black,pink|gray,,,all-season,AI-detected Pants processed on 2025-11-08,black-pants-1762594289.png,public
Black Pants,Pants,bottom,,,black,pink|gray,,,all-season,AI-detected Pants processed on 2025-11-08,black-pants-1762594556.png,public
Black Pants,Pants,bottom,,,black,pink|gray,,,all-season,AI-detected Pants processed on 2025-11-08,black-pants-1762594840.png,public
Black Pants,Pants,bottom,,,black,pink|gray,,,all-season,AI-detected Pants processed on 2025-11-08,black-pants-1762596199.png,public
Black Pants,Pants,bottom,,,black,pink|gray,,,all-season,AI-detected Pants processed on 2025-11-08,black-pants-1762596327.png,public
Black Pants,Pants,bottom,,,black,pink|gray,,,all-season,AI-detected Pants processed on 2025-11-08,black-pants-1762598781.png,public
Black Pants,Pants,bottom,,,black,pink|gray,,,all-season,AI-detected Pants processed on 2025-11-08,black-pants-1762599031.png,public
Black Pants,Pants,bottom,,,black,pink|gray,,,all-season,AI-detected Pants processed on 2025-11-08,black-pants-1762599049.png,public
Black Pants,Pants,bottom,,,black,pink|gray,,,all-season,AI-detected Pants processed on 2025-11-08,black-pants-1762599509.png,public
Black Pants,Pants,bottom,,,black,pink|gray,,,all-season,AI-detected Pants processed on 2025-11-08,black-pants-1762603424.png,public
Black Pants,Pants,bottom,,,black,pink|gray,,,all-season,AI-detected Pants processed on 2025-11-08,black-pants-1762605671.png,public
Black Pants,Pants,bottom,,,black,pink|gray,,,all-season,AI-detected Pants processed on 2025-11-08,black-pants-1762605674.png,public
Black Pants,Pants,bottom,,,black,pink|gray,,,all-season,AI-detected Pants processed on 2025-11-08,black-pants-1762605804.png,public
Black Pants,Pants,bottom,,,black,pink|gray,,,all-season,AI-detected Pants processed on 2025-11-08,black-pants-1762606061.png,public
Black Pants,Pants,bottom,,,black,pink|gray,,,all-season,AI-detected Pants processed on 2025-11-08,black-pants-1762607525.png,public
Black Pants,Pants,bottom,,,black,pink|navy,,,all-season,AI-detected Pants processed on 2025-11-08,black-pants-1762568831.png,public
Black Pants,Pants,bottom,,,black,teal,,,all-season,AI-detected Pants processed on 2025-11-08,black-pants-1762568804.png,public
Black Pants,Pants,bottom,,,black,teal,,,all-season,AI-detected Pants processed on 2025-11-08,black-pants-1762570198.png,public
Black Pants,Pants,bottom,,,black,teal,,,all-season,AI-detected Pants processed on 2025-11-08,black-pants-1762570921.png,public
Black Pants,Pants,bottom,,,black,teal,,,all-season,AI-detected Pants processed on 2025-11-08,black-pants-1762578408.png,public
Black Pants,Pants,bottom,,,black,teal,,,all-season,AI-detected Pants processed on 2025-11-08,black-pants-1762580364.png,public
Black Pants,Pants,bottom,,,black,teal,,,all-season,AI-detected Pants processed on 2025-11-08,black-pants-1762585889.png,public
Black Pants,Pants,bottom,,,black,teal,,,all-season,AI-detected Pants processed on 2025-11-08,black-pants-1762595518.png,public
Black Pants,Pants,bottom,,,black,teal,,,all-season,AI-detected Pants processed on 2025-11-08,black-pants-1762597613.png,public
Black Pants,Pants,bottom,,,black,teal,,,all-season,AI-detected Pants processed on 2025-11-08,black-pants-1762607137.png,public
Black Pants,Pants,bottom,,,black,teal|gray,,,all-season,AI-detected Pants processed on 2025-11-08,black-pants-1762569313.png,public
Black Pants,Pants,bottom,,,black,teal|gray,,,all-season,AI-detected Pants processed on 2025-11-08,black-pants-1762570038.png,public
Black Pants,Pants,bottom,,,black,teal|gray,,,all-season,AI-detected Pants processed on 2025-11-08,black-pants-1762570219.png,public
Black Pants,Pants,bottom,,,black,teal|gray,,,all-season,AI-detected Pants processed on 2025-11-08,black-pants-1762570847.png,public
Black Pants,Pants,bottom,,,black,teal|gray,,,all-season,AI-detected Pants processed on 2025-11-08,black-pants-1762572057.png,public
Black Pants,Pants,bottom,,,black,teal|gray,,,all-season,AI-detected Pants processed on 2025-11-08,black-pants-1762573519.png,public
Black Pants,Pants,bottom,,,black,teal|gray,,,all-season,AI-detected Pants processed on 2025-11-08,black-pants-1762574089.png,public
Black Pants,Pants,bottom,,,black,teal|gray,,,all-season,AI-detected Pants processed on 2025-11-08,black-pants-1762575307.png,public
Black Pants,Pants,bottom,,,black,teal|gray,,,all-season,AI-detected Pants processed on 2025-11-08,black-pants-1762576345.png,public
Black Pants,Pants,bottom,,,black,teal|gray,,,all-season,AI-detected Pants processed on 2025-11-08,black-pants-1762577183.png,public
Black Pants,Pants,bottom,,,black,teal|gray,,,all-season,AI-detected Pants processed on 2025-11-08,black-pants-1762578228.png,public
Black Pants,Pants,bottom,,,black,teal|gray,,,all-season,AI-detected Pants processed on 2025-11-08,black-pants-1762584540.png,public
Black Pants,Pants,bottom,,,black,teal|gray,,,all-season,AI-detected Pants processed on 2025-11-08,black-pants-1762591486.png,public
Black Pants,Pants,bottom,,,black,teal|gray,,,all-season,AI-detected Pants processed on 2025-11-08,black-pants-1762593105.png,public
Black Pants,Pants,bottom,,,black,teal|gray,,,all-season,AI-detected Pants processed on 2025-11-08,black-pants-1762595388.png,public
Black Pants,Pants,bottom,,,black,teal|gray,,,all-season,AI-detected Pants processed on 2025-11-08,black-pants-1762598025.png,public
Black Pants,Pants,bottom,,,black,teal|gray,,,all-season,AI-detected Pants processed on 2025-11-08,black-pants-1762598185.png,public
Black Pants,Pants,bottom,,,black,teal|gray,,,all-season,AI-detected Pants processed on 2025-11-08,black-pants-1762598477.png,public
Black Pants,Pants,bottom,,,black,teal|gray,,,all-season,AI-detected Pants processed on 2025-11-08,black-pants-1762600794.png,public
Black Pants,Pants,bottom,,,black,teal|gray,,,all-season,AI-detected Pants processed on 2025-11-08,black-pants-1762601559.png,public
Black Pants,Pants,bottom,,,black,teal|gray,,,all-season,AI-detected Pants processed on 2025-11-08,black-pants-1762606405.png,public
Black Pants,Pants,bottom,,,black,teal|navy,,,all-season,AI-detected Pants processed on 2025-11-08,black-pants-1762573945.png,public
Black Pants,Pants,bottom,,,black,teal|navy,,,all-season,AI-detected Pants processed on 2025-11-08,black-pants-1762577549.png,public
Black Pants,Pants,bottom,,,black,teal|navy,,,all-season,AI-detected Pants processed on 2025-11-08,black-pants-1762602002.png,public
Black Pants,Pants,bottom,,,black,teal|navy,,,all-season,AI-detected Pants processed on 2025-11-08,black-pants-1762603171.png,public
Black Pants,Pants,bottom,,,black,teal|navy,,,all-season,AI-detected Pants processed on 2025-11-08,black-pants-1762604377.png,public
Black Pants,Pants,bottom,,,black,teal|navy,,,all-season,AI-detected Pants processed on 2025-11-08,black-pants-1762607105.png,public
Black Pants,Pants,bottom,,,black,teal|pink,,,all-season,AI-detected Pants processed on 2025-11-08,black-pants-1762586503.png,public
Black Pants,Pants,bottom,,,black,yellow|olive,,,all-season,AI-detected Pants processed on 2025-11-08,black-pants-1762569733.png,public
Black Polo,Polo,top,,,black,,,,all-season,AI-detected Polo processed on 2025-11-08,black-polo-1762582290.png,public
Black Polo,Polo,top,,,black,,,,all-season,AI-detected Polo processed on 2025-11-08,black-polo-1762594234.png,public
Black Polo,Polo,top,,,black,beige,,,all-season,AI-detected Polo processed on 2025-11-08,black-polo-1762589916.png,public
Black Polo,Polo,top,,,black,gray,,,all-season,AI-detected Polo processed on 2025-11-08,black-polo-1762607152.png,public
Black Polo,Polo,top,,,black,gray|pink,,,all-season,AI-detected Polo processed on 2025-11-08,black-polo-1762573955.png,public
Black Polo,Polo,top,,,black,pink,,,all-season,AI-detected Polo processed on 2025-11-08,black-polo-1762575056.png,public
Black Polo,Polo,top,,,black,pink,,,all-season,AI-detected Polo processed on 2025-11-08,black-polo-1762583438.png,public
Black Shirt,Shirt,top,,,black,beige,,,all-season,AI-detected Shirt processed on 2025-11-08,black-shirt-1762584510.png,public
Black Shirt,Shirt,top,,,black,beige|gray,,,all-season,AI-detected Shirt processed on 2025-11-08,black-shirt-1762582897.png,public
Black Shirt,Shirt,top,,,black,beige|gray,,,all-season,AI-detected Shirt processed on 2025-11-08,black-shirt-1762590292.png,public
Black Shirt,Shirt,top,,,black,beige|gray,,,all-season,AI-detected Shirt processed on 2025-11-08,black-shirt-1762595799.png,public
Black Shirt,Shirt,top,,,black,beige|gray,,,all-season,AI-detected Shirt processed on 2025-11-08,black-shirt-1762596161.png,public
Black Shirt,Shirt,top,,,black,beige|gray,,,all-season,AI-detected Shirt processed on 2025-11-08,black-shirt-1762599353.png,public
Black Shirt,Shirt,top,,,black,beige|gray,,,all-season,AI-detected Shirt processed on 2025-11-08,black-shirt-1762601663.png,public
Black Shirt,Shirt,top,,,black,brown|navy,,,all-season,AI-detected Shirt processed on 2025-11-08,black-shirt-1762602753.png,public
Black Shirt,Shirt,top,,,black,gray,,,all-season,AI-detected Shirt processed on 2025-11-08,black-shirt-1762577561.png,public
Black Shirt,Shirt,top,,,black,gray,,,all-season,AI-detected Shirt processed on 2025-11-08,black-shirt-1762578890.png,public
Black Shirt,Shirt,top,,,black,gray,,,all-season,AI-detected Shirt processed on 2025-11-08,black-shirt-1762579476.png,public
Black Shirt,Shirt,top,,,black,gray,,,all-season,AI-detected Shirt processed on 2025-11-08,black-shirt-1762581534.png,public
Black Shirt,Shirt,top,,,black,gray,,,all-season,AI-detected Shirt processed on 2025-11-08,black-shirt-1762587961.png,public
Black Shirt,Shirt,top,,,black,gray,,,all-season,AI-detected Shirt processed on 2025-11-08,black-shirt-1762590036.png,public
Black Shirt,Shirt,top,,,black,gray,,,all-season,AI-detected Shirt processed on 2025-11-08,black-shirt-1762590556.png,public
Black Shirt,Shirt,top,,,black,gray,,,all-season,AI-detected Shirt processed on 2025-11-08,black-shirt-1762593385.png,public
Black Shirt,Shirt,top,,,black,gray,,,all-season,AI-detected Shirt processed on 2025-11-08,black-shirt-1762600394.png,public
Black Shirt,Shirt,top,,,black,gray,,,all-season,AI-detected Shirt processed on 2025-11-08,black-shirt-1762603022.png,public
Black Shirt,Shirt,top,,,black,gray,,,all-season,AI-detected Shirt processed on 2025-11-08,black-shirt-1762603978.png,public
Black Shirt,Shirt,top,,,black,gray,,,all-season,AI-detected Shirt processed on 2025-11-08,black-shirt-1762604924.png,public
Black Shirt,Shirt,top,,,black,gray|pink,,,all-season,AI-detected Shirt processed on 2025-11-08,black-shirt-1762597366.png,public
Black Shirt,Shirt,top,,,black,gray|pink,,,all-season,AI-detected Shirt processed on 2025-11-08,black-shirt-1762605018.png,public
Black Shirt,Shirt,top,,,black,pink,,,all-season,AI-detected Shirt processed on 2025-11-08,black-shirt-1762572701.png,public
Black Shirt,Shirt,top,,,black,pink,,,all-season,AI-detected Shirt processed on 2025-11-08,black-shirt-1762573923.png,public
Black Shirt,Shirt,top,,,black,pink,,,all-season,AI-detected Shirt processed on 2025-11-08,black-shirt-1762595067.png,public
Black Shirt,Shirt,top,,,black,pink|brown,,,all-season,AI-detected Shirt processed on 2025-11-08,black-shirt-1762596505.png,public
Black Shirt,Shirt,top,,,black,pink|gray,,,all-season,AI-detected Shirt processed on 2025-11-08,black-shirt-1762582356.png,public
Black Shirt,Shirt,top,,,black,pink|gray,,,all-season,AI-detected Shirt processed on 2025-11-08,black-shirt-1762583789.png,public
Black Shirt,Shirt,top,,,black,pink|gray,,,all-season,AI-detected Shirt processed on 2025-11-08,black-shirt-1762594264.png,public
Black Shirt,Shirt,top,,,black,pink|gray,,,all-season,AI-detected Shirt processed on 2025-11-08,black-shirt-1762598528.png,public
Black Shirt,Shirt,top,,,black,pink|gray,,,all-season,AI-detected Shirt processed on 2025-11-08,black-shirt-1762601242.png,public
Black Shirt,Shirt,top,,,black,pink|gray,,,all-season,AI-detected Shirt processed on 2025-11-08,black-shirt-1762601291.png,public
Black Shirt,Shirt,top,,,black,pink|gray,,,all-season,AI-detected Shirt processed on 2025-11-08,black-shirt-1762605147.png,public
Black Shirt,Shirt,top,,,black,pink|gray,,,all-season,AI-detected Shirt processed on 2025-11-08,black-shirt-1762606751.png,public
Black Shirt,Shirt,top,,,black,pink|maroon,,,all-season,AI-detected Shirt processed on 2025-11-08,black-shirt-1762603610.png,public
Black Shirt,Shirt,top,,,black,teal,,,all-season,AI-detected Shirt processed on 2025-11-08,black-shirt-1762599215.png,public
Black Shoes,Shoes,shoes,,,black,,,,all-season,AI-detected Shoes processed on 2025-11-08,black-shoes-1762570989.png,public
Black Shoes,Shoes,shoes,,,black,,,,all-season,AI-detected Shoes processed on 2025-11-08,black-shoes-1762571103.png,public
Black Shoes,Shoes,shoes,,,black,,,,all-season,AI-detected Shoes processed on 2025-11-08,black-shoes-1762571431.png,public
Black Shoes,Shoes,shoes,,,black,,,,all-season,AI-detected Shoes processed on 2025-11-08,black-shoes-1762572035.png,public
Black Shoes,Shoes,shoes,,,black,,,,all-season,AI-detected Shoes processed on 2025-11-08,black-shoes-1762572046.png,public
Black Shoes,Shoes,shoes,,,black,,,,all-season,AI-detected Shoes processed on 2025-11-08,black-shoes-1762573417.png,public
Black Shoes,Shoes,shoes,,,black,,,,all-season,AI-detected Shoes processed on 2025-11-08,black-shoes-1762575252.png,public
Black Shoes,Shoes,shoes,,,black,,,,all-season,AI-detected Shoes processed on 2025-11-08,black-shoes-1762578566.png,public
Black Shoes,Shoes,shoes,,,black,,,,all-season,AI-detected Shoes processed on 2025-11-08,black-shoes-1762580909.png,public
Black Shoes,Shoes,shoes,,,black,,,,all-season,AI-detected Shoes processed on 2025-11-08,black-shoes-1762581304.png,public
Black Shoes,Shoes,shoes,,,black,,,,all-season,AI-detected Shoes processed on 2025-11-08,black-shoes-1762582569.png,public
Black Shoes,Shoes,shoes,,,black,,,,all-season,AI-detected Shoes processed on 2025-11-08,black-shoes-1762587109.png,public
Black Shoes,Shoes,shoes,,,black,,,,all-season,AI-detected Shoes processed on 2025-11-08,black-shoes-1762588909.png,public
Black Shoes,Shoes,shoes,,,black,,,,all-season,AI-detected Shoes processed on 2025-11-08,black-shoes-1762592742.png,public
Black Shoes,Shoes,shoes,,,black,,,,all-season,AI-detected Shoes processed on 2025-11-08,black-shoes-1762595672.png,public
Black Shoes,Shoes,shoes,,,black,,,,all-season,AI-detected Shoes processed on 2025-11-08,black-shoes-1762602843.png,public
Black Shoes,Shoes,shoes,,,black,,,,all-season,AI-detected Shoes processed on 2025-11-08,black-shoes-1762606000.png,public
Black Shoes,Shoes,shoes,,,black,,,,all-season,AI-detected Shoes processed on 2025-11-08,black-shoes-1762607644.png,public
Black Shoes,Shoes,shoes,,,black,beige,,,all-season,AI-detected Shoes processed on 2025-11-08,black-shoes-1762570285.png,public
Black Shoes,Shoes,shoes,,,black,beige,,,all-season,AI-detected Shoes processed on 2025-11-08,black-shoes-1762572186.png,public
Black Shoes,Shoes,shoes,,,black,beige,,,all-season,AI-detected Shoes processed on 2025-11-08,black-shoes-1762573215.png,public
Black Shoes,Shoes,shoes,,,black,beige|brown,,,all-season,AI-detected Shoes processed on 2025-11-08,black-shoes-1762599445.png,public
Black Shoes,Shoes,shoes,,,black,beige|brown,,,all-season,AI-detected Shoes processed on 2025-11-08,black-shoes-1762602818.png,public
Black Shoes,Shoes,shoes,,,black,beige|gray,,,all-season,AI-detected Shoes processed on 2025-11-08,black-shoes-1762568443.png,public
Black Shoes,Shoes,shoes,,,black,beige|gray,,,all-season,AI-detected Shoes processed on 2025-11-08,black-shoes-1762568449.png,public
Black Shoes,Shoes,shoes,,,black,beige|gray,,,all-season,AI-detected Shoes processed on 2025-11-08,black-shoes-1762568615.png,public
Black Shoes,Shoes,shoes,,,black,beige|gray,,,all-season,AI-detected Shoes processed on 2025-11-08,black-shoes-1762569418.png,public
Black Shoes,Shoes,shoes,,,black,beige|gray,,,all-season,AI-detected Shoes processed on 2025-11-08,black-shoes-1762569454.png,public
Black Shoes,Shoes,shoes,,,black,beige|gray,,,all-season,AI-detected Shoes processed on 2025-11-08,black-shoes-1762570052.png,public
Black Shoes,Shoes,shoes,,,black,beige|gray,,,all-season,AI-detected Shoes processed on 2025-11-08,black-shoes-1762570391.png,public
Black Shoes,Shoes,shoes,,,black,beige|gray,,,all-season,AI-detected Shoes processed on 2025-11-08,black-shoes-1762570950.png,public
Black Shoes,Shoes,shoes,,,black,beige|gray,,,all-season,AI-detected Shoes processed on 2025-11-08,black-shoes-1762571170.png,public
Black Shoes,Shoes,shoes,,,black,beige|gray,,,all-season,AI-detected Shoes processed on 2025-11-08,black-shoes-1762571742.png,public
Black Shoes,Shoes,shoes,,,black,beige|gray,,,all-season,AI-detected Shoes processed on 2025-11-08,black-shoes-1762573040.png,public
Black Shoes,Shoes,shoes,,,black,beige|gray,,,all-season,AI-detected Shoes processed on 2025-11-08,black-shoes-1762573117.png,public
Black Shoes,Shoes,shoes,,,black,beige|gray,,,all-season,AI-detected Shoes processed on 2025-11-08,black-shoes-1762573446.png,public
Black Shoes,Shoes,shoes,,,black,beige|gray,,,all-season,AI-detected Shoes processed on 2025-11-08,black-shoes-1762573516.png,public
Black Shoes,Shoes,shoes,,,black,beige|gray,,,all-season,AI-detected Shoes processed on 2025-11-08,black-shoes-1762573809.png,public
Black Shoes,Shoes,shoes,,,black,beige|gray,,,all-season,AI-detected Shoes processed on 2025-11-08,black-shoes-1762573929.png,public
Black Shoes,Shoes,shoes,,,black,beige|gray,,,all-season,AI-detected Shoes processed on 2025-11-08,black-shoes-1762574399.png,public
Black Shoes,Shoes,shoes,,,black,beige|gray,,,all-season,AI-detected Shoes processed on 2025-11-08,black-shoes-1762574680.png,public
Black Shoes,Shoes,shoes,,,black,beige|gray,,,all-season,AI-detected Shoes processed on 2025-11-08,black-shoes-1762575772.png,public
Black Shoes,Shoes,shoes,,,black,beige|gray,,,all-season,AI-detected Shoes processed on 2025-11-08,black-shoes-1762577279.png,public
Black Shoes,Shoes,shoes,,,black,beige|gray,,,all-season,AI-detected Shoes processed on 2025-11-08,black-shoes-1762577509.png,public
Black Shoes,Shoes,shoes,,,black,beige|gray,,,all-season,AI-detected Shoes processed on 2025-11-08,black-shoes-1762578365.png,public
Black Shoes,Shoes,shoes,,,black,beige|gray,,,all-season,AI-detected Shoes processed on 2025-11-08,black-shoes-1762579260.png,public
Black Shoes,Shoes,shoes,,,black,beige|gray,,,all-season,AI-detected Shoes processed on 2025-11-08,black-shoes-1762579535.png,public
Black Shoes,Shoes,shoes,,,black,beige|gray,,,all-season,AI-detected Shoes processed on 2025-11-08,black-shoes-1762579866.png,public
Black Shoes,Shoes,shoes,,,black,beige|gray,,,all-season,AI-detected Shoes processed on 2025-11-08,black-shoes-1762579950.png,public
Black Shoes,Shoes,shoes,,,black,beige|gray,,,all-season,AI-detected Shoes processed on 2025-11-08,black-shoes-1762580490.png,public
Black Shoes,Shoes,shoes,,,black,beige|gray,,,all-season,AI-detected Shoes processed on 2025-11-08,black-shoes-1762581243.png,public
Black Shoes,Shoes,shoes,,,black,beige|gray,,,all-season,AI-detected Shoes processed on 2025-11-08,black-shoes-1762582785.png,public
Black Shoes,Shoes,shoes,,,black,beige|gray,,,all-season,AI-detected Shoes processed on 2025-11-08,black-shoes-1762582809.png,public
Black Shoes,Shoes,shoes,,,black,beige|gray,,,all-season,AI-detected Shoes processed on 2025-11-08,black-shoes-1762583148.png,public
Black Shoes,Shoes,shoes,,,black,beige|gray,,,all-season,AI-detected Shoes processed on 2025-11-08,black-shoes-1762583529.png,public
Black Shoes,Shoes,shoes,,,black,beige|gray,,,all-season,AI-detected Shoes processed on 2025-11-08,black-shoes-1762583728.png,public
Black Shoes,Shoes,shoes,,,black,beige|gray,,,all-season,AI-detected Shoes processed on 2025-11-08,black-shoes-1762584225.png,public
Black Shoes,Shoes,shoes,,,black,beige|gray,,,all-season,AI-detected Shoes processed on 2025-11-08,black-shoes-1762584270.png,public
Black Shoes,Shoes,shoes,,,black,beige|gray,,,all-season,AI-detected Shoes processed on 2025-11-08,black-shoes-1762584325.png,public
Black Shoes,Shoes,shoes,,,black,beige|gray,,,all-season,AI-detected Shoes processed on 2025-11-08,black-shoes-1762585028.png,public
Black Shoes,Shoes,shoes,,,black,beige|gray,,,all-season,AI-detected Shoes processed on 2025-11-08,black-shoes-1762585945.png,public
Black Shoes,Shoes,shoes,,,black,beige|gray,,,all-season,AI-detected Shoes processed on 2025-11-08,black-shoes-1762586179.png,public
Black Shoes,Shoes,shoes,,,black,beige|gray,,,all-season,AI-detected Shoes processed on 2025-11-08,black-shoes-1762586674.png,public
Black Shoes,Shoes,shoes,,,black,beige|gray,,,all-season,AI-detected Shoes processed on 2025-11-08,black-shoes-1762587439.png,public
Black Shoes,Shoes,shoes,,,black,beige|gray,,,all-season,AI-detected Shoes processed on 2025-11-08,black-shoes-1762587742.png,public
Black Shoes,Shoes,shoes,,,black,beige|gray,,,all-season,AI-detected Shoes processed on 2025-11-08,black-shoes-1762587899.png,public
Black Shoes,Shoes,shoes,,,black,beige|gray,,,all-season,AI-detected Shoes processed on 2025-11-08,black-shoes-1762588303.png,public
Black Shoes,Shoes,shoes,,,black,beige|gray,,,all-season,AI-detected Shoes processed on 2025-11-08,black-shoes-1762588398.png,public
Black Shoes,Shoes,shoes,,,black,beige|gray,,,all-season,AI-detected Shoes processed on 2025-11-08,black-shoes-1762588968.png,public
Black Shoes,Shoes,shoes,,,black,beige|gray,,,all-season,AI-detected Shoes processed on 2025-11-08,black-shoes-1762589081.png,public
Black Shoes,Shoes,shoes,,,black,beige|gray,,,all-season,AI-detected Shoes processed on 2025-11-08,black-shoes-1762589436.png,public
Black Shoes,Shoes,shoes,,,black,beige|gray,,,all-season,AI-detected Shoes processed on 2025-11-08,black-shoes-1762589544.png,public
Black Shoes,Shoes,shoes,,,black,beige|gray,,,all-season,AI-detected Shoes processed on 2025-11-08,black-shoes-1762590180.png,public
Black Shoes,Shoes,shoes,,,black,beige|gray,,,all-season,AI-detected Shoes processed on 2025-11-08,black-shoes-1762590207.png,public
Black Shoes,Shoes,shoes,,,black,beige|gray,,,all-season,AI-detected Shoes processed on 2025-11-08,black-shoes-1762591432.png,public
Black Shoes,Shoes,shoes,,,black,beige|gray,,,all-season,AI-detected Shoes processed on 2025-11-08,black-shoes-1762591464.png,public
Black Shoes,Shoes,shoes,,,black,beige|gray,,,all-season,AI-detected Shoes processed on 2025-11-08,black-shoes-1762591672.png,public
Black Shoes,Shoes,shoes,,,black,beige|gray,,,all-season,AI-detected Shoes processed on 2025-11-08,black-shoes-1762592394.png,public
Black Shoes,Shoes,shoes,,,black,beige|gray,,,all-season,AI-detected Shoes processed on 2025-11-08,black-shoes-1762592914.png,public
Black Shoes,Shoes,shoes,,,black,beige|gray,,,all-season,AI-detected Shoes processed on 2025-11-08,black-shoes-1762593127.png,public
Black Shoes,Shoes,shoes,,,black,beige|gray,,,all-season,AI-detected Shoes processed on 2025-11-08,black-shoes-1762593345.png,public
Black Shoes,Shoes,shoes,,,black,beige|gray,,,all-season,AI-detected Shoes processed on 2025-11-08,black-shoes-1762594101.png,public
Black Shoes,Shoes,shoes,,,black,beige|gray,,,all-season,AI-detected Shoes processed on 2025-11-08,black-shoes-1762594983.png,public
Black Shoes,Shoes,shoes,,,black,beige|gray,,,all-season,AI-detected Shoes processed on 2025-11-08,black-shoes-1762596055.png,public
Black Shoes,Shoes,shoes,,,black,beige|gray,,,all-season,AI-detected Shoes processed on 2025-11-08,black-shoes-1762596095.png,public
Black Shoes,Shoes,shoes,,,black,beige|gray,,,all-season,AI-detected Shoes processed on 2025-11-08,black-shoes-1762596524.png,public
Black Shoes,Shoes,shoes,,,black,beige|gray,,,all-season,AI-detected Shoes processed on 2025-11-08,black-shoes-1762597232.png,public
Black Shoes,Shoes,shoes,,,black,beige|gray,,,all-season,AI-detected Shoes processed on 2025-11-08,black-shoes-1762597579.png,public
Black Shoes,Shoes,shoes,,,black,beige|gray,,,all-season,AI-detected Shoes processed on 2025-11-08,black-shoes-1762598319.png,public
Black Shoes,Shoes,shoes,,,black,beige|gray,,,all-season,AI-detected Shoes processed on 2025-11-08,black-shoes-1762598890.png,public
Black Shoes,Shoes,shoes,,,black,beige|gray,,,all-season,AI-detected Shoes processed on 2025-11-08,black-shoes-1762599191.png,public
Black Shoes,Shoes,shoes,,,black,beige|gray,,,all-season,AI-detected Shoes processed on 2025-11-08,black-shoes-1762599646.png,public
Black Shoes,Shoes,shoes,,,black,beige|gray,,,all-season,AI-detected Shoes processed on 2025-11-08,black-shoes-1762599958.png,public
Black Shoes,Shoes,shoes,,,black,beige|gray,,,all-season,AI-detected Shoes processed on 2025-11-08,black-shoes-1762601211.png,public
Black Shoes,Shoes,shoes,,,black,beige|gray,,,all-season,AI-detected Shoes processed on 2025-11-08,black-shoes-1762601544.png,public
Black Shoes,Shoes,shoes,,,black,beige|gray,,,all-season,AI-detected Shoes processed on 2025-11-08,black-shoes-1762601644.png,public
Black Shoes,Shoes,shoes,,,black,beige|gray,,,all-season,AI-detected Shoes processed on 2025-11-08,black-shoes-1762602104.png,public
Black Shoes,Shoes,shoes,,,black,beige|gray,,,all-season,AI-detected Shoes processed on 2025-11-08,black-shoes-1762602156.png,public
Black Shoes,Shoes,shoes,,,black,beige|gray,,,all-season,AI-detected Shoes processed on 2025-11-08,black-shoes-1762602238.png,public
Black Shoes,Shoes,shoes,,,black,beige|gray,,,all-season,AI-detected Shoes processed on 2025-11-08,black-shoes-1762602296.png,public
Black Shoes,Shoes,shoes,,,black,beige|gray,,,all-season,AI-detected Shoes processed on 2025-11-08,black-shoes-1762602703.png,public
Black Shoes,Shoes,shoes,,,black,beige|gray,,,all-season,AI-detected Shoes processed on 2025-11-08,black-shoes-1762602814.png,public
Black Shoes,Shoes,shoes,,,black,beige|gray,,,all-season,AI-detected Shoes processed on 2025-11-08,black-shoes-1762602857.png,public
Black Shoes,Shoes,shoes,,,black,beige|gray,,,all-season,AI-detected Shoes processed on 2025-11-08,black-shoes-1762603786.png,public
Black Shoes,Shoes,shoes,,,black,beige|gray,,,all-season,AI-detected Shoes processed on 2025-11-08,black-shoes-1762604545.png,public
Black Shoes,Shoes,shoes,,,black,beige|gray,,,all-season,AI-detected Shoes processed on 2025-11-08,black-shoes-1762604585.png,public
Black Shoes,Shoes,shoes,,,black,beige|gray,,,all-season,AI-detected Shoes processed on 2025-11-08,black-shoes-1762604809.png,public
Black Shoes,Shoes,shoes,,,black,beige|gray,,,all-season,AI-detected Shoes processed on 2025-11-08,black-shoes-1762604982.png,public
Black Shoes,Shoes,shoes,,,black,beige|gray,,,all-season,AI-detected Shoes processed on 2025-11-08,black-shoes-1762605002.png,public
Black Shoes,Shoes,shoes,,,black,beige|gray,,,all-season,AI-detected Shoes processed on 2025-11-08,black-shoes-1762605288.png,public
Black Shoes,Shoes,shoes,,,black,beige|gray,,,all-season,AI-detected Shoes processed on 2025-11-08,black-shoes-1762605408.png,public
Black Shoes,Shoes,shoes,,,black,beige|gray,,,all-season,AI-detected Shoes processed on 2025-11-08,black-shoes-1762605478.png,public
Black Shoes,Shoes,shoes,,,black,beige|gray,,,all-season,AI-detected Shoes processed on 2025-11-08,black-shoes-1762606422.png,public
Black Shoes,Shoes,shoes,,,black,beige|gray,,,all-season,AI-detected Shoes processed on 2025-11-08,black-shoes-1762606844.png,public
Black Shoes,Shoes,shoes,,,black,beige|gray,,,all-season,AI-detected Shoes processed on 2025-11-08,black-shoes-1762607611.png,public
Black Shoes,Shoes,shoes,,,black,beige|pink,,,all-season,AI-detected Shoes processed on 2025-11-08,black-shoes-1762593367.png,public
Black Shoes,Shoes,shoes,,,black,beige|pink,,,all-season,AI-detected Shoes processed on 2025-11-08,black-shoes-1762593563.png,public
Black Shoes,Shoes,shoes,,,black,beige|pink,,,all-season,AI-detected Shoes processed on 2025-11-08,black-shoes-1762595579.png,public
Black Shoes,Shoes,shoes,,,black,beige|purple,,,all-season,AI-detected Shoes processed on 2025-11-08,black-shoes-1762606389.png,public
Black Shoes,Shoes,shoes,,,black,beige|teal,,,all-season,AI-detected Shoes processed on 2025-11-08,black-shoes-1762573385.png,public
Black Shoes,Shoes,shoes,,,black,beige|teal,,,all-season,AI-detected Shoes processed on 2025-11-08,black-shoes-1762586784.png,public
Black Shoes,Shoes,shoes,,,black,brown,,,all-season,AI-detected Shoes processed on 2025-11-08,black-shoes-1762569596.png,public
Black Shoes,Shoes,shoes,,,black,brown,,,all-season,AI-detected Shoes processed on 2025-11-08,black-shoes-1762569616.png,public
Black Shoes,Shoes,shoes,,,black,brown,,,all-season,AI-detected Shoes processed on 2025-11-08,black-shoes-1762571625.png,public
Black Shoes,Shoes,shoes,,,black,brown,,,all-season,AI-detected Shoes processed on 2025-11-08,black-shoes-1762574704.png,public
Black Shoes,Shoes,shoes,,,black,brown,,,all-season,AI-detected Shoes processed on 2025-11-08,black-shoes-1762576232.png,public
Black Shoes,Shoes,shoes,,,black,brown,,,all-season,AI-detected Shoes processed on 2025-11-08,black-shoes-1762582094.png,public
Black Shoes,Shoes,shoes,,,black,brown,,,all-season,AI-detected Shoes processed on 2025-11-08,black-shoes-1762584591.png,public
Black Shoes,Shoes,shoes,,,black,brown,,,all-season,AI-detected Shoes processed on 2025-11-08,black-shoes-1762586267.png,public
Black Shoes,Shoes,shoes,,,black,brown,,,all-season,AI-detected Shoes processed on 2025-11-08,black-shoes-1762587374.png,public
Black Shoes,Shoes,shoes,,,black,brown,,,all-season,AI-detected Shoes processed on 2025-11-08,black-shoes-1762589691.png,public
Black Shoes,Shoes,shoes,,,black,brown,,,all-season,AI-detected Shoes processed on 2025-11-08,black-shoes-1762595400.png,public
Black Shoes,Shoes,shoes,,,black,brown,,,all-season,AI-detected Shoes processed on 2025-11-08,black-shoes-1762598178.png,public
Black Shoes,Shoes,shoes,,,black,brown,,,all-season,AI-detected Shoes processed on 2025-11-08,black-shoes-1762599614.png,public
Black Shoes,Shoes,shoes,,,black,brown,,,all-season,AI-detected Shoes processed on 2025-11-08,black-shoes-1762603177.png,public
Black Shoes,Shoes,shoes,,,black,brown,,,all-season,AI-detected Shoes processed on 2025-11-08,black-shoes-1762605138.png,public
Black Shoes,Shoes,shoes,,,black,brown,,,all-season,AI-detected Shoes processed on 2025-11-08,black-shoes-1762605939.png,public
Black Shoes,Shoes,shoes,,,black,brown,,,all-season,AI-detected Shoes processed on 2025-11-08,black-shoes-1762606812.png,public
Black Shoes,Shoes,shoes,,,black,brown|beige,,,all-season,AI-detected Shoes processed on 2025-11-08,black-shoes-1762579873.png,public
Black Shoes,Shoes,shoes,,,black,brown|beige,,,all-season,AI-detected Shoes processed on 2025-11-08,black-shoes-1762583973.png,public
Black Shoes,Shoes,shoes,,,black,brown|beige,,,all-season,AI-detected Shoes processed on 2025-11-08,black-shoes-1762605755.png,public
Black Shoes,Shoes,shoes,,,black,brown|gray,,,all-season,AI-detected Shoes processed on 2025-11-08,black-shoes-1762568583.png,public
Black Shoes,Shoes,shoes,,,black,brown|gray,,,all-season,AI-detected Shoes processed on 2025-11-08,black-shoes-1762569896.png,public
Black Shoes,Shoes,shoes,,,black,brown|gray,,,all-season,AI-detected Shoes processed on 2025-11-08,black-shoes-1762571196.png,public
Black Shoes,Shoes,shoes,,,black,brown|gray,,,all-season,AI-detected Shoes processed on 2025-11-08,black-shoes-1762571660.png,public
Black Shoes,Shoes,shoes,,,black,brown|gray,,,all-season,AI-detected Shoes processed on 2025-11-08,black-shoes-1762572311.png,public
Black Shoes,Shoes,shoes,,,black,brown|gray,,,all-season,AI-detected Shoes processed on 2025-11-08,black-shoes-1762573691.png,public
Black Shoes,Shoes,shoes,,,black,brown|gray,,,all-season,AI-detected Shoes processed on 2025-11-08,black-shoes-1762574748.png,public
Black Shoes,Shoes,shoes,,,black,brown|gray,,,all-season,AI-detected Shoes processed on 2025-11-08,black-shoes-1762580759.png,public
Black Shoes,Shoes,shoes,,,black,brown|gray,,,all-season,AI-detected Shoes processed on 2025-11-08,black-shoes-1762581974.png,public
Black Shoes,Shoes,shoes,,,black,brown|gray,,,all-season,AI-detected Shoes processed on 2025-11-08,black-shoes-1762583092.png,public
Black Shoes,Shoes,shoes,,,black,brown|gray,,,all-season,AI-detected Shoes processed on 2025-11-08,black-shoes-1762583869.png,public
Black Shoes,Shoes,shoes,,,black,brown|gray,,,all-season,AI-detected Shoes processed on 2025-11-08,black-shoes-1762584966.png,public
Black Shoes,Shoes,shoes,,,black,brown|gray,,,all-season,AI-detected Shoes processed on 2025-11-08,black-shoes-1762585200.png,public
Black Shoes,Shoes,shoes,,,black,brown|gray,,,all-season,AI-detected Shoes processed on 2025-11-08,black-shoes-1762585691.png,public
Black Shoes,Shoes,shoes,,,black,brown|gray,,,all-season,AI-detected Shoes processed on 2025-11-08,black-shoes-1762586746.png,public
Black Shoes,Shoes,shoes,,,black,brown|gray,,,all-season,AI-detected Shoes processed on 2025-11-08,black-shoes-1762587069.png,public
Black Shoes,Shoes,shoes,,,black,brown|gray,,,all-season,AI-detected Shoes processed on 2025-11-08,black-shoes-1762588531.png,public
Black Shoes,Shoes,shoes,,,black,brown|gray,,,all-season,AI-detected Shoes processed on 2025-11-08,black-shoes-1762589227.png,public
Black Shoes,Shoes,shoes,,,black,brown|gray,,,all-season,AI-detected Shoes processed on 2025-11-08,black-shoes-1762590715.png,public
Black Shoes,Shoes,shoes,,,black,brown|gray,,,all-season,AI-detected Shoes processed on 2025-11-08,black-shoes-1762592628.png,public
Black Shoes,Shoes,shoes,,,black,brown|gray,,,all-season,AI-detected Shoes processed on 2025-11-08,black-shoes-1762593078.png,public
Black Shoes,Shoes,shoes,,,black,brown|gray,,,all-season,AI-detected Shoes processed on 2025-11-08,black-shoes-1762593802.png,public
Black Shoes,Shoes,shoes,,,black,brown|gray,,,all-season,AI-detected Shoes processed on 2025-11-08,black-shoes-1762593975.png,public
Black Shoes,Shoes,shoes,,,black,brown|gray,,,all-season,AI-detected Shoes processed on 2025-11-08,black-shoes-1762594087.png,public
Black Shoes,Shoes,shoes,,,black,brown|gray,,,all-season,AI-detected Shoes processed on 2025-11-08,black-shoes-1762596298.png,public
Black Shoes,Shoes,shoes,,,black,brown|gray,,,all-season,AI-detected Shoes processed on 2025-11-08,black-shoes-1762597462.png,public
Black Shoes,Shoes,shoes,,,black,brown|gray,,,all-season,AI-detected Shoes processed on 2025-11-08,black-shoes-1762599487.png,public
Black Shoes,Shoes,shoes,,,black,brown|gray,,,all-season,AI-detected Shoes processed on 2025-11-08,black-shoes-1762599893.png,public
Black Shoes,Shoes,shoes,,,black,brown|gray,,,all-season,AI-detected Shoes processed on 2025-11-08,black-shoes-1762601727.png,public
Black Shoes,Shoes,shoes,,,black,brown|gray,,,all-season,AI-detected Shoes processed on 2025-11-08,black-shoes-1762603850.png,public
Black Shoes,Shoes,shoes,,,black,brown|gray,,,all-season,AI-detected Shoes processed on 2025-11-08,black-shoes-1762603862.png,public
Black Shoes,Shoes,shoes,,,black,brown|gray,,,all-season,AI-detected Shoes processed on 2025-11-08,black-shoes-1762605042.png,public
Black Shoes,Shoes,shoes,,,black,brown|gray,,,all-season,AI-detected Shoes processed on 2025-11-08,black-shoes-1762605790.png,public
Black Shoes,Shoes,shoes,,,black,brown|maroon,,,all-season,AI-detected Shoes processed on 2025-11-08,black-shoes-1762568664.png,public
Black Shoes,Shoes,shoes,,,black,brown|maroon,,,all-season,AI-detected Shoes processed on 2025-11-08,black-shoes-1762569508.png,public
Black Shoes,Shoes,shoes,,,black,brown|maroon,,,all-season,AI-detected Shoes processed on 2025-11-08,black-shoes-1762579049.png,public
Black Shoes,Shoes,shoes,,,black,brown|maroon,,,all-season,AI-detected Shoes processed on 2025-11-08,black-shoes-1762581919.png,public
Black Shoes,Shoes,shoes,,,black,brown|maroon,,,all-season,AI-detected Shoes processed on 2025-11-08,black-shoes-1762590014.png,public
Black Shoes,Shoes,shoes,,,black,brown|maroon,,,all-season,AI-detected Shoes processed on 2025-11-08,black-shoes-1762591364.png,public
Black Shoes,Shoes,shoes,,,black,brown|orange,,,all-season,AI-detected Shoes processed on 2025-11-08,black-shoes-1762591834.png,public
Black Shoes,Shoes,shoes,,,black,brown|orange,,,all-season,AI-detected Shoes processed on 2025-11-08,black-shoes-1762593225.png,public
Black Shoes,Shoes,shoes,,,black,brown|pink,,,all-season,AI-detected Shoes processed on 2025-11-08,black-shoes-1762569053.png,public
Black Shoes,Shoes,shoes,,,black,brown|pink,,,all-season,AI-detected Shoes processed on 2025-11-08,black-shoes-1762571090.png,public
Black Shoes,Shoes,shoes,,,black,brown|pink,,,all-season,AI-detected Shoes processed on 2025-11-08,black-shoes-1762571798.png,public
Black Shoes,Shoes,shoes,,,black,brown|pink,,,all-season,AI-detected Shoes processed on 2025-11-08,black-shoes-1762571862.png,public
Black Shoes,Shoes,shoes,,,black,brown|pink,,,all-season,AI-detected Shoes processed on 2025-11-08,black-shoes-1762573885.png,public
Black Shoes,Shoes,shoes,,,black,brown|pink,,,all-season,AI-detected Shoes processed on 2025-11-08,black-shoes-1762574421.png,public
Black Shoes,Shoes,shoes,,,black,brown|pink,,,all-season,AI-detected Shoes processed on 2025-11-08,black-shoes-1762576464.png,public
Black Shoes,Shoes,shoes,,,black,brown|pink,,,all-season,AI-detected Shoes processed on 2025-11-08,black-shoes-1762578951.png,public
Black Shoes,Shoes,shoes,,,black,brown|pink,,,all-season,AI-detected Shoes processed on 2025-11-08,black-shoes-1762579033.png,public
Black Shoes,Shoes,shoes,,,black,brown|pink,,,all-season,AI-detected Shoes processed on 2025-11-08,black-shoes-1762582988.png,public
Black Shoes,Shoes,shoes,,,black,brown|pink,,,all-season,AI-detected Shoes processed on 2025-11-08,black-shoes-1762584055.png,public
Black Shoes,Shoes,shoes,,,black,brown|pink,,,all-season,AI-detected Shoes processed on 2025-11-08,black-shoes-1762584441.png,public
Black Shoes,Shoes,shoes,,,black,brown|pink,,,all-season,AI-detected Shoes processed on 2025-11-08,black-shoes-1762584653.png,public
Black Shoes,Shoes,shoes,,,black,brown|pink,,,all-season,AI-detected Shoes processed on 2025-11-08,black-shoes-1762585393.png,public
Black Shoes,Shoes,shoes,,,black,brown|pink,,,all-season,AI-detected Shoes processed on 2025-11-08,black-shoes-1762585446.png,public
Black Shoes,Shoes,shoes,,,black,brown|pink,,,all-season,AI-detected Shoes processed on 2025-11-08,black-shoes-1762585622.png,public
Black Shoes,Shoes,shoes,,,black,brown|pink,,,all-season,AI-detected Shoes processed on 2025-11-08,black-shoes-1762585811.png,public
Black Shoes,Shoes,shoes,,,black,brown|pink,,,all-season,AI-detected Shoes processed on 2025-11-08,black-shoes-1762586517.png,public
Black Shoes,Shoes,shoes,,,black,brown|pink,,,all-season,AI-detected Shoes processed on 2025-11-08,black-shoes-1762586561.png,public
Black Shoes,Shoes,shoes,,,black,brown|pink,,,all-season,AI-detected Shoes processed on 2025-11-08,black-shoes-1762586808.png,public
Black Shoes,Shoes,shoes,,,black,brown|pink,,,all-season,AI-detected Shoes processed on 2025-11-08,black-shoes-1762587345.png,public
Black Shoes,Shoes,shoes,,,black,brown|pink,,,all-season,AI-detected Shoes processed on 2025-11-08,black-shoes-1762587684.png,public
Black Shoes,Shoes,shoes,,,black,brown|pink,,,all-season,AI-detected Shoes processed on 2025-11-08,black-shoes-1762588563.png,public
Black Shoes,Shoes,shoes,,,black,brown|pink,,,all-season,AI-detected Shoes processed on 2025-11-08,black-shoes-1762589864.png,public
Black Shoes,Shoes,shoes,,,black,brown|pink,,,all-season,AI-detected Shoes processed on 2025-11-08,black-shoes-1762589922.png,public
Black Shoes,Shoes,shoes,,,black,brown|pink,,,all-season,AI-detected Shoes processed on 2025-11-08,black-shoes-1762590092.png,public
Black Shoes,Shoes,shoes,,,black,brown|pink,,,all-season,AI-detected Shoes processed on 2025-11-08,black-shoes-1762590599.png,public
Black Shoes,Shoes,shoes,,,black,brown|pink,,,all-season,AI-detected Shoes processed on 2025-11-08,black-shoes-1762592261.png,public
Black Shoes,Shoes,shoes,,,black,brown|pink,,,all-season,AI-detected Shoes processed on 2025-11-08,black-shoes-1762593763.png,public
Black Shoes,Shoes,shoes,,,black,brown|pink,,,all-season,AI-detected Shoes processed on 2025-11-08,black-shoes-1762593956.png,public
Black Shoes,Shoes,shoes,,,black,brown|pink,,,all-season,AI-detected Shoes processed on 2025-11-08,black-shoes-1762595275.png,public
Black Shoes,Shoes,shoes,,,black,brown|pink,,,all-season,AI-detected Shoes processed on 2025-11-08,black-shoes-1762597053.png,public
Black Shoes,Shoes,shoes,,,black,brown|pink,,,all-season,AI-detected Shoes processed on 2025-11-08,black-shoes-1762598197.png,public
Black Shoes,Shoes,shoes,,,black,brown|pink,,,all-season,AI-detected Shoes processed on 2025-11-08,black-shoes-1762600062.png,public
Black Shoes,Shoes,shoes,,,black,brown|pink,,,all-season,AI-detected Shoes processed on 2025-11-08,black-shoes-1762600578.png,public
Black Shoes,Shoes,shoes,,,black,brown|pink,,,all-season,AI-detected Shoes processed on 2025-11-08,black-shoes-1762601836.png,public
Black Shoes,Shoes,shoes,,,black,brown|pink,,,all-season,AI-detected Shoes processed on 2025-11-08,black-shoes-1762604422.png,public
Black Shoes,Shoes,shoes,,,black,brown|purple,,,all-season,AI-detected Shoes processed on 2025-11-08,black-shoes-1762572781.png,public
Black Shoes,Shoes,shoes,,,black,brown|white,,,all-season,AI-detected Shoes processed on 2025-11-08,black-shoes-1762584993.png,public
Black Shoes,Shoes,shoes,,,black,gray,,,all-season,AI-detected Shoes processed on 2025-11-08,black-shoes-1762568668.png,public
Black Shoes,Shoes,shoes,,,black,gray,,,all-season,AI-detected Shoes processed on 2025-11-08,black-shoes-1762568769.png,public
Black Shoes,Shoes,shoes,,,black,gray,,,all-season,AI-detected Shoes processed on 2025-11-08,black-shoes-1762568941.png,public
Black Shoes,Shoes,shoes,,,black,gray,,,all-season,AI-detected Shoes processed on 2025-11-08,black-shoes-1762568979.png,public
Black Shoes,Shoes,shoes,,,black,gray,,,all-season,AI-detected Shoes processed on 2025-11-08,black-shoes-1762569279.png,public
Black Shoes,Shoes,shoes,,,black,gray,,,all-season,AI-detected Shoes processed on 2025-11-08,black-shoes-1762569380.png,public
Black Shoes,Shoes,shoes,,,black,gray,,,all-season,AI-detected Shoes processed on 2025-11-08,black-shoes-1762569395.png,public
Black Shoes,Shoes,shoes,,,black,gray,,,all-season,AI-detected Shoes processed on 2025-11-08,black-shoes-1762569449.png,public
Black Shoes,Shoes,shoes,,,black,gray,,,all-season,AI-detected Shoes processed on 2025-11-08,black-shoes-1762569451.png,public
Black Shoes,Shoes,shoes,,,black,gray,,,all-season,AI-detected Shoes processed on 2025-11-08,black-shoes-1762569545.png,public
Black Shoes,Shoes,shoes,,,black,gray,,,all-season,AI-detected Shoes processed on 2025-11-08,black-shoes-1762569550.png,public
Black Shoes,Shoes,shoes,,,black,gray,,,all-season,AI-detected Shoes processed on 2025-11-08,black-shoes-1762569565.png,public
Black Shoes,Shoes,shoes,,,black,gray,,,all-season,AI-detected Shoes processed on 2025-11-08,black-shoes-1762569739.png,public
Black Shoes,Shoes,shoes,,,black,gray,,,all-season,AI-detected Shoes processed on 2025-11-08,black-shoes-1762569948.png,public
Black Shoes,Shoes,shoes,,,black,gray,,,all-season,AI-detected Shoes processed on 2025-11-08,black-shoes-1762570049.png,public
Black Shoes,Shoes,shoes,,,black,gray,,,all-season,AI-detected Shoes processed on 2025-11-08,black-shoes-1762570483.png,public
Black Shoes,Shoes,shoes,,,black,gray,,,all-season,AI-detected Shoes processed on 2025-11-08,black-shoes-1762570548.png,public
Black Shoes,Shoes,shoes,,,black,gray,,,all-season,AI-detected Shoes processed on 2025-11-08,black-shoes-1762570578.png,public
Black Shoes,Shoes,shoes,,,black,gray,,,all-season,AI-detected Shoes processed on 2025-11-08,black-shoes-1762570605.png,public
Black Shoes,Shoes,shoes,,,black,gray,,,all-season,AI-detected Shoes processed on 2025-11-08,black-shoes-1762570696.png,public
Black Shoes,Shoes,shoes,,,black,gray,,,all-season,AI-detected Shoes processed on 2025-11-08,black-shoes-1762570712.png,public
Black Shoes,Shoes,shoes,,,black,gray,,,all-season,AI-detected Shoes processed on 2025-11-08,black-shoes-1762570741.png,public
Black Shoes,Shoes,shoes,,,black,gray,,,all-season,AI-detected Shoes processed on 2025-11-08,black-shoes-1762570754.png,public
Black Shoes,Shoes,shoes,,,black,gray,,,all-season,AI-detected Shoes processed on 2025-11-08,black-shoes-1762570757.png,public
Black Shoes,Shoes,shoes,,,black,gray,,,all-season,AI-detected Shoes processed on 2025-11-08,black-shoes-1762570802.png,public
Black Shoes,Shoes,shoes,,,black,gray,,,all-season,AI-detected Shoes processed on 2025-11-08,black-shoes-1762570841.png,public
Black Shoes,Shoes,shoes,,,black,gray,,,all-season,AI-detected Shoes processed on 2025-11-08,black-shoes-1762570863.png,public
Black Shoes,Shoes,shoes,,,black,gray,,,all-season,AI-detected Shoes processed on 2025-11-08,black-shoes-1762570901.png,public
Black Shoes,Shoes,shoes,,,black,gray,,,all-season,AI-detected Shoes processed on 2025-11-08,black-shoes-1762570928.png,public
Black Shoes,Shoes,shoes,,,black,gray,,,all-season,AI-detected Shoes processed on 2025-11-08,black-shoes-1762571009.png,public
Black Shoes,Shoes,shoes,,,black,gray,,,all-season,AI-detected Shoes processed on 2025-11-08,black-shoes-1762571157.png,public
Black Shoes,Shoes,shoes,,,black,gray,,,all-season,AI-detected Shoes processed on 2025-11-08,black-shoes-1762571291.png,public
Black Shoes,Shoes,shoes,,,black,gray,,,all-season,AI-detected Shoes processed on 2025-11-08,black-shoes-1762571311.png,public
Black Shoes,Shoes,shoes,,,black,gray,,,all-season,AI-detected Shoes processed on 2025-11-08,black-shoes-1762571373.png,public
Black Shoes,Shoes,shoes,,,black,gray,,,all-season,AI-detected Shoes processed on 2025-11-08,black-shoes-1762571399.png,public
Black Shoes,Shoes,shoes,,,black,gray,,,all-season,AI-detected Shoes processed on 2025-11-08,black-shoes-1762571627.png,public
Black Shoes,Shoes,shoes,,,black,gray,,,all-season,AI-detected Shoes processed on 2025-11-08,black-shoes-1762571678.png,public
Black Shoes,Shoes,shoes,,,black,gray,,,all-season,AI-detected Shoes processed on 2025-11-08,black-shoes-1762571752.png,public
Black Shoes,Shoes,shoes,,,black,gray,,,all-season,AI-detected Shoes processed on 2025-11-08,black-shoes-1762571826.png,public
Black Shoes,Shoes,shoes,,,black,gray,,,all-season,AI-detected Shoes processed on 2025-11-08,black-shoes-1762571830.png,public
Black Shoes,Shoes,shoes,,,black,gray,,,all-season,AI-detected Shoes processed on 2025-11-08,black-shoes-1762572002.png,public
Black Shoes,Shoes,shoes,,,black,gray,,,all-season,AI-detected Shoes processed on 2025-11-08,black-shoes-1762572068.png,public
Black Shoes,Shoes,shoes,,,black,gray,,,all-season,AI-detected Shoes processed on 2025-11-08,black-shoes-1762572152.png,public
Black Shoes,Shoes,shoes,,,black,gray,,,all-season,AI-detected Shoes processed on 2025-11-08,black-shoes-1762572300.png,public
Black Shoes,Shoes,shoes,,,black,gray,,,all-season,AI-detected Shoes processed on 2025-11-08,black-shoes-1762572475.png,public
Black Shoes,Shoes,shoes,,,black,gray,,,all-season,AI-detected Shoes processed on 2025-11-08,black-shoes-1762572483.png,public
Black Shoes,Shoes,shoes,,,black,gray,,,all-season,AI-detected Shoes processed on 2025-11-08,black-shoes-1762572508.png,public
Black Shoes,Shoes,shoes,,,black,gray,,,all-season,AI-detected Shoes processed on 2025-11-08,black-shoes-1762572626.png,public
Black Shoes,Shoes,shoes,,,black,gray,,,all-season,AI-detected Shoes processed on 2025-11-08,black-shoes-1762572835.png,public
Black Shoes,Shoes,shoes,,,black,gray,,,all-season,AI-detected Shoes processed on 2025-11-08,black-shoes-1762573006.png,public
Black Shoes,Shoes,shoes,,,black,gray,,,all-season,AI-detected Shoes processed on 2025-11-08,black-shoes-1762573065.png,public
Black Shoes,Shoes,shoes,,,black,gray,,,all-season,AI-detected Shoes processed on 2025-11-08,black-shoes-1762573151.png,public
Black Shoes,Shoes,shoes,,,black,gray,,,all-season,AI-detected Shoes processed on 2025-11-08,black-shoes-1762573268.png,public
Black Shoes,Shoes,shoes,,,black,gray,,,all-season,AI-detected Shoes processed on 2025-11-08,black-shoes-1762573368.png,public
Black Shoes,Shoes,shoes,,,black,gray,,,all-season,AI-detected Shoes processed on 2025-11-08,black-shoes-1762573391.png,public
Black Shoes,Shoes,shoes,,,black,gray,,,all-season,AI-detected Shoes processed on 2025-11-08,black-shoes-1762573570.png,public
Black Shoes,Shoes,shoes,,,black,gray,,,all-season,AI-detected Shoes processed on 2025-11-08,black-shoes-1762573659.png,public
Black Shoes,Shoes,shoes,,,black,gray,,,all-season,AI-detected Shoes processed on 2025-11-08,black-shoes-1762573816.png,public
Black Shoes,Shoes,shoes,,,black,gray,,,all-season,AI-detected Shoes processed on 2025-11-08,black-shoes-1762573837.png,public
Black Shoes,Shoes,shoes,,,black,gray,,,all-season,AI-detected Shoes processed on 2025-11-08,black-shoes-1762574020.png,public
Black Shoes,Shoes,shoes,,,black,gray,,,all-season,AI-detected Shoes processed on 2025-11-08,black-shoes-1762574024.png,public
Black Shoes,Shoes,shoes,,,black,gray,,,all-season,AI-detected Shoes processed on 2025-11-08,black-shoes-1762574052.png,public
Black Shoes,Shoes,shoes,,,black,gray,,,all-season,AI-detected Shoes processed on 2025-11-08,black-shoes-1762574100.png,public
Black Shoes,Shoes,shoes,,,black,gray,,,all-season,AI-detected Shoes processed on 2025-11-08,black-shoes-1762574237.png,public
Black Shoes,Shoes,shoes,,,black,gray,,,all-season,AI-detected Shoes processed on 2025-11-08,black-shoes-1762574244.png,public
Black Shoes,Shoes,shoes,,,black,gray,,,all-season,AI-detected Shoes processed on 2025-11-08,black-shoes-1762574271.png,public
Black Shoes,Shoes,shoes,,,black,gray,,,all-season,AI-detected Shoes processed on 2025-11-08,black-shoes-1762574389.png,public
Black Shoes,Shoes,shoes,,,black,gray,,,all-season,AI-detected Shoes processed on 2025-11-08,black-shoes-1762574467.png,public
Black Shoes,Shoes,shoes,,,black,gray,,,all-season,AI-detected Shoes processed on 2025-11-08,black-shoes-1762574509.png,public
Black Shoes,Shoes,shoes,,,black,gray,,,all-season,AI-detected Shoes processed on 2025-11-08,black-shoes-1762574663.png,public
Black Shoes,Shoes,shoes,,,black,gray,,,all-season,AI-detected Shoes processed on 2025-11-08,black-shoes-1762574860.png,public
Black Shoes,Shoes,shoes,,,black,gray,,,all-season,AI-detected Shoes processed on 2025-11-08,black-shoes-1762575124.png,public
Black Shoes,Shoes,shoes,,,black,gray,,,all-season,AI-detected Shoes processed on 2025-11-08,black-shoes-1762575170.png,public
Black Shoes,Shoes,shoes,,,black,gray,,,all-season,AI-detected Shoes processed on 2025-11-08,black-shoes-1762575353.png,public
Black Shoes,Shoes,shoes,,,black,gray,,,all-season,AI-detected Shoes processed on 2025-11-08,black-shoes-1762575479.png,public
Black Shoes,Shoes,shoes,,,black,gray,,,all-season,AI-detected Shoes processed on 2025-11-08,black-shoes-1762575660.png,public
Black Shoes,Shoes,shoes,,,black,gray,,,all-season,AI-detected Shoes processed on 2025-11-08,black-shoes-1762576022.png,public
Black Shoes,Shoes,shoes,,,black,gray,,,all-season,AI-detected Shoes processed on 2025-11-08,black-shoes-1762576276.png,public
Black Shoes,Shoes,shoes,,,black,gray,,,all-season,AI-detected Shoes processed on 2025-11-08,black-shoes-1762576300.png,public
Black Shoes,Shoes,shoes,,,black,gray,,,all-season,AI-detected Shoes processed on 2025-11-08,black-shoes-1762576324.png,public
Black Shoes,Shoes,shoes,,,black,gray,,,all-season,AI-detected Shoes processed on 2025-11-08,black-shoes-1762576393.png,public
Black Shoes,Shoes,shoes,,,black,gray,,,all-season,AI-detected Shoes processed on 2025-11-08,black-shoes-1762576420.png,public
Black Shoes,Shoes,shoes,,,black,gray,,,all-season,AI-detected Shoes processed on 2025-11-08,black-shoes-1762576467.png,public
Black Shoes,Shoes,shoes,,,black,gray,,,all-season,AI-detected Shoes processed on 2025-11-08,black-shoes-1762577131.png,public
Black Shoes,Shoes,shoes,,,black,gray,,,all-season,AI-detected Shoes processed on 2025-11-08,black-shoes-1762577177.png,public
Black Shoes,Shoes,shoes,,,black,gray,,,all-season,AI-detected Shoes processed on 2025-11-08,black-shoes-1762577241.png,public
Black Shoes,Shoes,shoes,,,black,gray,,,all-season,AI-detected Shoes processed on 2025-11-08,black-shoes-1762577466.png,public
Black Shoes,Shoes,shoes,,,black,gray,,,all-season,AI-detected Shoes processed on 2025-11-08,black-shoes-1762577671.png,public
Black Shoes,Shoes,shoes,,,black,gray,,,all-season,AI-detected Shoes processed on 2025-11-08,black-shoes-1762577675.png,public
Black Shoes,Shoes,shoes,,,black,gray,,,all-season,AI-detected Shoes processed on 2025-11-08,black-shoes-1762577943.png,public
Black Shoes,Shoes,shoes,,,black,gray,,,all-season,AI-detected Shoes processed on 2025-11-08,black-shoes-1762578150.png,public
Black Shoes,Shoes,shoes,,,black,gray,,,all-season,AI-detected Shoes processed on 2025-11-08,black-shoes-1762578378.png,public
Black Shoes,Shoes,shoes,,,black,gray,,,all-season,AI-detected Shoes processed on 2025-11-08,black-shoes-1762578479.png,public
Black Shoes,Shoes,shoes,,,black,gray,,,all-season,AI-detected Shoes processed on 2025-11-08,black-shoes-1762578506.png,public
Black Shoes,Shoes,shoes,,,black,gray,,,all-season,AI-detected Shoes processed on 2025-11-08,black-shoes-1762578550.png,public
Black Shoes,Shoes,shoes,,,black,gray,,,all-season,AI-detected Shoes processed on 2025-11-08,black-shoes-1762578687.png,public
Black Shoes,Shoes,shoes,,,black,gray,,,all-season,AI-detected Shoes processed on 2025-11-08,black-shoes-1762578822.png,public
Black Shoes,Shoes,shoes,,,black,gray,,,all-season,AI-detected Shoes processed on 2025-11-08,black-shoes-1762578895.png,public
Black Shoes,Shoes,shoes,,,black,gray,,,all-season,AI-detected Shoes processed on 2025-11-08,black-shoes-1762578941.png,public
Black Shoes,Shoes,shoes,,,black,gray,,,all-season,AI-detected Shoes processed on 2025-11-08,black-shoes-1762578959.png,public
Black Shoes,Shoes,shoes,,,black,gray,,,all-season,AI-detected Shoes processed on 2025-11-08,black-shoes-1762579283.png,public
Black Shoes,Shoes,shoes,,,black,gray,,,all-season,AI-detected Shoes processed on 2025-11-08,black-shoes-1762579396.png,public
Black Shoes,Shoes,shoes,,,black,gray,,,all-season,AI-detected Shoes processed on 2025-11-08,black-shoes-1762579622.png,public
Black Shoes,Shoes,shoes,,,black,gray,,,all-season,AI-detected Shoes processed on 2025-11-08,black-shoes-1762579946.png,public
Black Shoes,Shoes,shoes,,,black,gray,,,all-season,AI-detected Shoes processed on 2025-11-08,black-shoes-1762580023.png,public
Black Shoes,Shoes,shoes,,,black,gray,,,all-season,AI-detected Shoes processed on 2025-11-08,black-shoes-1762580146.png,public
Black Shoes,Shoes,shoes,,,black,gray,,,all-season,AI-detected Shoes processed on 2025-11-08,black-shoes-1762580173.png,public
Black Shoes,Shoes,shoes,,,black,gray,,,all-season,AI-detected Shoes processed on 2025-11-08,black-shoes-1762580597.png,public
Black Shoes,Shoes,shoes,,,black,gray,,,all-season,AI-detected Shoes processed on 2025-11-08,black-shoes-1762580781.png,public
Black Shoes,Shoes,shoes,,,black,gray,,,all-season,AI-detected Shoes processed on 2025-11-08,black-shoes-1762580788.png,public
Black Shoes,Shoes,shoes,,,black,gray,,,all-season,AI-detected Shoes processed on 2025-11-08,black-shoes-1762580899.png,public
Black Shoes,Shoes,shoes,,,black,gray,,,all-season,AI-detected Shoes processed on 2025-11-08,black-shoes-1762580956.png,public
Black Shoes,Shoes,shoes,,,black,gray,,,all-season,AI-detected Shoes processed on 2025-11-08,black-shoes-1762581066.png,public
Black Shoes,Shoes,shoes,,,black,gray,,,all-season,AI-detected Shoes processed on 2025-11-08,black-shoes-1762581220.png,public
Black Shoes,Shoes,shoes,,,black,gray,,,all-season,AI-detected Shoes processed on 2025-11-08,black-shoes-1762581518.png,public
Black Shoes,Shoes,shoes,,,black,gray,,,all-season,AI-detected Shoes processed on 2025-11-08,black-shoes-1762581557.png,public
Black Shoes,Shoes,shoes,,,black,gray,,,all-season,AI-detected Shoes processed on 2025-11-08,black-shoes-1762581626.png,public
Black Shoes,Shoes,shoes,,,black,gray,,,all-season,AI-detected Shoes processed on 2025-11-08,black-shoes-1762581709.png,public
Black Shoes,Shoes,shoes,,,black,gray,,,all-season,AI-detected Shoes processed on 2025-11-08,black-shoes-1762581873.png,public
Black Shoes,Shoes,shoes,,,black,gray,,,all-season,AI-detected Shoes processed on 2025-11-08,black-shoes-1762582126.png,public
Black Shoes,Shoes,shoes,,,black,gray,,,all-season,AI-detected Shoes processed on 2025-11-08,black-shoes-1762582205.png,public
Black Shoes,Shoes,shoes,,,black,gray,,,all-season,AI-detected Shoes processed on 2025-11-08,black-shoes-1762582476.png,public
Black Shoes,Shoes,shoes,,,black,gray,,,all-season,AI-detected Shoes processed on 2025-11-08,black-shoes-1762582513.png,public
Black Shoes,Shoes,shoes,,,black,gray,,,all-season,AI-detected Shoes processed on 2025-11-08,black-shoes-1762582647.png,public
Black Shoes,Shoes,shoes,,,black,gray,,,all-season,AI-detected Shoes processed on 2025-11-08,black-shoes-1762582831.png,public
Black Shoes,Shoes,shoes,,,black,gray,,,all-season,AI-detected Shoes processed on 2025-11-08,black-shoes-1762582930.png,public
Black Shoes,Shoes,shoes,,,black,gray,,,all-season,AI-detected Shoes processed on 2025-11-08,black-shoes-1762583061.png,public
Black Shoes,Shoes,shoes,,,black,gray,,,all-season,AI-detected Shoes processed on 2025-11-08,black-shoes-1762583117.png,public
Black Shoes,Shoes,shoes,,,black,gray,,,all-season,AI-detected Shoes processed on 2025-11-08,black-shoes-1762583251.png,public
Black Shoes,Shoes,shoes,,,black,gray,,,all-season,AI-detected Shoes processed on 2025-11-08,black-shoes-1762583285.png,public
Black Shoes,Shoes,shoes,,,black,gray,,,all-season,AI-detected Shoes processed on 2025-11-08,black-shoes-1762583389.png,public
Black Shoes,Shoes,shoes,,,black,gray,,,all-season,AI-detected Shoes processed on 2025-11-08,black-shoes-1762583451.png,public
Black Shoes,Shoes,shoes,,,black,gray,,,all-season,AI-detected Shoes processed on 2025-11-08,black-shoes-1762583596.png,public
Black Shoes,Shoes,shoes,,,black,gray,,,all-season,AI-detected Shoes processed on 2025-11-08,black-shoes-1762583724.png,public
Black Shoes,Shoes,shoes,,,black,gray,,,all-season,AI-detected Shoes processed on 2025-11-08,black-shoes-1762583752.png,public
Black Shoes,Shoes,shoes,,,black,gray,,,all-season,AI-detected Shoes processed on 2025-11-08,black-shoes-1762583877.png,public
Black Shoes,Shoes,shoes,,,black,gray,,,all-season,AI-detected Shoes processed on 2025-11-08,black-shoes-1762583978.png,public
Black Shoes,Shoes,shoes,,,black,gray,,,all-season,AI-detected Shoes processed on 2025-11-08,black-shoes-1762584127.png,public
Black Shoes,Shoes,shoes,,,black,gray,,,all-season,AI-detected Shoes processed on 2025-11-08,black-shoes-1762584170.png,public
Black Shoes,Shoes,shoes,,,black,gray,,,all-season,AI-detected Shoes processed on 2025-11-08,black-shoes-1762584295.png,public
Black Shoes,Shoes,shoes,,,black,gray,,,all-season,AI-detected Shoes processed on 2025-11-08,black-shoes-1762584334.png,public
Black Shoes,Shoes,shoes,,,black,gray,,,all-season,AI-detected Shoes processed on 2025-11-08,black-shoes-1762584352.png,public
Black Shoes,Shoes,shoes,,,black,gray,,,all-season,AI-detected Shoes processed on 2025-11-08,black-shoes-1762584407.png,public
Black Shoes,Shoes,shoes,,,black,gray,,,all-season,AI-detected Shoes processed on 2025-11-08,black-shoes-1762584549.png,public
Black Shoes,Shoes,shoes,,,black,gray,,,all-season,AI-detected Shoes processed on 2025-11-08,black-shoes-1762584699.png,public
Black Shoes,Shoes,shoes,,,black,gray,,,all-season,AI-detected Shoes processed on 2025-11-08,black-shoes-1762584820.png,public
Black Shoes,Shoes,shoes,,,black,gray,,,all-season,AI-detected Shoes processed on 2025-11-08,black-shoes-1762584860.png,public
Black Shoes,Shoes,shoes,,,black,gray,,,all-season,AI-detected Shoes processed on 2025-11-08,black-shoes-1762585060.png,public
Black Shoes,Shoes,shoes,,,black,gray,,,all-season,AI-detected Shoes processed on 2025-11-08,black-shoes-1762585128.png,public
Black Shoes,Shoes,shoes,,,black,gray,,,all-season,AI-detected Shoes processed on 2025-11-08,black-shoes-1762585154.png,public
Black Shoes,Shoes,shoes,,,black,gray,,,all-season,AI-detected Shoes processed on 2025-11-08,black-shoes-1762585312.png,public
Black Shoes,Shoes,shoes,,,black,gray,,,all-season,AI-detected Shoes processed on 2025-11-08,black-shoes-1762585378.png,public
Black Shoes,Shoes,shoes,,,black,gray,,,all-season,AI-detected Shoes processed on 2025-11-08,black-shoes-1762585433.png,public
Black Shoes,Shoes,shoes,,,black,gray,,,all-season,AI-detected Shoes processed on 2025-11-08,black-shoes-1762585495.png,public
Black Shoes,Shoes,shoes,,,black,gray,,,all-season,AI-detected Shoes processed on 2025-11-08,black-shoes-1762585513.png,public
Black Shoes,Shoes,shoes,,,black,gray,,,all-season,AI-detected Shoes processed on 2025-11-08,black-shoes-1762585566.png,public
Black Shoes,Shoes,shoes,,,black,gray,,,all-season,AI-detected Shoes processed on 2025-11-08,black-shoes-1762585652.png,public
Black Shoes,Shoes,shoes,,,black,gray,,,all-season,AI-detected Shoes processed on 2025-11-08,black-shoes-1762585774.png,public
Black Shoes,Shoes,shoes,,,black,gray,,,all-season,AI-detected Shoes processed on 2025-11-08,black-shoes-1762585803.png,public
Black Shoes,Shoes,shoes,,,black,gray,,,all-season,AI-detected Shoes processed on 2025-11-08,black-shoes-1762585831.png,public
Black Shoes,Shoes,shoes,,,black,gray,,,all-season,AI-detected Shoes processed on 2025-11-08,black-shoes-1762585930.png,public
Black Shoes,Shoes,shoes,,,black,gray,,,all-season,AI-detected Shoes processed on 2025-11-08,black-shoes-1762585994.png,public
Black Shoes,Shoes,shoes,,,black,gray,,,all-season,AI-detected Shoes processed on 2025-11-08,black-shoes-1762586096.png,public
Black Shoes,Shoes,shoes,,,black,gray,,,all-season,AI-detected Shoes processed on 2025-11-08,black-shoes-1762586376.png,public
Black Shoes,Shoes,shoes,,,black,gray,,,all-season,AI-detected Shoes processed on 2025-11-08,black-shoes-1762586621.png,public
Black Shoes,Shoes,shoes,,,black,gray,,,all-season,AI-detected Shoes processed on 2025-11-08,black-shoes-1762586723.png,public
Black Shoes,Shoes,shoes,,,black,gray,,,all-season,AI-detected Shoes processed on 2025-11-08,black-shoes-1762586792.png,public
Black Shoes,Shoes,shoes,,,black,gray,,,all-season,AI-detected Shoes processed on 2025-11-08,black-shoes-1762586917.png,public
Black Shoes,Shoes,shoes,,,black,gray,,,all-season,AI-detected Shoes processed on 2025-11-08,black-shoes-1762586945.png,public
Black Shoes,Shoes,shoes,,,black,gray,,,all-season,AI-detected Shoes processed on 2025-11-08,black-shoes-1762587073.png,public
Black Shoes,Shoes,shoes,,,black,gray,,,all-season,AI-detected Shoes processed on 2025-11-08,black-shoes-1762587099.png,public
Black Shoes,Shoes,shoes,,,black,gray,,,all-season,AI-detected Shoes processed on 2025-11-08,black-shoes-1762587501.png,public
Black Shoes,Shoes,shoes,,,black,gray,,,all-season,AI-detected Shoes processed on 2025-11-08,black-shoes-1762587852.png,public
Black Shoes,Shoes,shoes,,,black,gray,,,all-season,AI-detected Shoes processed on 2025-11-08,black-shoes-1762587944.png,public
Black Shoes,Shoes,shoes,,,black,gray,,,all-season,AI-detected Shoes processed on 2025-11-08,black-shoes-1762588068.png,public
Black Shoes,Shoes,shoes,,,black,gray,,,all-season,AI-detected Shoes processed on 2025-11-08,black-shoes-1762588147.png,public
Black Shoes,Shoes,shoes,,,black,gray,,,all-season,AI-detected Shoes processed on 2025-11-08,black-shoes-1762588151.png,public
Black Shoes,Shoes,shoes,,,black,gray,,,all-season,AI-detected Shoes processed on 2025-11-08,black-shoes-1762588415.png,public
Black Shoes,Shoes,shoes,,,black,gray,,,all-season,AI-detected Shoes processed on 2025-11-08,black-shoes-1762588512.png,public
Black Shoes,Shoes,shoes,,,black,gray,,,all-season,AI-detected Shoes processed on 2025-11-08,black-shoes-1762588726.png,public
Black Shoes,Shoes,shoes,,,black,gray,,,all-season,AI-detected Shoes processed on 2025-11-08,black-shoes-1762588826.png,public
Black Shoes,Shoes,shoes,,,black,gray,,,all-season,AI-detected Shoes processed on 2025-11-08,black-shoes-1762589157.png,public
Black Shoes,Shoes,shoes,,,black,gray,,,all-season,AI-detected Shoes processed on 2025-11-08,black-shoes-1762589857.png,public
Black Shoes,Shoes,shoes,,,black,gray,,,all-season,AI-detected Shoes processed on 2025-11-08,black-shoes-1762589894.png,public
Black Shoes,Shoes,shoes,,,black,gray,,,all-season,AI-detected Shoes processed on 2025-11-08,black-shoes-1762590021.png,public
Black Shoes,Shoes,shoes,,,black,gray,,,all-season,AI-detected Shoes processed on 2025-11-08,black-shoes-1762590109.png,public
Black Shoes,Shoes,shoes,,,black,gray,,,all-season,AI-detected Shoes processed on 2025-11-08,black-shoes-1762590125.png,public
Black Shoes,Shoes,shoes,,,black,gray,,,all-season,AI-detected Shoes processed on 2025-11-08,black-shoes-1762590261.png,public
Black Shoes,Shoes,shoes,,,black,gray,,,all-season,AI-detected Shoes processed on 2025-11-08,black-shoes-1762590372.png,public
Black Shoes,Shoes,shoes,,,black,gray,,,all-season,AI-detected Shoes processed on 2025-11-08,black-shoes-1762590457.png,public
Black Shoes,Shoes,shoes,,,black,gray,,,all-season,AI-detected Shoes processed on 2025-11-08,black-shoes-1762590497.png,public
Black Shoes,Shoes,shoes,,,black,gray,,,all-season,AI-detected Shoes processed on 2025-11-08,black-shoes-1762590575.png,public
Black Shoes,Shoes,shoes,,,black,gray,,,all-season,AI-detected Shoes processed on 2025-11-08,black-shoes-1762590700.png,public
Black Shoes,Shoes,shoes,,,black,gray,,,all-season,AI-detected Shoes processed on 2025-11-08,black-shoes-1762590738.png,public
Black Shoes,Shoes,shoes,,,black,gray,,,all-season,AI-detected Shoes processed on 2025-11-08,black-shoes-1762590753.png,public
Black Shoes,Shoes,shoes,,,black,gray,,,all-season,AI-detected Shoes processed on 2025-11-08,black-shoes-1762590846.png,public
Black Shoes,Shoes,shoes,,,black,gray,,,all-season,AI-detected Shoes processed on 2025-11-08,black-shoes-1762591001.png,public
Black Shoes,Shoes,shoes,,,black,gray,,,all-season,AI-detected Shoes processed on 2025-11-08,black-shoes-1762591290.png,public
Black Shoes,Shoes,shoes,,,black,gray,,,all-season,AI-detected Shoes processed on 2025-11-08,black-shoes-1762591617.png,public
Black Shoes,Shoes,shoes,,,black,gray,,,all-season,AI-detected Shoes processed on 2025-11-08,black-shoes-1762592137.png,public
Black Shoes,Shoes,shoes,,,black,gray,,,all-season,AI-detected Shoes processed on 2025-11-08,black-shoes-1762592176.png,public
Black Shoes,Shoes,shoes,,,black,gray,,,all-season,AI-detected Shoes processed on 2025-11-08,black-shoes-1762592283.png,public
Black Shoes,Shoes,shoes,,,black,gray,,,all-season,AI-detected Shoes processed on 2025-11-08,black-shoes-1762592366.png,public
Black Shoes,Shoes,shoes,,,black,gray,,,all-season,AI-detected Shoes processed on 2025-11-08,black-shoes-1762592473.png,public
Black Shoes,Shoes,shoes,,,black,gray,,,all-season,AI-detected Shoes processed on 2025-11-08,black-shoes-1762592508.png,public
Black Shoes,Shoes,shoes,,,black,gray,,,all-season,AI-detected Shoes processed on 2025-11-08,black-shoes-1762592697.png,public
Black Shoes,Shoes,shoes,,,black,gray,,,all-season,AI-detected Shoes processed on 2025-11-08,black-shoes-1762592868.png,public
Black Shoes,Shoes,shoes,,,black,gray,,,all-season,AI-detected Shoes processed on 2025-11-08,black-shoes-1762592934.png,public
Black Shoes,Shoes,shoes,,,black,gray,,,all-season,AI-detected Shoes processed on 2025-11-08,black-shoes-1762592970.png,public
Black Shoes,Shoes,shoes,,,black,gray,,,all-season,AI-detected Shoes processed on 2025-11-08,black-shoes-1762592978.png,public
Black Shoes,Shoes,shoes,,,black,gray,,,all-season,AI-detected Shoes processed on 2025-11-08,black-shoes-1762593035.png,public
Black Shoes,Shoes,shoes,,,black,gray,,,all-season,AI-detected Shoes processed on 2025-11-08,black-shoes-1762593198.png,public
Black Shoes,Shoes,shoes,,,black,gray,,,all-season,AI-detected Shoes processed on 2025-11-08,black-shoes-1762593482.png,public
Black Shoes,Shoes,shoes,,,black,gray,,,all-season,AI-detected Shoes processed on 2025-11-08,black-shoes-1762593501.png,public
Black Shoes,Shoes,shoes,,,black,gray,,,all-season,AI-detected Shoes processed on 2025-11-08,black-shoes-1762593558.png,public
Black Shoes,Shoes,shoes,,,black,gray,,,all-season,AI-detected Shoes processed on 2025-11-08,black-shoes-1762593798.png,public
Black Shoes,Shoes,shoes,,,black,gray,,,all-season,AI-detected Shoes processed on 2025-11-08,black-shoes-1762593822.png,public
Black Shoes,Shoes,shoes,,,black,gray,,,all-season,AI-detected Shoes processed on 2025-11-08,black-shoes-1762594097.png,public
Black Shoes,Shoes,shoes,,,black,gray,,,all-season,AI-detected Shoes processed on 2025-11-08,black-shoes-1762594283.png,public
Black Shoes,Shoes,shoes,,,black,gray,,,all-season,AI-detected Shoes processed on 2025-11-08,black-shoes-1762594543.png,public
Black Shoes,Shoes,shoes,,,black,gray,,,all-season,AI-detected Shoes processed on 2025-11-08,black-shoes-1762594570.png,public
Black Shoes,Shoes,shoes,,,black,gray,,,all-season,AI-detected Shoes processed on 2025-11-08,black-shoes-1762594800.png,public
Black Shoes,Shoes,shoes,,,black,gray,,,all-season,AI-detected Shoes processed on 2025-11-08,black-shoes-1762594917.png,public
Black Shoes,Shoes,shoes,,,black,gray,,,all-season,AI-detected Shoes processed on 2025-11-08,black-shoes-1762595084.png,public
Black Shoes,Shoes,shoes,,,black,gray,,,all-season,AI-detected Shoes processed on 2025-11-08,black-shoes-1762595225.png,public
Black Shoes,Shoes,shoes,,,black,gray,,,all-season,AI-detected Shoes processed on 2025-11-08,black-shoes-1762595232.png,public
Black Shoes,Shoes,shoes,,,black,gray,,,all-season,AI-detected Shoes processed on 2025-11-08,black-shoes-1762595335.png,public
Black Shoes,Shoes,shoes,,,black,gray,,,all-season,AI-detected Shoes processed on 2025-11-08,black-shoes-1762595371.png,public
Black Shoes,Shoes,shoes,,,black,gray,,,all-season,AI-detected Shoes processed on 2025-11-08,black-shoes-1762595504.png,public
Black Shoes,Shoes,shoes,,,black,gray,,,all-season,AI-detected Shoes processed on 2025-11-08,black-shoes-1762595535.png,public
Black Shoes,Shoes,shoes,,,black,gray,,,all-season,AI-detected Shoes processed on 2025-11-08,black-shoes-1762595817.png,public
Black Shoes,Shoes,shoes,,,black,gray,,,all-season,AI-detected Shoes processed on 2025-11-08,black-shoes-1762596038.png,public
Black Shoes,Shoes,shoes,,,black,gray,,,all-season,AI-detected Shoes processed on 2025-11-08,black-shoes-1762596091.png,public
Black Shoes,Shoes,shoes,,,black,gray,,,all-season,AI-detected Shoes processed on 2025-11-08,black-shoes-1762596183.png,public
Black Shoes,Shoes,shoes,,,black,gray,,,all-season,AI-detected Shoes processed on 2025-11-08,black-shoes-1762596331.png,public
Black Shoes,Shoes,shoes,,,black,gray,,,all-season,AI-detected Shoes processed on 2025-11-08,black-shoes-1762596391.png,public
Black Shoes,Shoes,shoes,,,black,gray,,,all-season,AI-detected Shoes processed on 2025-11-08,black-shoes-1762596529.png,public
Black Shoes,Shoes,shoes,,,black,gray,,,all-season,AI-detected Shoes processed on 2025-11-08,black-shoes-1762596653.png,public
Black Shoes,Shoes,shoes,,,black,gray,,,all-season,AI-detected Shoes processed on 2025-11-08,black-shoes-1762597174.png,public
Black Shoes,Shoes,shoes,,,black,gray,,,all-season,AI-detected Shoes processed on 2025-11-08,black-shoes-1762597383.png,public
Black Shoes,Shoes,shoes,,,black,gray,,,all-season,AI-detected Shoes processed on 2025-11-08,black-shoes-1762597773.png,public
Black Shoes,Shoes,shoes,,,black,gray,,,all-season,AI-detected Shoes processed on 2025-11-08,black-shoes-1762597865.png,public
Black Shoes,Shoes,shoes,,,black,gray,,,all-season,AI-detected Shoes processed on 2025-11-08,black-shoes-1762597877.png,public
Black Shoes,Shoes,shoes,,,black,gray,,,all-season,AI-detected Shoes processed on 2025-11-08,black-shoes-1762598418.png,public
Black Shoes,Shoes,shoes,,,black,gray,,,all-season,AI-detected Shoes processed on 2025-11-08,black-shoes-1762598850.png,public
Black Shoes,Shoes,shoes,,,black,gray,,,all-season,AI-detected Shoes processed on 2025-11-08,black-shoes-1762599357.png,public
Black Shoes,Shoes,shoes,,,black,gray,,,all-season,AI-detected Shoes processed on 2025-11-08,black-shoes-1762599931.png,public
Black Shoes,Shoes,shoes,,,black,gray,,,all-season,AI-detected Shoes processed on 2025-11-08,black-shoes-1762600004.png,public
Black Shoes,Shoes,shoes,,,black,gray,,,all-season,AI-detected Shoes processed on 2025-11-08,black-shoes-1762600027.png,public
Black Shoes,Shoes,shoes,,,black,gray,,,all-season,AI-detected Shoes processed on 2025-11-08,black-shoes-1762600199.png,public
Black Shoes,Shoes,shoes,,,black,gray,,,all-season,AI-detected Shoes processed on 2025-11-08,black-shoes-1762600399.png,public
Black Shoes,Shoes,shoes,,,black,gray,,,all-season,AI-detected Shoes processed on 2025-11-08,black-shoes-1762600441.png,public
Black Shoes,Shoes,shoes,,,black,gray,,,all-season,AI-detected Shoes processed on 2025-11-08,black-shoes-1762600713.png,public
Black Shoes,Shoes,shoes,,,black,gray,,,all-season,AI-detected Shoes processed on 2025-11-08,black-shoes-1762600867.png,public
Black Shoes,Shoes,shoes,,,black,gray,,,all-season,AI-detected Shoes processed on 2025-11-08,black-shoes-1762600882.png,public
Black Shoes,Shoes,shoes,,,black,gray,,,all-season,AI-detected Shoes processed on 2025-11-08,black-shoes-1762600886.png,public
Black Shoes,Shoes,shoes,,,black,gray,,,all-season,AI-detected Shoes processed on 2025-11-08,black-shoes-1762601379.png,public
Black Shoes,Shoes,shoes,,,black,gray,,,all-season,AI-detected Shoes processed on 2025-11-08,black-shoes-1762601445.png,public
Black Shoes,Shoes,shoes,,,black,gray,,,all-season,AI-detected Shoes processed on 2025-11-08,black-shoes-1762601716.png,public
Black Shoes,Shoes,shoes,,,black,gray,,,all-season,AI-detected Shoes processed on 2025-11-08,black-shoes-1762601801.png,public
Black Shoes,Shoes,shoes,,,black,gray,,,all-season,AI-detected Shoes processed on 2025-11-08,black-shoes-1762601856.png,public
Black Shoes,Shoes,shoes,,,black,gray,,,all-season,AI-detected Shoes processed on 2025-11-08,black-shoes-1762601991.png,public
Black Shoes,Shoes,shoes,,,black,gray,,,all-season,AI-detected Shoes processed on 2025-11-08,black-shoes-1762602784.png,public
Black Shoes,Shoes,shoes,,,black,gray,,,all-season,AI-detected Shoes processed on 2025-11-08,black-shoes-1762602957.png,public
Black Shoes,Shoes,shoes,,,black,gray,,,all-season,AI-detected Shoes processed on 2025-11-08,black-shoes-1762603184.png,public
Black Shoes,Shoes,shoes,,,black,gray,,,all-season,AI-detected Shoes processed on 2025-11-08,black-shoes-1762603250.png,public
Black Shoes,Shoes,shoes,,,black,gray,,,all-season,AI-detected Shoes processed on 2025-11-08,black-shoes-1762603284.png,public
Black Shoes,Shoes,shoes,,,black,gray,,,all-season,AI-detected Shoes processed on 2025-11-08,black-shoes-1762603379.png,public
Black Shoes,Shoes,shoes,,,black,gray,,,all-season,AI-detected Shoes processed on 2025-11-08,black-shoes-1762603501.png,public
Black Shoes,Shoes,shoes,,,black,gray,,,all-season,AI-detected Shoes processed on 2025-11-08,black-shoes-1762603688.png,public
Black Shoes,Shoes,shoes,,,black,gray,,,all-season,AI-detected Shoes processed on 2025-11-08,black-shoes-1762603702.png,public
Black Shoes,Shoes,shoes,,,black,gray,,,all-season,AI-detected Shoes processed on 2025-11-08,black-shoes-1762604365.png,public
Black Shoes,Shoes,shoes,,,black,gray,,,all-season,AI-detected Shoes processed on 2025-11-08,black-shoes-1762604671.png,public
Black Shoes,Shoes,shoes,,,black,gray,,,all-season,AI-detected Shoes processed on 2025-11-08,black-shoes-1762604737.png,public
Black Shoes,Shoes,shoes,,,black,gray,,,all-season,AI-detected Shoes processed on 2025-11-08,black-shoes-1762604789.png,public
Black Shoes,Shoes,shoes,,,black,gray,,,all-season,AI-detected Shoes processed on 2025-11-08,black-shoes-1762604827.png,public
Black Shoes,Shoes,shoes,,,black,gray,,,all-season,AI-detected Shoes processed on 2025-11-08,black-shoes-1762605115.png,public
Black Shoes,Shoes,shoes,,,black,gray,,,all-season,AI-detected Shoes processed on 2025-11-08,black-shoes-1762605300.png,public
Black Shoes,Shoes,shoes,,,black,gray,,,all-season,AI-detected Shoes processed on 2025-11-08,black-shoes-1762605383.png,public
Black Shoes,Shoes,shoes,,,black,gray,,,all-season,AI-detected Shoes processed on 2025-11-08,black-shoes-1762605386.png,public
Black Shoes,Shoes,shoes,,,black,gray,,,all-season,AI-detected Shoes processed on 2025-11-08,black-shoes-1762606182.png,public
Black Shoes,Shoes,shoes,,,black,gray,,,all-season,AI-detected Shoes processed on 2025-11-08,black-shoes-1762606332.png,public
Black Shoes,Shoes,shoes,,,black,gray,,,all-season,AI-detected Shoes processed on 2025-11-08,black-shoes-1762606520.png,public
Black Shoes,Shoes,shoes,,,black,gray,,,all-season,AI-detected Shoes processed on 2025-11-08,black-shoes-1762606524.png,public
Black Shoes,Shoes,shoes,,,black,gray,,,all-season,AI-detected Shoes processed on 2025-11-08,black-shoes-1762606541.png,public
Black Shoes,Shoes,shoes,,,black,gray,,,all-season,AI-detected Shoes processed on 2025-11-08,black-shoes-1762606548.png,public
Black Shoes,Shoes,shoes,,,black,gray,,,all-season,AI-detected Shoes processed on 2025-11-08,black-shoes-1762606650.png,public
Black Shoes,Shoes,shoes,,,black,gray,,,all-season,AI-detected Shoes processed on 2025-11-08,black-shoes-1762606969.png,public
Black Shoes,Shoes,shoes,,,black,gray,,,all-season,AI-detected Shoes processed on 2025-11-08,black-shoes-1762606985.png,public
Black Shoes,Shoes,shoes,,,black,gray,,,all-season,AI-detected Shoes processed on 2025-11-08,black-shoes-1762607116.png,public
Black Shoes,Shoes,shoes,,,black,gray,,,all-season,AI-detected Shoes processed on 2025-11-08,black-shoes-1762607243.png,public
Black Shoes,Shoes,shoes,,,black,gray|beige,,,all-season,AI-detected Shoes processed on 2025-11-08,black-shoes-1762569825.png,public
Black Shoes,Shoes,shoes,,,black,gray|beige,,,all-season,AI-detected Shoes processed on 2025-11-08,black-shoes-1762570516.png,public
Black Shoes,Shoes,shoes,,,black,gray|beige,,,all-season,AI-detected Shoes processed on 2025-11-08,black-shoes-1762570570.png,public
Black Shoes,Shoes,shoes,,,black,gray|beige,,,all-season,AI-detected Shoes processed on 2025-11-08,black-shoes-1762571338.png,public
Black Shoes,Shoes,shoes,,,black,gray|beige,,,all-season,AI-detected Shoes processed on 2025-11-08,black-shoes-1762571801.png,public
Black Shoes,Shoes,shoes,,,black,gray|beige,,,all-season,AI-detected Shoes processed on 2025-11-08,black-shoes-1762572695.png,public
Black Shoes,Shoes,shoes,,,black,gray|beige,,,all-season,AI-detected Shoes processed on 2025-11-08,black-shoes-1762573074.png,public
Black Shoes,Shoes,shoes,,,black,gray|beige,,,all-season,AI-detected Shoes processed on 2025-11-08,black-shoes-1762574358.png,public
Black Shoes,Shoes,shoes,,,black,gray|beige,,,all-season,AI-detected Shoes processed on 2025-11-08,black-shoes-1762574548.png,public
Black Shoes,Shoes,shoes,,,black,gray|beige,,,all-season,AI-detected Shoes processed on 2025-11-08,black-shoes-1762574735.png,public
Black Shoes,Shoes,shoes,,,black,gray|beige,,,all-season,AI-detected Shoes processed on 2025-11-08,black-shoes-1762575088.png,public
Black Shoes,Shoes,shoes,,,black,gray|beige,,,all-season,AI-detected Shoes processed on 2025-11-08,black-shoes-1762575149.png,public
Black Shoes,Shoes,shoes,,,black,gray|beige,,,all-season,AI-detected Shoes processed on 2025-11-08,black-shoes-1762575232.png,public
Black Shoes,Shoes,shoes,,,black,gray|beige,,,all-season,AI-detected Shoes processed on 2025-11-08,black-shoes-1762575428.png,public
Black Shoes,Shoes,shoes,,,black,gray|beige,,,all-season,AI-detected Shoes processed on 2025-11-08,black-shoes-1762575629.png,public
Black Shoes,Shoes,shoes,,,black,gray|beige,,,all-season,AI-detected Shoes processed on 2025-11-08,black-shoes-1762580169.png,public
Black Shoes,Shoes,shoes,,,black,gray|beige,,,all-season,AI-detected Shoes processed on 2025-11-08,black-shoes-1762581455.png,public
Black Shoes,Shoes,shoes,,,black,gray|beige,,,all-season,AI-detected Shoes processed on 2025-11-08,black-shoes-1762581489.png,public
Black Shoes,Shoes,shoes,,,black,gray|beige,,,all-season,AI-detected Shoes processed on 2025-11-08,black-shoes-1762581575.png,public
Black Shoes,Shoes,shoes,,,black,gray|beige,,,all-season,AI-detected Shoes processed on 2025-11-08,black-shoes-1762583381.png,public
Black Shoes,Shoes,shoes,,,black,gray|beige,,,all-season,AI-detected Shoes processed on 2025-11-08,black-shoes-1762584917.png,public
Black Shoes,Shoes,shoes,,,black,gray|beige,,,all-season,AI-detected Shoes processed on 2025-11-08,black-shoes-1762590117.png,public
Black Shoes,Shoes,shoes,,,black,gray|beige,,,all-season,AI-detected Shoes processed on 2025-11-08,black-shoes-1762591931.png,public
Black Shoes,Shoes,shoes,,,black,gray|beige,,,all-season,AI-detected Shoes processed on 2025-11-08,black-shoes-1762592431.png,public
Black Shoes,Shoes,shoes,,,black,gray|beige,,,all-season,AI-detected Shoes processed on 2025-11-08,black-shoes-1762592799.png,public
Black Shoes,Shoes,shoes,,,black,gray|beige,,,all-season,AI-detected Shoes processed on 2025-11-08,black-shoes-1762593537.png,public
Black Shoes,Shoes,shoes,,,black,gray|beige,,,all-season,AI-detected Shoes processed on 2025-11-08,black-shoes-1762593640.png,public
Black Shoes,Shoes,shoes,,,black,gray|beige,,,all-season,AI-detected Shoes processed on 2025-11-08,black-shoes-1762594202.png,public
Black Shoes,Shoes,shoes,,,black,gray|beige,,,all-season,AI-detected Shoes processed on 2025-11-08,black-shoes-1762595552.png,public
Black Shoes,Shoes,shoes,,,black,gray|beige,,,all-season,AI-detected Shoes processed on 2025-11-08,black-shoes-1762595956.png,public
Black Shoes,Shoes,shoes,,,black,gray|beige,,,all-season,AI-detected Shoes processed on 2025-11-08,black-shoes-1762597454.png,public
Black Shoes,Shoes,shoes,,,black,gray|beige,,,all-season,AI-detected Shoes processed on 2025-11-08,black-shoes-1762598879.png,public
Black Shoes,Shoes,shoes,,,black,gray|beige,,,all-season,AI-detected Shoes processed on 2025-11-08,black-shoes-1762599473.png,public
Black Shoes,Shoes,shoes,,,black,gray|beige,,,all-season,AI-detected Shoes processed on 2025-11-08,black-shoes-1762599708.png,public
Black Shoes,Shoes,shoes,,,black,gray|beige,,,all-season,AI-detected Shoes processed on 2025-11-08,black-shoes-1762601351.png,public
Black Shoes,Shoes,shoes,,,black,gray|beige,,,all-season,AI-detected Shoes processed on 2025-11-08,black-shoes-1762601995.png,public
Black Shoes,Shoes,shoes,,,black,gray|beige,,,all-season,AI-detected Shoes processed on 2025-11-08,black-shoes-1762602626.png,public
Black Shoes,Shoes,shoes,,,black,gray|beige,,,all-season,AI-detected Shoes processed on 2025-11-08,black-shoes-1762603692.png,public
Black Shoes,Shoes,shoes,,,black,gray|beige,,,all-season,AI-detected Shoes processed on 2025-11-08,black-shoes-1762604971.png,public
Black Shoes,Shoes,shoes,,,black,gray|beige,,,all-season,AI-detected Shoes processed on 2025-11-08,black-shoes-1762606352.png,public
Black Shoes,Shoes,shoes,,,black,gray|beige,,,all-season,AI-detected Shoes processed on 2025-11-08,black-shoes-1762607163.png,public
Black Shoes,Shoes,shoes,,,black,gray|brown,,,all-season,AI-detected Shoes processed on 2025-11-08,black-shoes-1762569127.png,public
Black Shoes,Shoes,shoes,,,black,gray|brown,,,all-season,AI-detected Shoes processed on 2025-11-08,black-shoes-1762569526.png,public
Black Shoes,Shoes,shoes,,,black,gray|brown,,,all-season,AI-detected Shoes processed on 2025-11-08,black-shoes-1762569658.png,public
Black Shoes,Shoes,shoes,,,black,gray|brown,,,all-season,AI-detected Shoes processed on 2025-11-08,black-shoes-1762569722.png,public
Black Shoes,Shoes,shoes,,,black,gray|brown,,,all-season,AI-detected Shoes processed on 2025-11-08,black-shoes-1762569742.png,public
Black Shoes,Shoes,shoes,,,black,gray|brown,,,all-season,AI-detected Shoes processed on 2025-11-08,black-shoes-1762571585.png,public
Black Shoes,Shoes,shoes,,,black,gray|brown,,,all-season,AI-detected Shoes processed on 2025-11-08,black-shoes-1762571603.png,public
Black Shoes,Shoes,shoes,,,black,gray|brown,,,all-season,AI-detected Shoes processed on 2025-11-08,black-shoes-1762572489.png,public
Black Shoes,Shoes,shoes,,,black,gray|brown,,,all-season,AI-detected Shoes processed on 2025-11-08,black-shoes-1762572533.png,public
Black Shoes,Shoes,shoes,,,black,gray|brown,,,all-season,AI-detected Shoes processed on 2025-11-08,black-shoes-1762573249.png,public
Black Shoes,Shoes,shoes,,,black,gray|brown,,,all-season,AI-detected Shoes processed on 2025-11-08,black-shoes-1762574344.png,public
Black Shoes,Shoes,shoes,,,black,gray|brown,,,all-season,AI-detected Shoes processed on 2025-11-08,black-shoes-1762574471.png,public
Black Shoes,Shoes,shoes,,,black,gray|brown,,,all-season,AI-detected Shoes processed on 2025-11-08,black-shoes-1762575285.png,public
Black Shoes,Shoes,shoes,,,black,gray|brown,,,all-season,AI-detected Shoes processed on 2025-11-08,black-shoes-1762576591.png,public
Black Shoes,Shoes,shoes,,,black,gray|brown,,,all-season,AI-detected Shoes processed on 2025-11-08,black-shoes-1762578344.png,public
Black Shoes,Shoes,shoes,,,black,gray|brown,,,all-season,AI-detected Shoes processed on 2025-11-08,black-shoes-1762580055.png,public
Black Shoes,Shoes,shoes,,,black,gray|brown,,,all-season,AI-detected Shoes processed on 2025-11-08,black-shoes-1762580290.png,public
Black Shoes,Shoes,shoes,,,black,gray|brown,,,all-season,AI-detected Shoes processed on 2025-11-08,black-shoes-1762580453.png,public
Black Shoes,Shoes,shoes,,,black,gray|brown,,,all-season,AI-detected Shoes processed on 2025-11-08,black-shoes-1762580630.png,public
Black Shoes,Shoes,shoes,,,black,gray|brown,,,all-season,AI-detected Shoes processed on 2025-11-08,black-shoes-1762580656.png,public
Black Shoes,Shoes,shoes,,,black,gray|brown,,,all-season,AI-detected Shoes processed on 2025-11-08,black-shoes-1762580744.png,public
Black Shoes,Shoes,shoes,,,black,gray|brown,,,all-season,AI-detected Shoes processed on 2025-11-08,black-shoes-1762582397.png,public
Black Shoes,Shoes,shoes,,,black,gray|brown,,,all-season,AI-detected Shoes processed on 2025-11-08,black-shoes-1762583795.png,public
Black Shoes,Shoes,shoes,,,black,gray|brown,,,all-season,AI-detected Shoes processed on 2025-11-08,black-shoes-1762584148.png,public
Black Shoes,Shoes,shoes,,,black,gray|brown,,,all-season,AI-detected Shoes processed on 2025-11-08,black-shoes-1762584606.png,public
Black Shoes,Shoes,shoes,,,black,gray|brown,,,all-season,AI-detected Shoes processed on 2025-11-08,black-shoes-1762585101.png,public
Black Shoes,Shoes,shoes,,,black,gray|brown,,,all-season,AI-detected Shoes processed on 2025-11-08,black-shoes-1762586467.png,public
Black Shoes,Shoes,shoes,,,black,gray|brown,,,all-season,AI-detected Shoes processed on 2025-11-08,black-shoes-1762587128.png,public
Black Shoes,Shoes,shoes,,,black,gray|brown,,,all-season,AI-detected Shoes processed on 2025-11-08,black-shoes-1762587659.png,public
Black Shoes,Shoes,shoes,,,black,gray|brown,,,all-season,AI-detected Shoes processed on 2025-11-08,black-shoes-1762589014.png,public
Black Shoes,Shoes,shoes,,,black,gray|brown,,,all-season,AI-detected Shoes processed on 2025-11-08,black-shoes-1762592198.png,public
Black Shoes,Shoes,shoes,,,black,gray|brown,,,all-season,AI-detected Shoes processed on 2025-11-08,black-shoes-1762593112.png,public
Black Shoes,Shoes,shoes,,,black,gray|brown,,,all-season,AI-detected Shoes processed on 2025-11-08,black-shoes-1762593899.png,public
Black Shoes,Shoes,shoes,,,black,gray|brown,,,all-season,AI-detected Shoes processed on 2025-11-08,black-shoes-1762594412.png,public
Black Shoes,Shoes,shoes,,,black,gray|brown,,,all-season,AI-detected Shoes processed on 2025-11-08,black-shoes-1762595566.png,public
Black Shoes,Shoes,shoes,,,black,gray|brown,,,all-season,AI-detected Shoes processed on 2025-11-08,black-shoes-1762595945.png,public
Black Shoes,Shoes,shoes,,,black,gray|brown,,,all-season,AI-detected Shoes processed on 2025-11-08,black-shoes-1762596206.png,public
Black Shoes,Shoes,shoes,,,black,gray|brown,,,all-season,AI-detected Shoes processed on 2025-11-08,black-shoes-1762597639.png,public
Black Shoes,Shoes,shoes,,,black,gray|brown,,,all-season,AI-detected Shoes processed on 2025-11-08,black-shoes-1762597718.png,public
Black Shoes,Shoes,shoes,,,black,gray|brown,,,all-season,AI-detected Shoes processed on 2025-11-08,black-shoes-1762598926.png,public
Black Shoes,Shoes,shoes,,,black,gray|brown,,,all-season,AI-detected Shoes processed on 2025-11-08,black-shoes-1762600545.png,public
Black Shoes,Shoes,shoes,,,black,gray|brown,,,all-season,AI-detected Shoes processed on 2025-11-08,black-shoes-1762602304.png,public
Black Shoes,Shoes,shoes,,,black,gray|brown,,,all-season,AI-detected Shoes processed on 2025-11-08,black-shoes-1762602416.png,public
Black Shoes,Shoes,shoes,,,black,gray|brown,,,all-season,AI-detected Shoes processed on 2025-11-08,black-shoes-1762602742.png,public
Black Shoes,Shoes,shoes,,,black,gray|brown,,,all-season,AI-detected Shoes processed on 2025-11-08,black-shoes-1762603574.png,public
Black Shoes,Shoes,shoes,,,black,gray|brown,,,all-season,AI-detected Shoes processed on 2025-11-08,black-shoes-1762603749.png,public
Black Shoes,Shoes,shoes,,,black,gray|brown,,,all-season,AI-detected Shoes processed on 2025-11-08,black-shoes-1762605667.png,public
Black Shoes,Shoes,shoes,,,black,gray|brown,,,all-season,AI-detected Shoes processed on 2025-11-08,black-shoes-1762606110.png,public
Black Shoes,Shoes,shoes,,,black,gray|brown,,,all-season,AI-detected Shoes processed on 2025-11-08,black-shoes-1762606478.png,public
Black Shoes,Shoes,shoes,,,black,gray|brown,,,all-season,AI-detected Shoes processed on 2025-11-08,black-shoes-1762606798.png,public
Black Shoes,Shoes,shoes,,,black,gray|brown,,,all-season,AI-detected Shoes processed on 2025-11-08,black-shoes-1762606930.png,public
Black Shoes,Shoes,shoes,,,black,gray|brown,,,all-season,AI-detected Shoes processed on 2025-11-08,black-shoes-1762606934.png,public
Black Shoes,Shoes,shoes,,,black,gray|maroon,,,all-season,AI-detected Shoes processed on 2025-11-08,black-shoes-1762568995.png,public
Black Shoes,Shoes,shoes,,,black,gray|maroon,,,all-season,AI-detected Shoes processed on 2025-11-08,black-shoes-1762569309.png,public
Black Shoes,Shoes,shoes,,,black,gray|maroon,,,all-season,AI-detected Shoes processed on 2025-11-08,black-shoes-1762574847.png,public
Black Shoes,Shoes,shoes,,,black,gray|maroon,,,all-season,AI-detected Shoes processed on 2025-11-08,black-shoes-1762580466.png,public
Black Shoes,Shoes,shoes,,,black,gray|maroon,,,all-season,AI-detected Shoes processed on 2025-11-08,black-shoes-1762581657.png,public
Black Shoes,Shoes,shoes,,,black,gray|maroon,,,all-season,AI-detected Shoes processed on 2025-11-08,black-shoes-1762585959.png,public
Black Shoes,Shoes,shoes,,,black,gray|maroon,,,all-season,AI-detected Shoes processed on 2025-11-08,black-shoes-1762587385.png,public
Black Shoes,Shoes,shoes,,,black,gray|maroon,,,all-season,AI-detected Shoes processed on 2025-11-08,black-shoes-1762589411.png,public
Black Shoes,Shoes,shoes,,,black,gray|maroon,,,all-season,AI-detected Shoes processed on 2025-11-08,black-shoes-1762592387.png,public
Black Shoes,Shoes,shoes,,,black,gray|maroon,,,all-season,AI-detected Shoes processed on 2025-11-08,black-shoes-1762593677.png,public
Black Shoes,Shoes,shoes,,,black,gray|maroon,,,all-season,AI-detected Shoes processed on 2025-11-08,black-shoes-1762597789.png,public
Black Shoes,Shoes,shoes,,,black,gray|maroon,,,all-season,AI-detected Shoes processed on 2025-11-08,black-shoes-1762598349.png,public
Black Shoes,Shoes,shoes,,,black,gray|maroon,,,all-season,AI-detected Shoes processed on 2025-11-08,black-shoes-1762601463.png,public
Black Shoes,Shoes,shoes,,,black,gray|navy,,,all-season,AI-detected Shoes processed on 2025-11-08,black-shoes-1762569952.png,public
Black Shoes,Shoes,shoes,,,black,gray|navy,,,all-season,AI-detected Shoes processed on 2025-11-08,black-shoes-1762602166.png,public
Black Shoes,Shoes,shoes,,,black,gray|navy,,,all-season,AI-detected Shoes processed on 2025-11-08,black-shoes-1762604700.png,public
Black Shoes,Shoes,shoes,,,black,gray|orange,,,all-season,AI-detected Shoes processed on 2025-11-08,black-shoes-1762582310.png,public
Black Shoes,Shoes,shoes,,,black,gray|orange,,,all-season,AI-detected Shoes processed on 2025-11-08,black-shoes-1762582453.png,public
Black Shoes,Shoes,shoes,,,black,gray|orange,,,all-season,AI-detected Shoes processed on 2025-11-08,black-shoes-1762598182.png,public
Black Shoes,Shoes,shoes,,,black,gray|pink,,,all-season,AI-detected Shoes processed on 2025-11-08,black-shoes-1762568482.png,public
Black Shoes,Shoes,shoes,,,black,gray|pink,,,all-season,AI-detected Shoes processed on 2025-11-08,black-shoes-1762568498.png,public
Black Shoes,Shoes,shoes,,,black,gray|pink,,,all-season,AI-detected Shoes processed on 2025-11-08,black-shoes-1762569357.png,public
Black Shoes,Shoes,shoes,,,black,gray|pink,,,all-season,AI-detected Shoes processed on 2025-11-08,black-shoes-1762569685.png,public
Black Shoes,Shoes,shoes,,,black,gray|pink,,,all-season,AI-detected Shoes processed on 2025-11-08,black-shoes-1762570167.png,public
Black Shoes,Shoes,shoes,,,black,gray|pink,,,all-season,AI-detected Shoes processed on 2025-11-08,black-shoes-1762570195.png,public
Black Shoes,Shoes,shoes,,,black,gray|pink,,,all-season,AI-detected Shoes processed on 2025-11-08,black-shoes-1762570312.png,public
Black Shoes,Shoes,shoes,,,black,gray|pink,,,all-season,AI-detected Shoes processed on 2025-11-08,black-shoes-1762570489.png,public
Black Shoes,Shoes,shoes,,,black,gray|pink,,,all-season,AI-detected Shoes processed on 2025-11-08,black-shoes-1762570634.png,public
Black Shoes,Shoes,shoes,,,black,gray|pink,,,all-season,AI-detected Shoes processed on 2025-11-08,black-shoes-1762570909.png,public
Black Shoes,Shoes,shoes,,,black,gray|pink,,,all-season,AI-detected Shoes processed on 2025-11-08,black-shoes-1762571193.png,public
Black Shoes,Shoes,shoes,,,black,gray|pink,,,all-season,AI-detected Shoes processed on 2025-11-08,black-shoes-1762571493.png,public
Black Shoes,Shoes,shoes,,,black,gray|pink,,,all-season,AI-detected Shoes processed on 2025-11-08,black-shoes-1762572565.png,public
Black Shoes,Shoes,shoes,,,black,gray|pink,,,all-season,AI-detected Shoes processed on 2025-11-08,black-shoes-1762573997.png,public
Black Shoes,Shoes,shoes,,,black,gray|pink,,,all-season,AI-detected Shoes processed on 2025-11-08,black-shoes-1762574200.png,public
Black Shoes,Shoes,shoes,,,black,gray|pink,,,all-season,AI-detected Shoes processed on 2025-11-08,black-shoes-1762574433.png,public
Black Shoes,Shoes,shoes,,,black,gray|pink,,,all-season,AI-detected Shoes processed on 2025-11-08,black-shoes-1762574863.png,public
Black Shoes,Shoes,shoes,,,black,gray|pink,,,all-season,AI-detected Shoes processed on 2025-11-08,black-shoes-1762574872.png,public
Black Shoes,Shoes,shoes,,,black,gray|pink,,,all-season,AI-detected Shoes processed on 2025-11-08,black-shoes-1762574910.png,public
Black Shoes,Shoes,shoes,,,black,gray|pink,,,all-season,AI-detected Shoes processed on 2025-11-08,black-shoes-1762575186.png,public
Black Shoes,Shoes,shoes,,,black,gray|pink,,,all-season,AI-detected Shoes processed on 2025-11-08,black-shoes-1762575218.png,public
Black Shoes,Shoes,shoes,,,black,gray|pink,,,all-season,AI-detected Shoes processed on 2025-11-08,black-shoes-1762575261.png,public
Black Shoes,Shoes,shoes,,,black,gray|pink,,,all-season,AI-detected Shoes processed on 2025-11-08,black-shoes-1762576152.png,public
Black Shoes,Shoes,shoes,,,black,gray|pink,,,all-season,AI-detected Shoes processed on 2025-11-08,black-shoes-1762576654.png,public
Black Shoes,Shoes,shoes,,,black,gray|pink,,,all-season,AI-detected Shoes processed on 2025-11-08,black-shoes-1762576727.png,public
Black Shoes,Shoes,shoes,,,black,gray|pink,,,all-season,AI-detected Shoes processed on 2025-11-08,black-shoes-1762577075.png,public
Black Shoes,Shoes,shoes,,,black,gray|pink,,,all-season,AI-detected Shoes processed on 2025-11-08,black-shoes-1762577343.png,public
Black Shoes,Shoes,shoes,,,black,gray|pink,,,all-season,AI-detected Shoes processed on 2025-11-08,black-shoes-1762577521.png,public
Black Shoes,Shoes,shoes,,,black,gray|pink,,,all-season,AI-detected Shoes processed on 2025-11-08,black-shoes-1762577820.png,public
Black Shoes,Shoes,shoes,,,black,gray|pink,,,all-season,AI-detected Shoes processed on 2025-11-08,black-shoes-1762578166.png,public
Black Shoes,Shoes,shoes,,,black,gray|pink,,,all-season,AI-detected Shoes processed on 2025-11-08,black-shoes-1762578271.png,public
Black Shoes,Shoes,shoes,,,black,gray|pink,,,all-season,AI-detected Shoes processed on 2025-11-08,black-shoes-1762578845.png,public
Black Shoes,Shoes,shoes,,,black,gray|pink,,,all-season,AI-detected Shoes processed on 2025-11-08,black-shoes-1762579016.png,public
Black Shoes,Shoes,shoes,,,black,gray|pink,,,all-season,AI-detected Shoes processed on 2025-11-08,black-shoes-1762579359.png,public
Black Shoes,Shoes,shoes,,,black,gray|pink,,,all-season,AI-detected Shoes processed on 2025-11-08,black-shoes-1762580124.png,public
Black Shoes,Shoes,shoes,,,black,gray|pink,,,all-season,AI-detected Shoes processed on 2025-11-08,black-shoes-1762580254.png,public
Black Shoes,Shoes,shoes,,,black,gray|pink,,,all-season,AI-detected Shoes processed on 2025-11-08,black-shoes-1762580624.png,public
Black Shoes,Shoes,shoes,,,black,gray|pink,,,all-season,AI-detected Shoes processed on 2025-11-08,black-shoes-1762580866.png,public
Black Shoes,Shoes,shoes,,,black,gray|pink,,,all-season,AI-detected Shoes processed on 2025-11-08,black-shoes-1762581385.png,public
Black Shoes,Shoes,shoes,,,black,gray|pink,,,all-season,AI-detected Shoes processed on 2025-11-08,black-shoes-1762581820.png,public
Black Shoes,Shoes,shoes,,,black,gray|pink,,,all-season,AI-detected Shoes processed on 2025-11-08,black-shoes-1762582023.png,public
Black Shoes,Shoes,shoes,,,black,gray|pink,,,all-season,AI-detected Shoes processed on 2025-11-08,black-shoes-1762582103.png,public
Black Shoes,Shoes,shoes,,,black,gray|pink,,,all-season,AI-detected Shoes processed on 2025-11-08,black-shoes-1762582164.png,public
Black Shoes,Shoes,shoes,,,black,gray|pink,,,all-season,AI-detected Shoes processed on 2025-11-08,black-shoes-1762582193.png,public
Black Shoes,Shoes,shoes,,,black,gray|pink,,,all-season,AI-detected Shoes processed on 2025-11-08,black-shoes-1762582560.png,public
Black Shoes,Shoes,shoes,,,black,gray|pink,,,all-season,AI-detected Shoes processed on 2025-11-08,black-shoes-1762582587.png,public
Black Shoes,Shoes,shoes,,,black,gray|pink,,,all-season,AI-detected Shoes processed on 2025-11-08,black-shoes-1762583236.png,public
Black Shoes,Shoes,shoes,,,black,gray|pink,,,all-season,AI-detected Shoes processed on 2025-11-08,black-shoes-1762583551.png,public
Black Shoes,Shoes,shoes,,,black,gray|pink,,,all-season,AI-detected Shoes processed on 2025-11-08,black-shoes-1762583628.png,public
Black Shoes,Shoes,shoes,,,black,gray|pink,,,all-season,AI-detected Shoes processed on 2025-11-08,black-shoes-1762583720.png,public
Black Shoes,Shoes,shoes,,,black,gray|pink,,,all-season,AI-detected Shoes processed on 2025-11-08,black-shoes-1762583900.png,public
Black Shoes,Shoes,shoes,,,black,gray|pink,,,all-season,AI-detected Shoes processed on 2025-11-08,black-shoes-1762584099.png,public
Black Shoes,Shoes,shoes,,,black,gray|pink,,,all-season,AI-detected Shoes processed on 2025-11-08,black-shoes-1762584580.png,public
Black Shoes,Shoes,shoes,,,black,gray|pink,,,all-season,AI-detected Shoes processed on 2025-11-08,black-shoes-1762584733.png,public
Black Shoes,Shoes,shoes,,,black,gray|pink,,,all-season,AI-detected Shoes processed on 2025-11-08,black-shoes-1762584740.png,public
Black Shoes,Shoes,shoes,,,black,gray|pink,,,all-season,AI-detected Shoes processed on 2025-11-08,black-shoes-1762585289.png,public
Black Shoes,Shoes,shoes,,,black,gray|pink,,,all-season,AI-detected Shoes processed on 2025-11-08,black-shoes-1762585572.png,public
Black Shoes,Shoes,shoes,,,black,gray|pink,,,all-season,AI-detected Shoes processed on 2025-11-08,black-shoes-1762585715.png,public
Black Shoes,Shoes,shoes,,,black,gray|pink,,,all-season,AI-detected Shoes processed on 2025-11-08,black-shoes-1762586074.png,public
Black Shoes,Shoes,shoes,,,black,gray|pink,,,all-season,AI-detected Shoes processed on 2025-11-08,black-shoes-1762586456.png,public
Black Shoes,Shoes,shoes,,,black,gray|pink,,,all-season,AI-detected Shoes processed on 2025-11-08,black-shoes-1762586492.png,public
Black Shoes,Shoes,shoes,,,black,gray|pink,,,all-season,AI-detected Shoes processed on 2025-11-08,black-shoes-1762586987.png,public
Black Shoes,Shoes,shoes,,,black,gray|pink,,,all-season,AI-detected Shoes processed on 2025-11-08,black-shoes-1762587006.png,public
Black Shoes,Shoes,shoes,,,black,gray|pink,,,all-season,AI-detected Shoes processed on 2025-11-08,black-shoes-1762587255.png,public
Black Shoes,Shoes,shoes,,,black,gray|pink,,,all-season,AI-detected Shoes processed on 2025-11-08,black-shoes-1762587289.png,public
Black Shoes,Shoes,shoes,,,black,gray|pink,,,all-season,AI-detected Shoes processed on 2025-11-08,black-shoes-1762587356.png,public
Black Shoes,Shoes,shoes,,,black,gray|pink,,,all-season,AI-detected Shoes processed on 2025-11-08,black-shoes-1762588567.png,public
Black Shoes,Shoes,shoes,,,black,gray|pink,,,all-season,AI-detected Shoes processed on 2025-11-08,black-shoes-1762588713.png,public
Black Shoes,Shoes,shoes,,,black,gray|pink,,,all-season,AI-detected Shoes processed on 2025-11-08,black-shoes-1762589370.png,public
Black Shoes,Shoes,shoes,,,black,gray|pink,,,all-season,AI-detected Shoes processed on 2025-11-08,black-shoes-1762589720.png,public
Black Shoes,Shoes,shoes,,,black,gray|pink,,,all-season,AI-detected Shoes processed on 2025-11-08,black-shoes-1762590058.png,public
Black Shoes,Shoes,shoes,,,black,gray|pink,,,all-season,AI-detected Shoes processed on 2025-11-08,black-shoes-1762590137.png,public
Black Shoes,Shoes,shoes,,,black,gray|pink,,,all-season,AI-detected Shoes processed on 2025-11-08,black-shoes-1762591515.png,public
Black Shoes,Shoes,shoes,,,black,gray|pink,,,all-season,AI-detected Shoes processed on 2025-11-08,black-shoes-1762592652.png,public
Black Shoes,Shoes,shoes,,,black,gray|pink,,,all-season,AI-detected Shoes processed on 2025-11-08,black-shoes-1762593757.png,public
Black Shoes,Shoes,shoes,,,black,gray|pink,,,all-season,AI-detected Shoes processed on 2025-11-08,black-shoes-1762594495.png,public
Black Shoes,Shoes,shoes,,,black,gray|pink,,,all-season,AI-detected Shoes processed on 2025-11-08,black-shoes-1762594654.png,public
Black Shoes,Shoes,shoes,,,black,gray|pink,,,all-season,AI-detected Shoes processed on 2025-11-08,black-shoes-1762594861.png,public
Black Shoes,Shoes,shoes,,,black,gray|pink,,,all-season,AI-detected Shoes processed on 2025-11-08,black-shoes-1762594954.png,public
Black Shoes,Shoes,shoes,,,black,gray|pink,,,all-season,AI-detected Shoes processed on 2025-11-08,black-shoes-1762596374.png,public
Black Shoes,Shoes,shoes,,,black,gray|pink,,,all-season,AI-detected Shoes processed on 2025-11-08,black-shoes-1762596402.png,public
Black Shoes,Shoes,shoes,,,black,gray|pink,,,all-season,AI-detected Shoes processed on 2025-11-08,black-shoes-1762596759.png,public
Black Shoes,Shoes,shoes,,,black,gray|pink,,,all-season,AI-detected Shoes processed on 2025-11-08,black-shoes-1762596891.png,public
Black Shoes,Shoes,shoes,,,black,gray|pink,,,all-season,AI-detected Shoes processed on 2025-11-08,black-shoes-1762597283.png,public
Black Shoes,Shoes,shoes,,,black,gray|pink,,,all-season,AI-detected Shoes processed on 2025-11-08,black-shoes-1762597307.png,public
Black Shoes,Shoes,shoes,,,black,gray|pink,,,all-season,AI-detected Shoes processed on 2025-11-08,black-shoes-1762597507.png,public
Black Shoes,Shoes,shoes,,,black,gray|pink,,,all-season,AI-detected Shoes processed on 2025-11-08,black-shoes-1762598223.png,public
Black Shoes,Shoes,shoes,,,black,gray|pink,,,all-season,AI-detected Shoes processed on 2025-11-08,black-shoes-1762598736.png,public
Black Shoes,Shoes,shoes,,,black,gray|pink,,,all-season,AI-detected Shoes processed on 2025-11-08,black-shoes-1762598747.png,public
Black Shoes,Shoes,shoes,,,black,gray|pink,,,all-season,AI-detected Shoes processed on 2025-11-08,black-shoes-1762599184.png,public
Black Shoes,Shoes,shoes,,,black,gray|pink,,,all-season,AI-detected Shoes processed on 2025-11-08,black-shoes-1762599415.png,public
Black Shoes,Shoes,shoes,,,black,gray|pink,,,all-season,AI-detected Shoes processed on 2025-11-08,black-shoes-1762600008.png,public
Black Shoes,Shoes,shoes,,,black,gray|pink,,,all-season,AI-detected Shoes processed on 2025-11-08,black-shoes-1762601307.png,public
Black Shoes,Shoes,shoes,,,black,gray|pink,,,all-season,AI-detected Shoes processed on 2025-11-08,black-shoes-1762601606.png,public
Black Shoes,Shoes,shoes,,,black,gray|pink,,,all-season,AI-detected Shoes processed on 2025-11-08,black-shoes-1762603222.png,public
Black Shoes,Shoes,shoes,,,black,gray|pink,,,all-season,AI-detected Shoes processed on 2025-11-08,black-shoes-1762603262.png,public
Black Shoes,Shoes,shoes,,,black,gray|pink,,,all-season,AI-detected Shoes processed on 2025-11-08,black-shoes-1762603549.png,public
Black Shoes,Shoes,shoes,,,black,gray|pink,,,all-season,AI-detected Shoes processed on 2025-11-08,black-shoes-1762603590.png,public
Black Shoes,Shoes,shoes,,,black,gray|pink,,,all-season,AI-detected Shoes processed on 2025-11-08,black-shoes-1762603906.png,public
Black Shoes,Shoes,shoes,,,black,gray|pink,,,all-season,AI-detected Shoes processed on 2025-11-08,black-shoes-1762605248.png,public
Black Shoes,Shoes,shoes,,,black,gray|pink,,,all-season,AI-detected Shoes processed on 2025-11-08,black-shoes-1762605516.png,public
Black Shoes,Shoes,shoes,,,black,gray|pink,,,all-season,AI-detected Shoes processed on 2025-11-08,black-shoes-1762605584.png,public
Black Shoes,Shoes,shoes,,,black,gray|pink,,,all-season,AI-detected Shoes processed on 2025-11-08,black-shoes-1762606047.png,public
Black Shoes,Shoes,shoes,,,black,gray|pink,,,all-season,AI-detected Shoes processed on 2025-11-08,black-shoes-1762606201.png,public
Black Shoes,Shoes,shoes,,,black,gray|pink,,,all-season,AI-detected Shoes processed on 2025-11-08,black-shoes-1762606247.png,public
Black Shoes,Shoes,shoes,,,black,gray|pink,,,all-season,AI-detected Shoes processed on 2025-11-08,black-shoes-1762607012.png,public
Black Shoes,Shoes,shoes,,,black,gray|purple,,,all-season,AI-detected Shoes processed on 2025-11-08,black-shoes-1762577868.png,public
Black Shoes,Shoes,shoes,,,black,gray|red,,,all-season,AI-detected Shoes processed on 2025-11-08,black-shoes-1762579439.png,public
Black Shoes,Shoes,shoes,,,black,gray|teal,,,all-season,AI-detected Shoes processed on 2025-11-08,black-shoes-1762580229.png,public
Black Shoes,Shoes,shoes,,,black,gray|teal,,,all-season,AI-detected Shoes processed on 2025-11-08,black-shoes-1762583513.png,public
Black Shoes,Shoes,shoes,,,black,gray|teal,,,all-season,AI-detected Shoes processed on 2025-11-08,black-shoes-1762589627.png,public
Black Shoes,Shoes,shoes,,,black,gray|teal,,,all-season,AI-detected Shoes processed on 2025-11-08,black-shoes-1762590596.png,public
Black Shoes,Shoes,shoes,,,black,gray|teal,,,all-season,AI-detected Shoes processed on 2025-11-08,black-shoes-1762599087.png,public
Black Shoes,Shoes,shoes,,,black,gray|teal,,,all-season,AI-detected Shoes processed on 2025-11-08,black-shoes-1762600991.png,public
Black Shoes,Shoes,shoes,,,black,gray|teal,,,all-season,AI-detected Shoes processed on 2025-11-08,black-shoes-1762604414.png,public
Black Shoes,Shoes,shoes,,,black,gray|white,,,all-season,AI-detected Shoes processed on 2025-11-08,black-shoes-1762592320.png,public
Black Shoes,Shoes,shoes,,,black,gray|white,,,all-season,AI-detected Shoes processed on 2025-11-08,black-shoes-1762599760.png,public
Black Shoes,Shoes,shoes,,,black,gray|white,,,all-season,AI-detected Shoes processed on 2025-11-08,black-shoes-1762601941.png,public
Black Shoes,Shoes,shoes,,,black,gray|white,,,all-season,AI-detected Shoes processed on 2025-11-08,black-shoes-1762605090.png,public
Black Shoes,Shoes,shoes,,,black,maroon|brown,,,all-season,AI-detected Shoes processed on 2025-11-08,black-shoes-1762581715.png,public
Black Shoes,Shoes,shoes,,,black,maroon|brown,,,all-season,AI-detected Shoes processed on 2025-11-08,black-shoes-1762586815.png,public
Black Shoes,Shoes,shoes,,,black,maroon|brown,,,all-season,AI-detected Shoes processed on 2025-11-08,black-shoes-1762595643.png,public
Black Shoes,Shoes,shoes,,,black,maroon|gray,,,all-season,AI-detected Shoes processed on 2025-11-08,black-shoes-1762568684.png,public
Black Shoes,Shoes,shoes,,,black,maroon|gray,,,all-season,AI-detected Shoes processed on 2025-11-08,black-shoes-1762569990.png,public
Black Shoes,Shoes,shoes,,,black,maroon|gray,,,all-season,AI-detected Shoes processed on 2025-11-08,black-shoes-1762571093.png,public
Black Shoes,Shoes,shoes,,,black,maroon|gray,,,all-season,AI-detected Shoes processed on 2025-11-08,black-shoes-1762572866.png,public
Black Shoes,Shoes,shoes,,,black,maroon|gray,,,all-season,AI-detected Shoes processed on 2025-11-08,black-shoes-1762574261.png,public
Black Shoes,Shoes,shoes,,,black,maroon|gray,,,all-season,AI-detected Shoes processed on 2025-11-08,black-shoes-1762580674.png,public
Black Shoes,Shoes,shoes,,,black,maroon|gray,,,all-season,AI-detected Shoes processed on 2025-11-08,black-shoes-1762581944.png,public
Black Shoes,Shoes,shoes,,,black,maroon|gray,,,all-season,AI-detected Shoes processed on 2025-11-08,black-shoes-1762582122.png,public
Black Shoes,Shoes,shoes,,,black,maroon|gray,,,all-season,AI-detected Shoes processed on 2025-11-08,black-shoes-1762589343.png,public
Black Shoes,Shoes,shoes,,,black,maroon|gray,,,all-season,AI-detected Shoes processed on 2025-11-08,black-shoes-1762590003.png,public
Black Shoes,Shoes,shoes,,,black,maroon|gray,,,all-season,AI-detected Shoes processed on 2025-11-08,black-shoes-1762590032.png,public
Black Shoes,Shoes,shoes,,,black,maroon|gray,,,all-season,AI-detected Shoes processed on 2025-11-08,black-shoes-1762592145.png,public
Black Shoes,Shoes,shoes,,,black,maroon|gray,,,all-season,AI-detected Shoes processed on 2025-11-08,black-shoes-1762601824.png,public
Black Shoes,Shoes,shoes,,,black,maroon|gray,,,all-season,AI-detected Shoes processed on 2025-11-08,black-shoes-1762603008.png,public
Black Shoes,Shoes,shoes,,,black,maroon|gray,,,all-season,AI-detected Shoes processed on 2025-11-08,black-shoes-1762603507.png,public
Black Shoes,Shoes,shoes,,,black,maroon|pink,,,all-season,AI-detected Shoes processed on 2025-11-08,black-shoes-1762574096.png,public
Black Shoes,Shoes,shoes,,,black,maroon|pink,,,all-season,AI-detected Shoes processed on 2025-11-08,black-shoes-1762597086.png,public
Black Shoes,Shoes,shoes,,,black,maroon|purple,,,all-season,AI-detected Shoes processed on 2025-11-08,black-shoes-1762578864.png,public
Black Shoes,Shoes,shoes,,,black,navy,,,all-season,AI-detected Shoes processed on 2025-11-08,black-shoes-1762589754.png,public
Black Shoes,Shoes,shoes,,,black,navy|blue,,,all-season,AI-detected Shoes processed on 2025-11-08,black-shoes-1762578403.png,public
Black Shoes,Shoes,shoes,,,black,navy|gray,,,all-season,AI-detected Shoes processed on 2025-11-08,black-shoes-1762574579.png,public
Black Shoes,Shoes,shoes,,,black,navy|gray,,,all-season,AI-detected Shoes processed on 2025-11-08,black-shoes-1762580037.png,public
Black Shoes,Shoes,shoes,,,black,navy|gray,,,all-season,AI-detected Shoes processed on 2025-11-08,black-shoes-1762589139.png,public
Black Shoes,Shoes,shoes,,,black,navy|gray,,,all-season,AI-detected Shoes processed on 2025-11-08,black-shoes-1762589297.png,public
Black Shoes,Shoes,shoes,,,black,navy|gray,,,all-season,AI-detected Shoes processed on 2025-11-08,black-shoes-1762598464.png,public
Black Shoes,Shoes,shoes,,,black,navy|gray,,,all-season,AI-detected Shoes processed on 2025-11-08,black-shoes-1762607552.png,public
Black Shoes,Shoes,shoes,,,black,navy|pink,,,all-season,AI-detected Shoes processed on 2025-11-08,black-shoes-1762583421.png,public
Black Shoes,Shoes,shoes,,,black,navy|pink,,,all-season,AI-detected Shoes processed on 2025-11-08,black-shoes-1762586524.png,public
Black Shoes,Shoes,shoes,,,black,navy|pink,,,all-season,AI-detected Shoes processed on 2025-11-08,black-shoes-1762606790.png,public
Black Shoes,Shoes,shoes,,,black,navy|teal,,,all-season,AI-detected Shoes processed on 2025-11-08,black-shoes-1762571380.png,public
Black Shoes,Shoes,shoes,,,black,olive|gray,,,all-season,AI-detected Shoes processed on 2025-11-08,black-shoes-1762579457.png,public
Black Shoes,Shoes,shoes,,,black,olive|gray,,,all-season,AI-detected Shoes processed on 2025-11-08,black-shoes-1762585488.png,public
Black Shoes,Shoes,shoes,,,black,olive|gray,,,all-season,AI-detected Shoes processed on 2025-11-08,black-shoes-1762591796.png,public
Black Shoes,Shoes,shoes,,,black,olive|gray,,,all-season,AI-detected Shoes processed on 2025-11-08,black-shoes-1762601058.png,public
Black Shoes,Shoes,shoes,,,black,olive|orange,,,all-season,AI-detected Shoes processed on 2025-11-08,black-shoes-1762604207.png,public
Black Shoes,Shoes,shoes,,,black,olive|pink,,,all-season,AI-detected Shoes processed on 2025-11-08,black-shoes-1762580505.png,public
Black Shoes,Shoes,shoes,,,black,olive|pink,,,all-season,AI-detected Shoes processed on 2025-11-08,black-shoes-1762599564.png,public
Black Shoes,Shoes,shoes,,,black,orange,,,all-season,AI-detected Shoes processed on 2025-11-08,black-shoes-1762577642.png,public
Black Shoes,Shoes,shoes,,,black,orange,,,all-season,AI-detected Shoes processed on 2025-11-08,black-shoes-1762604077.png,public
Black Shoes,Shoes,shoes,,,black,orange|brown,,,all-season,AI-detected Shoes processed on 2025-11-08,black-shoes-1762607593.png,public
Black Shoes,Shoes,shoes,,,black,orange|gray,,,all-season,AI-detected Shoes processed on 2025-11-08,black-shoes-1762596689.png,public
Black Shoes,Shoes,shoes,,,black,orange|magenta,,,all-season,AI-detected Shoes processed on 2025-11-08,black-shoes-1762570882.png,public
Black Shoes,Shoes,shoes,,,black,orange|magenta,,,all-season,AI-detected Shoes processed on 2025-11-08,black-shoes-1762575991.png,public
Black Shoes,Shoes,shoes,,,black,orange|pink,,,all-season,AI-detected Shoes processed on 2025-11-08,black-shoes-1762593435.png,public
Black Shoes,Shoes,shoes,,,black,pink,,,all-season,AI-detected Shoes processed on 2025-11-08,black-shoes-1762569211.png,public
Black Shoes,Shoes,shoes,,,black,pink,,,all-season,AI-detected Shoes processed on 2025-11-08,black-shoes-1762570310.png,public
Black Shoes,Shoes,shoes,,,black,pink,,,all-season,AI-detected Shoes processed on 2025-11-08,black-shoes-1762572444.png,public
Black Shoes,Shoes,shoes,,,black,pink,,,all-season,AI-detected Shoes processed on 2025-11-08,black-shoes-1762573094.png,public
Black Shoes,Shoes,shoes,,,black,pink,,,all-season,AI-detected Shoes processed on 2025-11-08,black-shoes-1762573133.png,public
Black Shoes,Shoes,shoes,,,black,pink,,,all-season,AI-detected Shoes processed on 2025-11-08,black-shoes-1762574147.png,public
Black Shoes,Shoes,shoes,,,black,pink,,,all-season,AI-detected Shoes processed on 2025-11-08,black-shoes-1762574166.png,public
Black Shoes,Shoes,shoes,,,black,pink,,,all-season,AI-detected Shoes processed on 2025-11-08,black-shoes-1762574938.png,public
Black Shoes,Shoes,shoes,,,black,pink,,,all-season,AI-detected Shoes processed on 2025-11-08,black-shoes-1762575136.png,public
Black Shoes,Shoes,shoes,,,black,pink,,,all-season,AI-detected Shoes processed on 2025-11-08,black-shoes-1762575266.png,public
Black Shoes,Shoes,shoes,,,black,pink,,,all-season,AI-detected Shoes processed on 2025-11-08,black-shoes-1762576074.png,public
Black Shoes,Shoes,shoes,,,black,pink,,,all-season,AI-detected Shoes processed on 2025-11-08,black-shoes-1762576124.png,public
Black Shoes,Shoes,shoes,,,black,pink,,,all-season,AI-detected Shoes processed on 2025-11-08,black-shoes-1762578810.png,public
Black Shoes,Shoes,shoes,,,black,pink,,,all-season,AI-detected Shoes processed on 2025-11-08,black-shoes-1762579020.png,public
Black Shoes,Shoes,shoes,,,black,pink,,,all-season,AI-detected Shoes processed on 2025-11-08,black-shoes-1762579959.png,public
Black Shoes,Shoes,shoes,,,black,pink,,,all-season,AI-detected Shoes processed on 2025-11-08,black-shoes-1762581141.png,public
Black Shoes,Shoes,shoes,,,black,pink,,,all-season,AI-detected Shoes processed on 2025-11-08,black-shoes-1762581612.png,public
Black Shoes,Shoes,shoes,,,black,pink,,,all-season,AI-detected Shoes processed on 2025-11-08,black-shoes-1762582776.png,public
Black Shoes,Shoes,shoes,,,black,pink,,,all-season,AI-detected Shoes processed on 2025-11-08,black-shoes-1762583459.png,public
Black Shoes,Shoes,shoes,,,black,pink,,,all-season,AI-detected Shoes processed on 2025-11-08,black-shoes-1762584174.png,public
Black Shoes,Shoes,shoes,,,black,pink,,,all-season,AI-detected Shoes processed on 2025-11-08,black-shoes-1762585880.png,public
Black Shoes,Shoes,shoes,,,black,pink,,,all-season,AI-detected Shoes processed on 2025-11-08,black-shoes-1762586219.png,public
Black Shoes,Shoes,shoes,,,black,pink,,,all-season,AI-detected Shoes processed on 2025-11-08,black-shoes-1762586340.png,public
Black Shoes,Shoes,shoes,,,black,pink,,,all-season,AI-detected Shoes processed on 2025-11-08,black-shoes-1762586476.png,public
Black Shoes,Shoes,shoes,,,black,pink,,,all-season,AI-detected Shoes processed on 2025-11-08,black-shoes-1762586667.png,public
Black Shoes,Shoes,shoes,,,black,pink,,,all-season,AI-detected Shoes processed on 2025-11-08,black-shoes-1762587777.png,public
Black Shoes,Shoes,shoes,,,black,pink,,,all-season,AI-detected Shoes processed on 2025-11-08,black-shoes-1762587965.png,public
Black Shoes,Shoes,shoes,,,black,pink,,,all-season,AI-detected Shoes processed on 2025-11-08,black-shoes-1762589973.png,public
Black Shoes,Shoes,shoes,,,black,pink,,,all-season,AI-detected Shoes processed on 2025-11-08,black-shoes-1762590387.png,public
Black Shoes,Shoes,shoes,,,black,pink,,,all-season,AI-detected Shoes processed on 2025-11-08,black-shoes-1762590437.png,public
Black Shoes,Shoes,shoes,,,black,pink,,,all-season,AI-detected Shoes processed on 2025-11-08,black-shoes-1762590966.png,public
Black Shoes,Shoes,shoes,,,black,pink,,,all-season,AI-detected Shoes processed on 2025-11-08,black-shoes-1762592945.png,public
Black Shoes,Shoes,shoes,,,black,pink,,,all-season,AI-detected Shoes processed on 2025-11-08,black-shoes-1762593468.png,public
Black Shoes,Shoes,shoes,,,black,pink,,,all-season,AI-detected Shoes processed on 2025-11-08,black-shoes-1762593689.png,public
Black Shoes,Shoes,shoes,,,black,pink,,,all-season,AI-detected Shoes processed on 2025-11-08,black-shoes-1762594665.png,public
Black Shoes,Shoes,shoes,,,black,pink,,,all-season,AI-detected Shoes processed on 2025-11-08,black-shoes-1762594938.png,public
Black Shoes,Shoes,shoes,,,black,pink,,,all-season,AI-detected Shoes processed on 2025-11-08,black-shoes-1762595927.png,public
Black Shoes,Shoes,shoes,,,black,pink,,,all-season,AI-detected Shoes processed on 2025-11-08,black-shoes-1762597080.png,public
Black Shoes,Shoes,shoes,,,black,pink,,,all-season,AI-detected Shoes processed on 2025-11-08,black-shoes-1762597751.png,public
Black Shoes,Shoes,shoes,,,black,pink,,,all-season,AI-detected Shoes processed on 2025-11-08,black-shoes-1762599713.png,public
Black Shoes,Shoes,shoes,,,black,pink,,,all-season,AI-detected Shoes processed on 2025-11-08,black-shoes-1762599731.png,public
Black Shoes,Shoes,shoes,,,black,pink,,,all-season,AI-detected Shoes processed on 2025-11-08,black-shoes-1762600431.png,public
Black Shoes,Shoes,shoes,,,black,pink,,,all-season,AI-detected Shoes processed on 2025-11-08,black-shoes-1762600598.png,public
Black Shoes,Shoes,shoes,,,black,pink,,,all-season,AI-detected Shoes processed on 2025-11-08,black-shoes-1762600748.png,public
Black Shoes,Shoes,shoes,,,black,pink,,,all-season,AI-detected Shoes processed on 2025-11-08,black-shoes-1762601758.png,public
Black Shoes,Shoes,shoes,,,black,pink,,,all-season,AI-detected Shoes processed on 2025-11-08,black-shoes-1762602972.png,public
Black Shoes,Shoes,shoes,,,black,pink,,,all-season,AI-detected Shoes processed on 2025-11-08,black-shoes-1762602989.png,public
Black Shoes,Shoes,shoes,,,black,pink,,,all-season,AI-detected Shoes processed on 2025-11-08,black-shoes-1762603166.png,public
Black Shoes,Shoes,shoes,,,black,pink,,,all-season,AI-detected Shoes processed on 2025-11-08,black-shoes-1762603387.png,public
Black Shoes,Shoes,shoes,,,black,pink,,,all-season,AI-detected Shoes processed on 2025-11-08,black-shoes-1762604449.png,public
Black Shoes,Shoes,shoes,,,black,pink,,,all-season,AI-detected Shoes processed on 2025-11-08,black-shoes-1762606259.png,public
Black Shoes,Shoes,shoes,,,black,pink,,,all-season,AI-detected Shoes processed on 2025-11-08,black-shoes-1762606678.png,public
Black Shoes,Shoes,shoes,,,black,pink,,,all-season,AI-detected Shoes processed on 2025-11-08,black-shoes-1762607112.png,public
Black Shoes,Shoes,shoes,,,black,pink|beige,,,all-season,AI-detected Shoes processed on 2025-11-08,black-shoes-1762570352.png,public
Black Shoes,Shoes,shoes,,,black,pink|beige,,,all-season,AI-detected Shoes processed on 2025-11-08,black-shoes-1762578288.png,public
Black Shoes,Shoes,shoes,,,black,pink|beige,,,all-season,AI-detected Shoes processed on 2025-11-08,black-shoes-1762604217.png,public
Black Shoes,Shoes,shoes,,,black,pink|brown,,,all-season,AI-detected Shoes processed on 2025-11-08,black-shoes-1762568678.png,public
Black Shoes,Shoes,shoes,,,black,pink|brown,,,all-season,AI-detected Shoes processed on 2025-11-08,black-shoes-1762570625.png,public
Black Shoes,Shoes,shoes,,,black,pink|brown,,,all-season,AI-detected Shoes processed on 2025-11-08,black-shoes-1762571031.png,public
Black Shoes,Shoes,shoes,,,black,pink|brown,,,all-season,AI-detected Shoes processed on 2025-11-08,black-shoes-1762572280.png,public
Black Shoes,Shoes,shoes,,,black,pink|brown,,,all-season,AI-detected Shoes processed on 2025-11-08,black-shoes-1762573794.png,public
Black Shoes,Shoes,shoes,,,black,pink|brown,,,all-season,AI-detected Shoes processed on 2025-11-08,black-shoes-1762575014.png,public
Black Shoes,Shoes,shoes,,,black,pink|brown,,,all-season,AI-detected Shoes processed on 2025-11-08,black-shoes-1762576460.png,public
Black Shoes,Shoes,shoes,,,black,pink|brown,,,all-season,AI-detected Shoes processed on 2025-11-08,black-shoes-1762576705.png,public
Black Shoes,Shoes,shoes,,,black,pink|brown,,,all-season,AI-detected Shoes processed on 2025-11-08,black-shoes-1762576731.png,public
Black Shoes,Shoes,shoes,,,black,pink|brown,,,all-season,AI-detected Shoes processed on 2025-11-08,black-shoes-1762578632.png,public
Black Shoes,Shoes,shoes,,,black,pink|brown,,,all-season,AI-detected Shoes processed on 2025-11-08,black-shoes-1762581087.png,public
Black Shoes,Shoes,shoes,,,black,pink|brown,,,all-season,AI-detected Shoes processed on 2025-11-08,black-shoes-1762584049.png,public
Black Shoes,Shoes,shoes,,,black,pink|brown,,,all-season,AI-detected Shoes processed on 2025-11-08,black-shoes-1762585245.png,public
Black Shoes,Shoes,shoes,,,black,pink|brown,,,all-season,AI-detected Shoes processed on 2025-11-08,black-shoes-1762585968.png,public
Black Shoes,Shoes,shoes,,,black,pink|brown,,,all-season,AI-detected Shoes processed on 2025-11-08,black-shoes-1762586187.png,public
Black Shoes,Shoes,shoes,,,black,pink|brown,,,all-season,AI-detected Shoes processed on 2025-11-08,black-shoes-1762587351.png,public
Black Shoes,Shoes,shoes,,,black,pink|brown,,,all-season,AI-detected Shoes processed on 2025-11-08,black-shoes-1762587635.png,public
Black Shoes,Shoes,shoes,,,black,pink|brown,,,all-season,AI-detected Shoes processed on 2025-11-08,black-shoes-1762587830.png,public
Black Shoes,Shoes,shoes,,,black,pink|brown,,,all-season,AI-detected Shoes processed on 2025-11-08,black-shoes-1762588535.png,public
Black Shoes,Shoes,shoes,,,black,pink|brown,,,all-season,AI-detected Shoes processed on 2025-11-08,black-shoes-1762588717.png,public
Black Shoes,Shoes,shoes,,,black,pink|brown,,,all-season,AI-detected Shoes processed on 2025-11-08,black-shoes-1762589395.png,public
Black Shoes,Shoes,shoes,,,black,pink|brown,,,all-season,AI-detected Shoes processed on 2025-11-08,black-shoes-1762591325.png,public
Black Shoes,Shoes,shoes,,,black,pink|brown,,,all-season,AI-detected Shoes processed on 2025-11-08,black-shoes-1762592221.png,public
Black Shoes,Shoes,shoes,,,black,pink|brown,,,all-season,AI-detected Shoes processed on 2025-11-08,black-shoes-1762593257.png,public
Black Shoes,Shoes,shoes,,,black,pink|brown,,,all-season,AI-detected Shoes processed on 2025-11-08,black-shoes-1762593399.png,public
Black Shoes,Shoes,shoes,,,black,pink|brown,,,all-season,AI-detected Shoes processed on 2025-11-08,black-shoes-1762593706.png,public
Black Shoes,Shoes,shoes,,,black,pink|brown,,,all-season,AI-detected Shoes processed on 2025-11-08,black-shoes-1762595057.png,public
Black Shoes,Shoes,shoes,,,black,pink|brown,,,all-season,AI-detected Shoes processed on 2025-11-08,black-shoes-1762596818.png,public
Black Shoes,Shoes,shoes,,,black,pink|brown,,,all-season,AI-detected Shoes processed on 2025-11-08,black-shoes-1762597200.png,public
Black Shoes,Shoes,shoes,,,black,pink|brown,,,all-season,AI-detected Shoes processed on 2025-11-08,black-shoes-1762597727.png,public
Black Shoes,Shoes,shoes,,,black,pink|brown,,,all-season,AI-detected Shoes processed on 2025-11-08,black-shoes-1762597962.png,public
Black Shoes,Shoes,shoes,,,black,pink|brown,,,all-season,AI-detected Shoes processed on 2025-11-08,black-shoes-1762598010.png,public
Black Shoes,Shoes,shoes,,,black,pink|brown,,,all-season,AI-detected Shoes processed on 2025-11-08,black-shoes-1762598897.png,public
Black Shoes,Shoes,shoes,,,black,pink|brown,,,all-season,AI-detected Shoes processed on 2025-11-08,black-shoes-1762599658.png,public
Black Shoes,Shoes,shoes,,,black,pink|brown,,,all-season,AI-detected Shoes processed on 2025-11-08,black-shoes-1762600575.png,public
Black Shoes,Shoes,shoes,,,black,pink|brown,,,all-season,AI-detected Shoes processed on 2025-11-08,black-shoes-1762601150.png,public
Black Shoes,Shoes,shoes,,,black,pink|brown,,,all-season,AI-detected Shoes processed on 2025-11-08,black-shoes-1762601974.png,public
Black Shoes,Shoes,shoes,,,black,pink|brown,,,all-season,AI-detected Shoes processed on 2025-11-08,black-shoes-1762602607.png,public
Black Shoes,Shoes,shoes,,,black,pink|brown,,,all-season,AI-detected Shoes processed on 2025-11-08,black-shoes-1762603097.png,public
Black Shoes,Shoes,shoes,,,black,pink|brown,,,all-season,AI-detected Shoes processed on 2025-11-08,black-shoes-1762604868.png,public
Black Shoes,Shoes,shoes,,,black,pink|brown,,,all-season,AI-detected Shoes processed on 2025-11-08,black-shoes-1762605180.png,public
Black Shoes,Shoes,shoes,,,black,pink|brown,,,all-season,AI-detected Shoes processed on 2025-11-08,black-shoes-1762605971.png,public
Black Shoes,Shoes,shoes,,,black,pink|brown,,,all-season,AI-detected Shoes processed on 2025-11-08,black-shoes-1762606114.png,public
Black Shoes,Shoes,shoes,,,black,pink|brown,,,all-season,AI-detected Shoes processed on 2025-11-08,black-shoes-1762606704.png,public
Black Shoes,Shoes,shoes,,,black,pink|brown,,,all-season,AI-detected Shoes processed on 2025-11-08,black-shoes-1762607487.png,public
Black Shoes,Shoes,shoes,,,black,pink|gray,,,all-season,AI-detected Shoes processed on 2025-11-08,black-shoes-1762569234.png,public
Black Shoes,Shoes,shoes,,,black,pink|gray,,,all-season,AI-detected Shoes processed on 2025-11-08,black-shoes-1762569977.png,public
Black Shoes,Shoes,shoes,,,black,pink|gray,,,all-season,AI-detected Shoes processed on 2025-11-08,black-shoes-1762570087.png,public
Black Shoes,Shoes,shoes,,,black,pink|gray,,,all-season,AI-detected Shoes processed on 2025-11-08,black-shoes-1762570183.png,public
Black Shoes,Shoes,shoes,,,black,pink|gray,,,all-season,AI-detected Shoes processed on 2025-11-08,black-shoes-1762570209.png,public
Black Shoes,Shoes,shoes,,,black,pink|gray,,,all-season,AI-detected Shoes processed on 2025-11-08,black-shoes-1762570289.png,public
Black Shoes,Shoes,shoes,,,black,pink|gray,,,all-season,AI-detected Shoes processed on 2025-11-08,black-shoes-1762570408.png,public
Black Shoes,Shoes,shoes,,,black,pink|gray,,,all-season,AI-detected Shoes processed on 2025-11-08,black-shoes-1762570798.png,public
Black Shoes,Shoes,shoes,,,black,pink|gray,,,all-season,AI-detected Shoes processed on 2025-11-08,black-shoes-1762570935.png,public
Black Shoes,Shoes,shoes,,,black,pink|gray,,,all-season,AI-detected Shoes processed on 2025-11-08,black-shoes-1762570962.png,public
Black Shoes,Shoes,shoes,,,black,pink|gray,,,all-season,AI-detected Shoes processed on 2025-11-08,black-shoes-1762571076.png,public
Black Shoes,Shoes,shoes,,,black,pink|gray,,,all-season,AI-detected Shoes processed on 2025-11-08,black-shoes-1762571476.png,public
Black Shoes,Shoes,shoes,,,black,pink|gray,,,all-season,AI-detected Shoes processed on 2025-11-08,black-shoes-1762571883.png,public
Black Shoes,Shoes,shoes,,,black,pink|gray,,,all-season,AI-detected Shoes processed on 2025-11-08,black-shoes-1762571905.png,public
Black Shoes,Shoes,shoes,,,black,pink|gray,,,all-season,AI-detected Shoes processed on 2025-11-08,black-shoes-1762572073.png,public
Black Shoes,Shoes,shoes,,,black,pink|gray,,,all-season,AI-detected Shoes processed on 2025-11-08,black-shoes-1762572107.png,public
Black Shoes,Shoes,shoes,,,black,pink|gray,,,all-season,AI-detected Shoes processed on 2025-11-08,black-shoes-1762572515.png,public
Black Shoes,Shoes,shoes,,,black,pink|gray,,,all-season,AI-detected Shoes processed on 2025-11-08,black-shoes-1762572588.png,public
Black Shoes,Shoes,shoes,,,black,pink|gray,,,all-season,AI-detected Shoes processed on 2025-11-08,black-shoes-1762572653.png,public
Black Shoes,Shoes,shoes,,,black,pink|gray,,,all-season,AI-detected Shoes processed on 2025-11-08,black-shoes-1762572681.png,public
Black Shoes,Shoes,shoes,,,black,pink|gray,,,all-season,AI-detected Shoes processed on 2025-11-08,black-shoes-1762572911.png,public
Black Shoes,Shoes,shoes,,,black,pink|gray,,,all-season,AI-detected Shoes processed on 2025-11-08,black-shoes-1762574092.png,public
Black Shoes,Shoes,shoes,,,black,pink|gray,,,all-season,AI-detected Shoes processed on 2025-11-08,black-shoes-1762574251.png,public
Black Shoes,Shoes,shoes,,,black,pink|gray,,,all-season,AI-detected Shoes processed on 2025-11-08,black-shoes-1762574327.png,public
Black Shoes,Shoes,shoes,,,black,pink|gray,,,all-season,AI-detected Shoes processed on 2025-11-08,black-shoes-1762574903.png,public
Black Shoes,Shoes,shoes,,,black,pink|gray,,,all-season,AI-detected Shoes processed on 2025-11-08,black-shoes-1762574933.png,public
Black Shoes,Shoes,shoes,,,black,pink|gray,,,all-season,AI-detected Shoes processed on 2025-11-08,black-shoes-1762575304.png,public
Black Shoes,Shoes,shoes,,,black,pink|gray,,,all-season,AI-detected Shoes processed on 2025-11-08,black-shoes-1762575369.png,public
Black Shoes,Shoes,shoes,,,black,pink|gray,,,all-season,AI-detected Shoes processed on 2025-11-08,black-shoes-1762575615.png,public
Black Shoes,Shoes,shoes,,,black,pink|gray,,,all-season,AI-detected Shoes processed on 2025-11-08,black-shoes-1762575824.png,public
Black Shoes,Shoes,shoes,,,black,pink|gray,,,all-season,AI-detected Shoes processed on 2025-11-08,black-shoes-1762575951.png,public
Black Shoes,Shoes,shoes,,,black,pink|gray,,,all-season,AI-detected Shoes processed on 2025-11-08,black-shoes-1762576266.png,public
Black Shoes,Shoes,shoes,,,black,pink|gray,,,all-season,AI-detected Shoes processed on 2025-11-08,black-shoes-1762576626.png,public
Black Shoes,Shoes,shoes,,,black,pink|gray,,,all-season,AI-detected Shoes processed on 2025-11-08,black-shoes-1762577084.png,public
Black Shoes,Shoes,shoes,,,black,pink|gray,,,all-season,AI-detected Shoes processed on 2025-11-08,black-shoes-1762577410.png,public
Black Shoes,Shoes,shoes,,,black,pink|gray,,,all-season,AI-detected Shoes processed on 2025-11-08,black-shoes-1762577525.png,public
Black Shoes,Shoes,shoes,,,black,pink|gray,,,all-season,AI-detected Shoes processed on 2025-11-08,black-shoes-1762577599.png,public
Black Shoes,Shoes,shoes,,,black,pink|gray,,,all-season,AI-detected Shoes processed on 2025-11-08,black-shoes-1762578017.png,public
Black Shoes,Shoes,shoes,,,black,pink|gray,,,all-season,AI-detected Shoes processed on 2025-11-08,black-shoes-1762578931.png,public
Black Shoes,Shoes,shoes,,,black,pink|gray,,,all-season,AI-detected Shoes processed on 2025-11-08,black-shoes-1762579465.png,public
Black Shoes,Shoes,shoes,,,black,pink|gray,,,all-season,AI-detected Shoes processed on 2025-11-08,black-shoes-1762579566.png,public
Black Shoes,Shoes,shoes,,,black,pink|gray,,,all-season,AI-detected Shoes processed on 2025-11-08,black-shoes-1762579791.png,public
Black Shoes,Shoes,shoes,,,black,pink|gray,,,all-season,AI-detected Shoes processed on 2025-11-08,black-shoes-1762579811.png,public
Black Shoes,Shoes,shoes,,,black,pink|gray,,,all-season,AI-detected Shoes processed on 2025-11-08,black-shoes-1762580361.png,public
Black Shoes,Shoes,shoes,,,black,pink|gray,,,all-season,AI-detected Shoes processed on 2025-11-08,black-shoes-1762581062.png,public
Black Shoes,Shoes,shoes,,,black,pink|gray,,,all-season,AI-detected Shoes processed on 2025-11-08,black-shoes-1762581402.png,public
Black Shoes,Shoes,shoes,,,black,pink|gray,,,all-season,AI-detected Shoes processed on 2025-11-08,black-shoes-1762581865.png,public
Black Shoes,Shoes,shoes,,,black,pink|gray,,,all-season,AI-detected Shoes processed on 2025-11-08,black-shoes-1762581897.png,public
Black Shoes,Shoes,shoes,,,black,pink|gray,,,all-season,AI-detected Shoes processed on 2025-11-08,black-shoes-1762582069.png,public
Black Shoes,Shoes,shoes,,,black,pink|gray,,,all-season,AI-detected Shoes processed on 2025-11-08,black-shoes-1762582131.png,public
Black Shoes,Shoes,shoes,,,black,pink|gray,,,all-season,AI-detected Shoes processed on 2025-11-08,black-shoes-1762582427.png,public
Black Shoes,Shoes,shoes,,,black,pink|gray,,,all-season,AI-detected Shoes processed on 2025-11-08,black-shoes-1762582842.png,public
Black Shoes,Shoes,shoes,,,black,pink|gray,,,all-season,AI-detected Shoes processed on 2025-11-08,black-shoes-1762582845.png,public
Black Shoes,Shoes,shoes,,,black,pink|gray,,,all-season,AI-detected Shoes processed on 2025-11-08,black-shoes-1762582946.png,public
Black Shoes,Shoes,shoes,,,black,pink|gray,,,all-season,AI-detected Shoes processed on 2025-11-08,black-shoes-1762583045.png,public
Black Shoes,Shoes,shoes,,,black,pink|gray,,,all-season,AI-detected Shoes processed on 2025-11-08,black-shoes-1762583156.png,public
Black Shoes,Shoes,shoes,,,black,pink|gray,,,all-season,AI-detected Shoes processed on 2025-11-08,black-shoes-1762583584.png,public
Black Shoes,Shoes,shoes,,,black,pink|gray,,,all-season,AI-detected Shoes processed on 2025-11-08,black-shoes-1762583667.png,public
Black Shoes,Shoes,shoes,,,black,pink|gray,,,all-season,AI-detected Shoes processed on 2025-11-08,black-shoes-1762583694.png,public
Black Shoes,Shoes,shoes,,,black,pink|gray,,,all-season,AI-detected Shoes processed on 2025-11-08,black-shoes-1762584292.png,public
Black Shoes,Shoes,shoes,,,black,pink|gray,,,all-season,AI-detected Shoes processed on 2025-11-08,black-shoes-1762584632.png,public
Black Shoes,Shoes,shoes,,,black,pink|gray,,,all-season,AI-detected Shoes processed on 2025-11-08,black-shoes-1762584729.png,public
Black Shoes,Shoes,shoes,,,black,pink|gray,,,all-season,AI-detected Shoes processed on 2025-11-08,black-shoes-1762584848.png,public
Black Shoes,Shoes,shoes,,,black,pink|gray,,,all-season,AI-detected Shoes processed on 2025-11-08,black-shoes-1762585024.png,public
Black Shoes,Shoes,shoes,,,black,pink|gray,,,all-season,AI-detected Shoes processed on 2025-11-08,black-shoes-1762585323.png,public
Black Shoes,Shoes,shoes,,,black,pink|gray,,,all-season,AI-detected Shoes processed on 2025-11-08,black-shoes-1762585472.png,public
Black Shoes,Shoes,shoes,,,black,pink|gray,,,all-season,AI-detected Shoes processed on 2025-11-08,black-shoes-1762585786.png,public
Black Shoes,Shoes,shoes,,,black,pink|gray,,,all-season,AI-detected Shoes processed on 2025-11-08,black-shoes-1762586302.png,public
Black Shoes,Shoes,shoes,,,black,pink|gray,,,all-season,AI-detected Shoes processed on 2025-11-08,black-shoes-1762586399.png,public
Black Shoes,Shoes,shoes,,,black,pink|gray,,,all-season,AI-detected Shoes processed on 2025-11-08,black-shoes-1762586600.png,public
Black Shoes,Shoes,shoes,,,black,pink|gray,,,all-season,AI-detected Shoes processed on 2025-11-08,black-shoes-1762586682.png,public
Black Shoes,Shoes,shoes,,,black,pink|gray,,,all-season,AI-detected Shoes processed on 2025-11-08,black-shoes-1762586830.png,public
Black Shoes,Shoes,shoes,,,black,pink|gray,,,all-season,AI-detected Shoes processed on 2025-11-08,black-shoes-1762586936.png,public
Black Shoes,Shoes,shoes,,,black,pink|gray,,,all-season,AI-detected Shoes processed on 2025-11-08,black-shoes-1762587113.png,public
Black Shoes,Shoes,shoes,,,black,pink|gray,,,all-season,AI-detected Shoes processed on 2025-11-08,black-shoes-1762587158.png,public
Black Shoes,Shoes,shoes,,,black,pink|gray,,,all-season,AI-detected Shoes processed on 2025-11-08,black-shoes-1762587409.png,public
Black Shoes,Shoes,shoes,,,black,pink|gray,,,all-season,AI-detected Shoes processed on 2025-11-08,black-shoes-1762587534.png,public
Black Shoes,Shoes,shoes,,,black,pink|gray,,,all-season,AI-detected Shoes processed on 2025-11-08,black-shoes-1762587820.png,public
Black Shoes,Shoes,shoes,,,black,pink|gray,,,all-season,AI-detected Shoes processed on 2025-11-08,black-shoes-1762587876.png,public
Black Shoes,Shoes,shoes,,,black,pink|gray,,,all-season,AI-detected Shoes processed on 2025-11-08,black-shoes-1762587940.png,public
Black Shoes,Shoes,shoes,,,black,pink|gray,,,all-season,AI-detected Shoes processed on 2025-11-08,black-shoes-1762587968.png,public
Black Shoes,Shoes,shoes,,,black,pink|gray,,,all-season,AI-detected Shoes processed on 2025-11-08,black-shoes-1762588019.png,public
Black Shoes,Shoes,shoes,,,black,pink|gray,,,all-season,AI-detected Shoes processed on 2025-11-08,black-shoes-1762588114.png,public
Black Shoes,Shoes,shoes,,,black,pink|gray,,,all-season,AI-detected Shoes processed on 2025-11-08,black-shoes-1762588243.png,public
Black Shoes,Shoes,shoes,,,black,pink|gray,,,all-season,AI-detected Shoes processed on 2025-11-08,black-shoes-1762588411.png,public
Black Shoes,Shoes,shoes,,,black,pink|gray,,,all-season,AI-detected Shoes processed on 2025-11-08,black-shoes-1762588450.png,public
Black Shoes,Shoes,shoes,,,black,pink|gray,,,all-season,AI-detected Shoes processed on 2025-11-08,black-shoes-1762588743.png,public
Black Shoes,Shoes,shoes,,,black,pink|gray,,,all-season,AI-detected Shoes processed on 2025-11-08,black-shoes-1762589463.png,public
Black Shoes,Shoes,shoes,,,black,pink|gray,,,all-season,AI-detected Shoes processed on 2025-11-08,black-shoes-1762589548.png,public
Black Shoes,Shoes,shoes,,,black,pink|gray,,,all-season,AI-detected Shoes processed on 2025-11-08,black-shoes-1762589560.png,public
Black Shoes,Shoes,shoes,,,black,pink|gray,,,all-season,AI-detected Shoes processed on 2025-11-08,black-shoes-1762589571.png,public
Black Shoes,Shoes,shoes,,,black,pink|gray,,,all-season,AI-detected Shoes processed on 2025-11-08,black-shoes-1762589714.png,public
Black Shoes,Shoes,shoes,,,black,pink|gray,,,all-season,AI-detected Shoes processed on 2025-11-08,black-shoes-1762589785.png,public
Black Shoes,Shoes,shoes,,,black,pink|gray,,,all-season,AI-detected Shoes processed on 2025-11-08,black-shoes-1762589960.png,public
Black Shoes,Shoes,shoes,,,black,pink|gray,,,all-season,AI-detected Shoes processed on 2025-11-08,black-shoes-1762590303.png,public
Black Shoes,Shoes,shoes,,,black,pink|gray,,,all-season,AI-detected Shoes processed on 2025-11-08,black-shoes-1762590422.png,public
Black Shoes,Shoes,shoes,,,black,pink|gray,,,all-season,AI-detected Shoes processed on 2025-11-08,black-shoes-1762590561.png,public
Black Shoes,Shoes,shoes,,,black,pink|gray,,,all-season,AI-detected Shoes processed on 2025-11-08,black-shoes-1762590760.png,public
Black Shoes,Shoes,shoes,,,black,pink|gray,,,all-season,AI-detected Shoes processed on 2025-11-08,black-shoes-1762590865.png,public
Black Shoes,Shoes,shoes,,,black,pink|gray,,,all-season,AI-detected Shoes processed on 2025-11-08,black-shoes-1762590879.png,public
Black Shoes,Shoes,shoes,,,black,pink|gray,,,all-season,AI-detected Shoes processed on 2025-11-08,black-shoes-1762591180.png,public
Black Shoes,Shoes,shoes,,,black,pink|gray,,,all-season,AI-detected Shoes processed on 2025-11-08,black-shoes-1762591309.png,public
Black Shoes,Shoes,shoes,,,black,pink|gray,,,all-season,AI-detected Shoes processed on 2025-11-08,black-shoes-1762591856.png,public
Black Shoes,Shoes,shoes,,,black,pink|gray,,,all-season,AI-detected Shoes processed on 2025-11-08,black-shoes-1762592051.png,public
Black Shoes,Shoes,shoes,,,black,pink|gray,,,all-season,AI-detected Shoes processed on 2025-11-08,black-shoes-1762592099.png,public
Black Shoes,Shoes,shoes,,,black,pink|gray,,,all-season,AI-detected Shoes processed on 2025-11-08,black-shoes-1762592287.png,public
Black Shoes,Shoes,shoes,,,black,pink|gray,,,all-season,AI-detected Shoes processed on 2025-11-08,black-shoes-1762592374.png,public
Black Shoes,Shoes,shoes,,,black,pink|gray,,,all-season,AI-detected Shoes processed on 2025-11-08,black-shoes-1762592404.png,public
Black Shoes,Shoes,shoes,,,black,pink|gray,,,all-season,AI-detected Shoes processed on 2025-11-08,black-shoes-1762592557.png,public
Black Shoes,Shoes,shoes,,,black,pink|gray,,,all-season,AI-detected Shoes processed on 2025-11-08,black-shoes-1762592750.png,public
Black Shoes,Shoes,shoes,,,black,pink|gray,,,all-season,AI-detected Shoes processed on 2025-11-08,black-shoes-1762592806.png,public
Black Shoes,Shoes,shoes,,,black,pink|gray,,,all-season,AI-detected Shoes processed on 2025-11-08,black-shoes-1762592834.png,public
Black Shoes,Shoes,shoes,,,black,pink|gray,,,all-season,AI-detected Shoes processed on 2025-11-08,black-shoes-1762592846.png,public
Black Shoes,Shoes,shoes,,,black,pink|gray,,,all-season,AI-detected Shoes processed on 2025-11-08,black-shoes-1762593083.png,public
Black Shoes,Shoes,shoes,,,black,pink|gray,,,all-season,AI-detected Shoes processed on 2025-11-08,black-shoes-1762593476.png,public
Black Shoes,Shoes,shoes,,,black,pink|gray,,,all-season,AI-detected Shoes processed on 2025-11-08,black-shoes-1762593508.png,public
Black Shoes,Shoes,shoes,,,black,pink|gray,,,all-season,AI-detected Shoes processed on 2025-11-08,black-shoes-1762593963.png,public
Black Shoes,Shoes,shoes,,,black,pink|gray,,,all-season,AI-detected Shoes processed on 2025-11-08,black-shoes-1762594303.png,public
Black Shoes,Shoes,shoes,,,black,pink|gray,,,all-season,AI-detected Shoes processed on 2025-11-08,black-shoes-1762594347.png,public
Black Shoes,Shoes,shoes,,,black,pink|gray,,,all-season,AI-detected Shoes processed on 2025-11-08,black-shoes-1762594381.png,public
Black Shoes,Shoes,shoes,,,black,pink|gray,,,all-season,AI-detected Shoes processed on 2025-11-08,black-shoes-1762594784.png,public
Black Shoes,Shoes,shoes,,,black,pink|gray,,,all-season,AI-detected Shoes processed on 2025-11-08,black-shoes-1762594825.png,public
Black Shoes,Shoes,shoes,,,black,pink|gray,,,all-season,AI-detected Shoes processed on 2025-11-08,black-shoes-1762594829.png,public
Black Shoes,Shoes,shoes,,,black,pink|gray,,,all-season,AI-detected Shoes processed on 2025-11-08,black-shoes-1762595221.png,public
Black Shoes,Shoes,shoes,,,black,pink|gray,,,all-season,AI-detected Shoes processed on 2025-11-08,black-shoes-1762595696.png,public
Black Shoes,Shoes,shoes,,,black,pink|gray,,,all-season,AI-detected Shoes processed on 2025-11-08,black-shoes-1762596486.png,public
Black Shoes,Shoes,shoes,,,black,pink|gray,,,all-season,AI-detected Shoes processed on 2025-11-08,black-shoes-1762596625.png,public
Black Shoes,Shoes,shoes,,,black,pink|gray,,,all-season,AI-detected Shoes processed on 2025-11-08,black-shoes-1762596705.png,public
Black Shoes,Shoes,shoes,,,black,pink|gray,,,all-season,AI-detected Shoes processed on 2025-11-08,black-shoes-1762596988.png,public
Black Shoes,Shoes,shoes,,,black,pink|gray,,,all-season,AI-detected Shoes processed on 2025-11-08,black-shoes-1762596999.png,public
Black Shoes,Shoes,shoes,,,black,pink|gray,,,all-season,AI-detected Shoes processed on 2025-11-08,black-shoes-1762597349.png,public
Black Shoes,Shoes,shoes,,,black,pink|gray,,,all-season,AI-detected Shoes processed on 2025-11-08,black-shoes-1762597617.png,public
Black Shoes,Shoes,shoes,,,black,pink|gray,,,all-season,AI-detected Shoes processed on 2025-11-08,black-shoes-1762597776.png,public
Black Shoes,Shoes,shoes,,,black,pink|gray,,,all-season,AI-detected Shoes processed on 2025-11-08,black-shoes-1762597911.png,public
Black Shoes,Shoes,shoes,,,black,pink|gray,,,all-season,AI-detected Shoes processed on 2025-11-08,black-shoes-1762598171.png,public
Black Shoes,Shoes,shoes,,,black,pink|gray,,,all-season,AI-detected Shoes processed on 2025-11-08,black-shoes-1762598672.png,public
Black Shoes,Shoes,shoes,,,black,pink|gray,,,all-season,AI-detected Shoes processed on 2025-11-08,black-shoes-1762598766.png,public
Black Shoes,Shoes,shoes,,,black,pink|gray,,,all-season,AI-detected Shoes processed on 2025-11-08,black-shoes-1762599038.png,public
Black Shoes,Shoes,shoes,,,black,pink|gray,,,all-season,AI-detected Shoes processed on 2025-11-08,black-shoes-1762599307.png,public
Black Shoes,Shoes,shoes,,,black,pink|gray,,,all-season,AI-detected Shoes processed on 2025-11-08,black-shoes-1762599331.png,public
Black Shoes,Shoes,shoes,,,black,pink|gray,,,all-season,AI-detected Shoes processed on 2025-11-08,black-shoes-1762599735.png,public
Black Shoes,Shoes,shoes,,,black,pink|gray,,,all-season,AI-detected Shoes processed on 2025-11-08,black-shoes-1762599867.png,public
Black Shoes,Shoes,shoes,,,black,pink|gray,,,all-season,AI-detected Shoes processed on 2025-11-08,black-shoes-1762600282.png,public
Black Shoes,Shoes,shoes,,,black,pink|gray,,,all-season,AI-detected Shoes processed on 2025-11-08,black-shoes-1762600328.png,public
Black Shoes,Shoes,shoes,,,black,pink|gray,,,all-season,AI-detected Shoes processed on 2025-11-08,black-shoes-1762600540.png,public
Black Shoes,Shoes,shoes,,,black,pink|gray,,,all-season,AI-detected Shoes processed on 2025-11-08,black-shoes-1762600853.png,public
Black Shoes,Shoes,shoes,,,black,pink|gray,,,all-season,AI-detected Shoes processed on 2025-11-08,black-shoes-1762601090.png,public
Black Shoes,Shoes,shoes,,,black,pink|gray,,,all-season,AI-detected Shoes processed on 2025-11-08,black-shoes-1762601106.png,public
Black Shoes,Shoes,shoes,,,black,pink|gray,,,all-season,AI-detected Shoes processed on 2025-11-08,black-shoes-1762601303.png,public
Black Shoes,Shoes,shoes,,,black,pink|gray,,,all-season,AI-detected Shoes processed on 2025-11-08,black-shoes-1762601416.png,public
Black Shoes,Shoes,shoes,,,black,pink|gray,,,all-season,AI-detected Shoes processed on 2025-11-08,black-shoes-1762601680.png,public
Black Shoes,Shoes,shoes,,,black,pink|gray,,,all-season,AI-detected Shoes processed on 2025-11-08,black-shoes-1762601688.png,public
Black Shoes,Shoes,shoes,,,black,pink|gray,,,all-season,AI-detected Shoes processed on 2025-11-08,black-shoes-1762601709.png,public
Black Shoes,Shoes,shoes,,,black,pink|gray,,,all-season,AI-detected Shoes processed on 2025-11-08,black-shoes-1762601985.png,public
Black Shoes,Shoes,shoes,,,black,pink|gray,,,all-season,AI-detected Shoes processed on 2025-11-08,black-shoes-1762602116.png,public
Black Shoes,Shoes,shoes,,,black,pink|gray,,,all-season,AI-detected Shoes processed on 2025-11-08,black-shoes-1762602280.png,public
Black Shoes,Shoes,shoes,,,black,pink|gray,,,all-season,AI-detected Shoes processed on 2025-11-08,black-shoes-1762602486.png,public
Black Shoes,Shoes,shoes,,,black,pink|gray,,,all-season,AI-detected Shoes processed on 2025-11-08,black-shoes-1762602517.png,public
Black Shoes,Shoes,shoes,,,black,pink|gray,,,all-season,AI-detected Shoes processed on 2025-11-08,black-shoes-1762602602.png,public
Black Shoes,Shoes,shoes,,,black,pink|gray,,,all-season,AI-detected Shoes processed on 2025-11-08,black-shoes-1762602929.png,public
Black Shoes,Shoes,shoes,,,black,pink|gray,,,all-season,AI-detected Shoes processed on 2025-11-08,black-shoes-1762602986.png,public
Black Shoes,Shoes,shoes,,,black,pink|gray,,,all-season,AI-detected Shoes processed on 2025-11-08,black-shoes-1762603054.png,public
Black Shoes,Shoes,shoes,,,black,pink|gray,,,all-season,AI-detected Shoes processed on 2025-11-08,black-shoes-1762603148.png,public
Black Shoes,Shoes,shoes,,,black,pink|gray,,,all-season,AI-detected Shoes processed on 2025-11-08,black-shoes-1762603232.png,public
Black Shoes,Shoes,shoes,,,black,pink|gray,,,all-season,AI-detected Shoes processed on 2025-11-08,black-shoes-1762603374.png,public
Black Shoes,Shoes,shoes,,,black,pink|gray,,,all-season,AI-detected Shoes processed on 2025-11-08,black-shoes-1762603665.png,public
Black Shoes,Shoes,shoes,,,black,pink|gray,,,all-season,AI-detected Shoes processed on 2025-11-08,black-shoes-1762603780.png,public
Black Shoes,Shoes,shoes,,,black,pink|gray,,,all-season,AI-detected Shoes processed on 2025-11-08,black-shoes-1762603884.png,public
Black Shoes,Shoes,shoes,,,black,pink|gray,,,all-season,AI-detected Shoes processed on 2025-11-08,black-shoes-1762604397.png,public
Black Shoes,Shoes,shoes,,,black,pink|gray,,,all-season,AI-detected Shoes processed on 2025-11-08,black-shoes-1762604627.png,public
Black Shoes,Shoes,shoes,,,black,pink|gray,,,all-season,AI-detected Shoes processed on 2025-11-08,black-shoes-1762604834.png,public
Black Shoes,Shoes,shoes,,,black,pink|gray,,,all-season,AI-detected Shoes processed on 2025-11-08,black-shoes-1762605251.png,public
Black Shoes,Shoes,shoes,,,black,pink|gray,,,all-season,AI-detected Shoes processed on 2025-11-08,black-shoes-1762605279.png,public
Black Shoes,Shoes,shoes,,,black,pink|gray,,,all-season,AI-detected Shoes processed on 2025-11-08,black-shoes-1762605520.png,public
Black Shoes,Shoes,shoes,,,black,pink|gray,,,all-season,AI-detected Shoes processed on 2025-11-08,black-shoes-1762605593.png,public
Black Shoes,Shoes,shoes,,,black,pink|gray,,,all-season,AI-detected Shoes processed on 2025-11-08,black-shoes-1762605884.png,public
Black Shoes,Shoes,shoes,,,black,pink|gray,,,all-season,AI-detected Shoes processed on 2025-11-08,black-shoes-1762606433.png,public
Black Shoes,Shoes,shoes,,,black,pink|gray,,,all-season,AI-detected Shoes processed on 2025-11-08,black-shoes-1762606638.png,public
Black Shoes,Shoes,shoes,,,black,pink|gray,,,all-season,AI-detected Shoes processed on 2025-11-08,black-shoes-1762607171.png,public
Black Shoes,Shoes,shoes,,,black,pink|gray,,,all-season,AI-detected Shoes processed on 2025-11-08,black-shoes-1762607295.png,public
Black Shoes,Shoes,shoes,,,black,pink|gray,,,all-season,AI-detected Shoes processed on 2025-11-08,black-shoes-1762607371.png,public
Black Shoes,Shoes,shoes,,,black,pink|gray,,,all-season,AI-detected Shoes processed on 2025-11-08,black-shoes-1762607388.png,public
Black Shoes,Shoes,shoes,,,black,pink|gray,,,all-season,AI-detected Shoes processed on 2025-11-08,black-shoes-1762607414.png,public
Black Shoes,Shoes,shoes,,,black,pink|maroon,,,all-season,AI-detected Shoes processed on 2025-11-08,black-shoes-1762570014.png,public
Black Shoes,Shoes,shoes,,,black,pink|maroon,,,all-season,AI-detected Shoes processed on 2025-11-08,black-shoes-1762579502.png,public
Black Shoes,Shoes,shoes,,,black,pink|olive,,,all-season,AI-detected Shoes processed on 2025-11-08,black-shoes-1762568634.png,public
Black Shoes,Shoes,shoes,,,black,pink|olive,,,all-season,AI-detected Shoes processed on 2025-11-08,black-shoes-1762570512.png,public
Black Shoes,Shoes,shoes,,,black,pink|olive,,,all-season,AI-detected Shoes processed on 2025-11-08,black-shoes-1762571606.png,public
Black Shoes,Shoes,shoes,,,black,pink|olive,,,all-season,AI-detected Shoes processed on 2025-11-08,black-shoes-1762583131.png,public
Black Shoes,Shoes,shoes,,,black,pink|olive,,,all-season,AI-detected Shoes processed on 2025-11-08,black-shoes-1762604942.png,public
Black Shoes,Shoes,shoes,,,black,pink|olive,,,all-season,AI-detected Shoes processed on 2025-11-08,black-shoes-1762605530.png,public
Black Shoes,Shoes,shoes,,,black,pink|olive,,,all-season,AI-detected Shoes processed on 2025-11-08,black-shoes-1762606084.png,public
Black Shoes,Shoes,shoes,,,black,pink|orange,,,all-season,AI-detected Shoes processed on 2025-11-08,black-shoes-1762571303.png,public
Black Shoes,Shoes,shoes,,,black,pink|orange,,,all-season,AI-detected Shoes processed on 2025-11-08,black-shoes-1762576615.png,public
Black Shoes,Shoes,shoes,,,black,pink|orange,,,all-season,AI-detected Shoes processed on 2025-11-08,black-shoes-1762593670.png,public
Black Shoes,Shoes,shoes,,,black,pink|orange,,,all-season,AI-detected Shoes processed on 2025-11-08,black-shoes-1762607680.png,public
Black Shoes,Shoes,shoes,,,black,pink|purple,,,all-season,AI-detected Shoes processed on 2025-11-08,black-shoes-1762569585.png,public
Black Shoes,Shoes,shoes,,,black,pink|teal,,,all-season,AI-detected Shoes processed on 2025-11-08,black-shoes-1762577488.png,public
Black Shoes,Shoes,shoes,,,black,pink|teal,,,all-season,AI-detected Shoes processed on 2025-11-08,black-shoes-1762590783.png,public
Black Shoes,Shoes,shoes,,,black,pink|teal,,,all-season,AI-detected Shoes processed on 2025-11-08,black-shoes-1762594033.png,public
Black Shoes,Shoes,shoes,,,black,pink|teal,,,all-season,AI-detected Shoes processed on 2025-11-08,black-shoes-1762603403.png,public
Black Shoes,Shoes,shoes,,,black,pink|white,,,all-season,AI-detected Shoes processed on 2025-11-08,black-shoes-1762584123.png,public
Black Shoes,Shoes,shoes,,,black,pink|white,,,all-season,AI-detected Shoes processed on 2025-11-08,black-shoes-1762593712.png,public
Black Shoes,Shoes,shoes,,,black,purple,,,all-season,AI-detected Shoes processed on 2025-11-08,black-shoes-1762597294.png,public
Black Shoes,Shoes,shoes,,,black,purple|beige,,,all-season,AI-detected Shoes processed on 2025-11-08,black-shoes-1762583107.png,public
Black Shoes,Shoes,shoes,,,black,purple|gray,,,all-season,AI-detected Shoes processed on 2025-11-08,black-shoes-1762569996.png,public
Black Shoes,Shoes,shoes,,,black,purple|gray,,,all-season,AI-detected Shoes processed on 2025-11-08,black-shoes-1762570324.png,public
Black Shoes,Shoes,shoes,,,black,red|gray,,,all-season,AI-detected Shoes processed on 2025-11-08,black-shoes-1762578654.png,public
Black Shoes,Shoes,shoes,,,black,red|gray,,,all-season,AI-detected Shoes processed on 2025-11-08,black-shoes-1762582816.png,public
Black Shoes,Shoes,shoes,,,black,red|gray,,,all-season,AI-detected Shoes processed on 2025-11-08,black-shoes-1762601008.png,public
Black Shoes,Shoes,shoes,,,black,teal,,,all-season,AI-detected Shoes processed on 2025-11-08,black-shoes-1762576792.png,public
Black Shoes,Shoes,shoes,,,black,teal|beige,,,all-season,AI-detected Shoes processed on 2025-11-08,black-shoes-1762600404.png,public
Black Shoes,Shoes,shoes,,,black,teal|brown,,,all-season,AI-detected Shoes processed on 2025-11-08,black-shoes-1762580457.png,public
Black Shoes,Shoes,shoes,,,black,teal|gray,,,all-season,AI-detected Shoes processed on 2025-11-08,black-shoes-1762569293.png,public
Black Shoes,Shoes,shoes,,,black,teal|gray,,,all-season,AI-detected Shoes processed on 2025-11-08,black-shoes-1762569854.png,public
Black Shoes,Shoes,shoes,,,black,teal|gray,,,all-season,AI-detected Shoes processed on 2025-11-08,black-shoes-1762570966.png,public
Black Shoes,Shoes,shoes,,,black,teal|gray,,,all-season,AI-detected Shoes processed on 2025-11-08,black-shoes-1762573624.png,public
Black Shoes,Shoes,shoes,,,black,teal|gray,,,all-season,AI-detected Shoes processed on 2025-11-08,black-shoes-1762574066.png,public
Black Shoes,Shoes,shoes,,,black,teal|gray,,,all-season,AI-detected Shoes processed on 2025-11-08,black-shoes-1762580572.png,public
Black Shoes,Shoes,shoes,,,black,teal|gray,,,all-season,AI-detected Shoes processed on 2025-11-08,black-shoes-1762593835.png,public
Black Shoes,Shoes,shoes,,,black,teal|gray,,,all-season,AI-detected Shoes processed on 2025-11-08,black-shoes-1762603570.png,public
Black Shoes,Shoes,shoes,,,black,teal|pink,,,all-season,AI-detected Shoes processed on 2025-11-08,black-shoes-1762573237.png,public
Black Shoes,Shoes,shoes,,,black,teal|pink,,,all-season,AI-detected Shoes processed on 2025-11-08,black-shoes-1762573479.png,public
Black Shoes,Shoes,shoes,,,black,teal|pink,,,all-season,AI-detected Shoes processed on 2025-11-08,black-shoes-1762578032.png,public
Black Shoes,Shoes,shoes,,,black,teal|pink,,,all-season,AI-detected Shoes processed on 2025-11-08,black-shoes-1762581940.png,public
Black Shoes,Shoes,shoes,,,black,white,,,all-season,AI-detected Shoes processed on 2025-11-08,black-shoes-1762581538.png,public
Black Shoes,Shoes,shoes,,,black,white|gray,,,all-season,AI-detected Shoes processed on 2025-11-08,black-shoes-1762571458.png,public
Black Shoes,Shoes,shoes,,,black,white|gray,,,all-season,AI-detected Shoes processed on 2025-11-08,black-shoes-1762577824.png,public
Black Shoes,Shoes,shoes,,,black,white|gray,,,all-season,AI-detected Shoes processed on 2025-11-08,black-shoes-1762578430.png,public
Black Shoes,Shoes,shoes,,,black,white|gray,,,all-season,AI-detected Shoes processed on 2025-11-08,black-shoes-1762582401.png,public
Black Shoes,Shoes,shoes,,,black,white|pink,,,all-season,AI-detected Shoes processed on 2025-11-08,black-shoes-1762588858.png,public
Black Shoes,Shoes,shoes,,,black,white|pink,,,all-season,AI-detected Shoes processed on 2025-11-08,black-shoes-1762588996.png,public
Black Shoes,Shoes,shoes,,,black,yellow|gray,,,all-season,AI-detected Shoes processed on 2025-11-08,black-shoes-1762578649.png,public
Black Shoes,Shoes,shoes,,,black,yellow|gray,,,all-season,AI-detected Shoes processed on 2025-11-08,black-shoes-1762601569.png,public
Black Shorts,Shorts,bottom,,,black,,,,all-season,AI-detected Shorts processed on 2025-11-08,black-shorts-1762591019.png,public
Black Shorts,Shorts,bottom,,,black,,,,all-season,AI-detected Shorts processed on 2025-11-08,black-shorts-1762593876.png,public
Black Shorts,Shorts,bottom,,,black,,,,all-season,AI-detected Shorts processed on 2025-11-08,black-shorts-1762601927.png,public
Black Shorts,Shorts,bottom,,,black,beige,,,all-season,AI-detected Shorts processed on 2025-11-08,black-shorts-1762588100.png,public
Black Shorts,Shorts,bottom,,,black,brown,,,all-season,AI-detected Shorts processed on 2025-11-08,black-shorts-1762586328.png,public
Black Shorts,Shorts,bottom,,,black,brown,,,all-season,AI-detected Shorts processed on 2025-11-08,black-shorts-1762595479.png,public
Black Shorts,Shorts,bottom,,,black,gray,,,all-season,AI-detected Shorts processed on 2025-11-08,black-shorts-1762570092.png,public
Black Shorts,Shorts,bottom,,,black,gray,,,all-season,AI-detected Shorts processed on 2025-11-08,black-shorts-1762578449.png,public
Black Shorts,Shorts,bottom,,,black,gray,,,all-season,AI-detected Shorts processed on 2025-11-08,black-shorts-1762579908.png,public
Black Shorts,Shorts,bottom,,,black,gray,,,all-season,AI-detected Shorts processed on 2025-11-08,black-shorts-1762581044.png,public
Black Shorts,Shorts,bottom,,,black,gray,,,all-season,AI-detected Shorts processed on 2025-11-08,black-shorts-1762582034.png,public
Black Shorts,Shorts,bottom,,,black,gray,,,all-season,AI-detected Shorts processed on 2025-11-08,black-shorts-1762583914.png,public
Black Shorts,Shorts,bottom,,,black,gray,,,all-season,AI-detected Shorts processed on 2025-11-08,black-shorts-1762588549.png,public
Black Shorts,Shorts,bottom,,,black,gray,,,all-season,AI-detected Shorts processed on 2025-11-08,black-shorts-1762589276.png,public
Black Shorts,Shorts,bottom,,,black,gray,,,all-season,AI-detected Shorts processed on 2025-11-08,black-shorts-1762601126.png,public
Black Shorts,Shorts,bottom,,,black,gray,,,all-season,AI-detected Shorts processed on 2025-11-08,black-shorts-1762606505.png,public
Black Shorts,Shorts,bottom,,,black,gray|navy,,,all-season,AI-detected Shorts processed on 2025-11-08,black-shorts-1762581171.png,public
Black Shorts,Shorts,bottom,,,black,gray|navy,,,all-season,AI-detected Shorts processed on 2025-11-08,black-shorts-1762595164.png,public
Black Shorts,Shorts,bottom,,,black,gray|navy,,,all-season,AI-detected Shorts processed on 2025-11-08,black-shorts-1762602533.png,public
Black Shorts,Shorts,bottom,,,black,gray|teal,,,all-season,AI-detected Shorts processed on 2025-11-08,black-shorts-1762575129.png,public
Black Shorts,Shorts,bottom,,,black,navy|gray,,,all-season,AI-detected Shorts processed on 2025-11-08,black-shorts-1762569912.png,public
Black Shorts,Shorts,bottom,,,black,navy|gray,,,all-season,AI-detected Shorts processed on 2025-11-08,black-shorts-1762570348.png,public
Black Shorts,Shorts,bottom,,,black,pink,,,all-season,AI-detected Shorts processed on 2025-11-08,black-shorts-1762599685.png,public
Black Shorts,Shorts,bottom,,,black,pink,,,all-season,AI-detected Shorts processed on 2025-11-08,black-shorts-1762604190.png,public
Black Shorts,Shorts,bottom,,,black,teal|gray,,,all-season,AI-detected Shorts processed on 2025-11-08,black-shorts-1762604373.png,public
Black Skirt,Skirt,bottom,,,black,,,,all-season,AI-detected Skirt processed on 2025-11-08,black-skirt-1762568590.png,public
Black Skirt,Skirt,bottom,,,black,,,,all-season,AI-detected Skirt processed on 2025-11-08,black-skirt-1762568765.png,public
Black Skirt,Skirt,bottom,,,black,,,,all-season,AI-detected Skirt processed on 2025-11-08,black-skirt-1762569200.png,public
Black Skirt,Skirt,bottom,,,black,,,,all-season,AI-detected Skirt processed on 2025-11-08,black-skirt-1762569304.png,public
Black Skirt,Skirt,bottom,,,black,,,,all-season,AI-detected Skirt processed on 2025-11-08,black-skirt-1762569337.png,public
Black Skirt,Skirt,bottom,,,black,,,,all-season,AI-detected Skirt processed on 2025-11-08,black-skirt-1762569512.png,public
Black Skirt,Skirt,bottom,,,black,,,,all-season,AI-detected Skirt processed on 2025-11-08,black-skirt-1762569562.png,public
Black Skirt,Skirt,bottom,,,black,,,,all-season,AI-detected Skirt processed on 2025-11-08,black-skirt-1762569568.png,public
Black Skirt,Skirt,bottom,,,black,,,,all-season,AI-detected Skirt processed on 2025-11-08,black-skirt-1762569787.png,public
Black Skirt,Skirt,bottom,,,black,,,,all-season,AI-detected Skirt processed on 2025-11-08,black-skirt-1762569815.png,public
Black Skirt,Skirt,bottom,,,black,,,,all-season,AI-detected Skirt processed on 2025-11-08,black-skirt-1762569844.png,public
Black Skirt,Skirt,bottom,,,black,,,,all-season,AI-detected Skirt processed on 2025-11-08,black-skirt-1762570003.png,public
Black Skirt,Skirt,bottom,,,black,,,,all-season,AI-detected Skirt processed on 2025-11-08,black-skirt-1762570055.png,public
Black Skirt,Skirt,bottom,,,black,,,,all-season,AI-detected Skirt processed on 2025-11-08,black-skirt-1762570186.png,public
Black Skirt,Skirt,bottom,,,black,,,,all-season,AI-detected Skirt processed on 2025-11-08,black-skirt-1762570544.png,public
Black Skirt,Skirt,bottom,,,black,,,,all-season,AI-detected Skirt processed on 2025-11-08,black-skirt-1762570581.png,public
Black Skirt,Skirt,bottom,,,black,,,,all-season,AI-detected Skirt processed on 2025-11-08,black-skirt-1762570586.png,public
Black Skirt,Skirt,bottom,,,black,,,,all-season,AI-detected Skirt processed on 2025-11-08,black-skirt-1762570738.png,public
Black Skirt,Skirt,bottom,,,black,,,,all-season,AI-detected Skirt processed on 2025-11-08,black-skirt-1762571160.png,public
Black Skirt,Skirt,bottom,,,black,,,,all-season,AI-detected Skirt processed on 2025-11-08,black-skirt-1762571336.png,public
Black Skirt,Skirt,bottom,,,black,,,,all-season,AI-detected Skirt processed on 2025-11-08,black-skirt-1762571483.png,public
Black Skirt,Skirt,bottom,,,black,,,,all-season,AI-detected Skirt processed on 2025-11-08,black-skirt-1762571503.png,public
Black Skirt,Skirt,bottom,,,black,,,,all-season,AI-detected Skirt processed on 2025-11-08,black-skirt-1762571509.png,public
Black Skirt,Skirt,bottom,,,black,,,,all-season,AI-detected Skirt processed on 2025-11-08,black-skirt-1762571976.png,public
Black Skirt,Skirt,bottom,,,black,,,,all-season,AI-detected Skirt processed on 2025-11-08,black-skirt-1762572550.png,public
Black Skirt,Skirt,bottom,,,black,,,,all-season,AI-detected Skirt processed on 2025-11-08,black-skirt-1762572757.png,public
Black Skirt,Skirt,bottom,,,black,,,,all-season,AI-detected Skirt processed on 2025-11-08,black-skirt-1762573108.png,public
Black Skirt,Skirt,bottom,,,black,,,,all-season,AI-detected Skirt processed on 2025-11-08,black-skirt-1762573180.png,public
Black Skirt,Skirt,bottom,,,black,,,,all-season,AI-detected Skirt processed on 2025-11-08,black-skirt-1762573196.png,public
Black Skirt,Skirt,bottom,,,black,,,,all-season,AI-detected Skirt processed on 2025-11-08,black-skirt-1762573442.png,public
Black Skirt,Skirt,bottom,,,black,,,,all-season,AI-detected Skirt processed on 2025-11-08,black-skirt-1762573509.png,public
Black Skirt,Skirt,bottom,,,black,,,,all-season,AI-detected Skirt processed on 2025-11-08,black-skirt-1762573606.png,public
Black Skirt,Skirt,bottom,,,black,,,,all-season,AI-detected Skirt processed on 2025-11-08,black-skirt-1762573877.png,public
Black Skirt,Skirt,bottom,,,black,,,,all-season,AI-detected Skirt processed on 2025-11-08,black-skirt-1762573952.png,public
Black Skirt,Skirt,bottom,,,black,,,,all-season,AI-detected Skirt processed on 2025-11-08,black-skirt-1762574040.png,public
Black Skirt,Skirt,bottom,,,black,,,,all-season,AI-detected Skirt processed on 2025-11-08,black-skirt-1762574174.png,public
Black Skirt,Skirt,bottom,,,black,,,,all-season,AI-detected Skirt processed on 2025-11-08,black-skirt-1762574719.png,public
Black Skirt,Skirt,bottom,,,black,,,,all-season,AI-detected Skirt processed on 2025-11-08,black-skirt-1762576118.png,public
Black Skirt,Skirt,bottom,,,black,,,,all-season,AI-detected Skirt processed on 2025-11-08,black-skirt-1762576135.png,public
Black Skirt,Skirt,bottom,,,black,,,,all-season,AI-detected Skirt processed on 2025-11-08,black-skirt-1762576425.png,public
Black Skirt,Skirt,bottom,,,black,,,,all-season,AI-detected Skirt processed on 2025-11-08,black-skirt-1762576484.png,public
Black Skirt,Skirt,bottom,,,black,,,,all-season,AI-detected Skirt processed on 2025-11-08,black-skirt-1762576587.png,public
Black Skirt,Skirt,bottom,,,black,,,,all-season,AI-detected Skirt processed on 2025-11-08,black-skirt-1762576608.png,public
Black Skirt,Skirt,bottom,,,black,,,,all-season,AI-detected Skirt processed on 2025-11-08,black-skirt-1762577023.png,public
Black Skirt,Skirt,bottom,,,black,,,,all-season,AI-detected Skirt processed on 2025-11-08,black-skirt-1762577314.png,public
Black Skirt,Skirt,bottom,,,black,,,,all-season,AI-detected Skirt processed on 2025-11-08,black-skirt-1762577632.png,public
Black Skirt,Skirt,bottom,,,black,,,,all-season,AI-detected Skirt processed on 2025-11-08,black-skirt-1762578025.png,public
Black Skirt,Skirt,bottom,,,black,,,,all-season,AI-detected Skirt processed on 2025-11-08,black-skirt-1762578395.png,public
Black Skirt,Skirt,bottom,,,black,,,,all-season,AI-detected Skirt processed on 2025-11-08,black-skirt-1762580032.png,public
Black Skirt,Skirt,bottom,,,black,,,,all-season,AI-detected Skirt processed on 2025-11-08,black-skirt-1762580637.png,public
Black Skirt,Skirt,bottom,,,black,,,,all-season,AI-detected Skirt processed on 2025-11-08,black-skirt-1762580778.png,public
Black Skirt,Skirt,bottom,,,black,,,,all-season,AI-detected Skirt processed on 2025-11-08,black-skirt-1762580808.png,public
Black Skirt,Skirt,bottom,,,black,,,,all-season,AI-detected Skirt processed on 2025-11-08,black-skirt-1762581051.png,public
Black Skirt,Skirt,bottom,,,black,,,,all-season,AI-detected Skirt processed on 2025-11-08,black-skirt-1762581077.png,public
Black Skirt,Skirt,bottom,,,black,,,,all-season,AI-detected Skirt processed on 2025-11-08,black-skirt-1762581366.png,public
Black Skirt,Skirt,bottom,,,black,,,,all-season,AI-detected Skirt processed on 2025-11-08,black-skirt-1762582045.png,public
Black Skirt,Skirt,bottom,,,black,,,,all-season,AI-detected Skirt processed on 2025-11-08,black-skirt-1762582171.png,public
Black Skirt,Skirt,bottom,,,black,,,,all-season,AI-detected Skirt processed on 2025-11-08,black-skirt-1762582235.png,public
Black Skirt,Skirt,bottom,,,black,,,,all-season,AI-detected Skirt processed on 2025-11-08,black-skirt-1762582257.png,public
Black Skirt,Skirt,bottom,,,black,,,,all-season,AI-detected Skirt processed on 2025-11-08,black-skirt-1762582543.png,public
Black Skirt,Skirt,bottom,,,black,,,,all-season,AI-detected Skirt processed on 2025-11-08,black-skirt-1762582678.png,public
Black Skirt,Skirt,bottom,,,black,,,,all-season,AI-detected Skirt processed on 2025-11-08,black-skirt-1762583015.png,public
Black Skirt,Skirt,bottom,,,black,,,,all-season,AI-detected Skirt processed on 2025-11-08,black-skirt-1762583140.png,public
Black Skirt,Skirt,bottom,,,black,,,,all-season,AI-detected Skirt processed on 2025-11-08,black-skirt-1762583344.png,public
Black Skirt,Skirt,bottom,,,black,,,,all-season,AI-detected Skirt processed on 2025-11-08,black-skirt-1762583410.png,public
Black Skirt,Skirt,bottom,,,black,,,,all-season,AI-detected Skirt processed on 2025-11-08,black-skirt-1762584152.png,public
Black Skirt,Skirt,bottom,,,black,,,,all-season,AI-detected Skirt processed on 2025-11-08,black-skirt-1762584262.png,public
Black Skirt,Skirt,bottom,,,black,,,,all-season,AI-detected Skirt processed on 2025-11-08,black-skirt-1762584445.png,public
Black Skirt,Skirt,bottom,,,black,,,,all-season,AI-detected Skirt processed on 2025-11-08,black-skirt-1762584520.png,public
Black Skirt,Skirt,bottom,,,black,,,,all-season,AI-detected Skirt processed on 2025-11-08,black-skirt-1762584545.png,public
Black Skirt,Skirt,bottom,,,black,,,,all-season,AI-detected Skirt processed on 2025-11-08,black-skirt-1762584639.png,public
Black Skirt,Skirt,bottom,,,black,,,,all-season,AI-detected Skirt processed on 2025-11-08,black-skirt-1762584681.png,public
Black Skirt,Skirt,bottom,,,black,,,,all-season,AI-detected Skirt processed on 2025-11-08,black-skirt-1762584743.png,public
Black Skirt,Skirt,bottom,,,black,,,,all-season,AI-detected Skirt processed on 2025-11-08,black-skirt-1762584843.png,public
Black Skirt,Skirt,bottom,,,black,,,,all-season,AI-detected Skirt processed on 2025-11-08,black-skirt-1762585040.png,public
Black Skirt,Skirt,bottom,,,black,,,,all-season,AI-detected Skirt processed on 2025-11-08,black-skirt-1762585591.png,public
Black Skirt,Skirt,bottom,,,black,,,,all-season,AI-detected Skirt processed on 2025-11-08,black-skirt-1762586174.png,public
Black Skirt,Skirt,bottom,,,black,,,,all-season,AI-detected Skirt processed on 2025-11-08,black-skirt-1762586411.png,public
Black Skirt,Skirt,bottom,,,black,,,,all-season,AI-detected Skirt processed on 2025-11-08,black-skirt-1762586461.png,public
Black Skirt,Skirt,bottom,,,black,,,,all-season,AI-detected Skirt processed on 2025-11-08,black-skirt-1762586649.png,public
Black Skirt,Skirt,bottom,,,black,,,,all-season,AI-detected Skirt processed on 2025-11-08,black-skirt-1762587065.png,public
Black Skirt,Skirt,bottom,,,black,,,,all-season,AI-detected Skirt processed on 2025-11-08,black-skirt-1762587121.png,public
Black Skirt,Skirt,bottom,,,black,,,,all-season,AI-detected Skirt processed on 2025-11-08,black-skirt-1762587232.png,public
Black Skirt,Skirt,bottom,,,black,,,,all-season,AI-detected Skirt processed on 2025-11-08,black-skirt-1762587706.png,public
Black Skirt,Skirt,bottom,,,black,,,,all-season,AI-detected Skirt processed on 2025-11-08,black-skirt-1762587972.png,public
Black Skirt,Skirt,bottom,,,black,,,,all-season,AI-detected Skirt processed on 2025-11-08,black-skirt-1762588131.png,public
Black Skirt,Skirt,bottom,,,black,,,,all-season,AI-detected Skirt processed on 2025-11-08,black-skirt-1762588183.png,public
Black Skirt,Skirt,bottom,,,black,,,,all-season,AI-detected Skirt processed on 2025-11-08,black-skirt-1762588408.png,public
Black Skirt,Skirt,bottom,,,black,,,,all-season,AI-detected Skirt processed on 2025-11-08,black-skirt-1762588628.png,public
Black Skirt,Skirt,bottom,,,black,,,,all-season,AI-detected Skirt processed on 2025-11-08,black-skirt-1762588730.png,public
Black Skirt,Skirt,bottom,,,black,,,,all-season,AI-detected Skirt processed on 2025-11-08,black-skirt-1762589154.png,public
Black Skirt,Skirt,bottom,,,black,,,,all-season,AI-detected Skirt processed on 2025-11-08,black-skirt-1762589428.png,public
Black Skirt,Skirt,bottom,,,black,,,,all-season,AI-detected Skirt processed on 2025-11-08,black-skirt-1762589670.png,public
Black Skirt,Skirt,bottom,,,black,,,,all-season,AI-detected Skirt processed on 2025-11-08,black-skirt-1762589762.png,public
Black Skirt,Skirt,bottom,,,black,,,,all-season,AI-detected Skirt processed on 2025-11-08,black-skirt-1762589773.png,public
Black Skirt,Skirt,bottom,,,black,,,,all-season,AI-detected Skirt processed on 2025-11-08,black-skirt-1762589850.png,public
Black Skirt,Skirt,bottom,,,black,,,,all-season,AI-detected Skirt processed on 2025-11-08,black-skirt-1762590040.png,public
Black Skirt,Skirt,bottom,,,black,,,,all-season,AI-detected Skirt processed on 2025-11-08,black-skirt-1762590381.png,public
Black Skirt,Skirt,bottom,,,black,,,,all-season,AI-detected Skirt processed on 2025-11-08,black-skirt-1762590552.png,public
Black Skirt,Skirt,bottom,,,black,,,,all-season,AI-detected Skirt processed on 2025-11-08,black-skirt-1762590642.png,public
Black Skirt,Skirt,bottom,,,black,,,,all-season,AI-detected Skirt processed on 2025-11-08,black-skirt-1762590918.png,public
Black Skirt,Skirt,bottom,,,black,,,,all-season,AI-detected Skirt processed on 2025-11-08,black-skirt-1762590938.png,public
Black Skirt,Skirt,bottom,,,black,,,,all-season,AI-detected Skirt processed on 2025-11-08,black-skirt-1762591330.png,public
Black Skirt,Skirt,bottom,,,black,,,,all-season,AI-detected Skirt processed on 2025-11-08,black-skirt-1762591335.png,public
Black Skirt,Skirt,bottom,,,black,,,,all-season,AI-detected Skirt processed on 2025-11-08,black-skirt-1762591775.png,public
Black Skirt,Skirt,bottom,,,black,,,,all-season,AI-detected Skirt processed on 2025-11-08,black-skirt-1762591809.png,public
Black Skirt,Skirt,bottom,,,black,,,,all-season,AI-detected Skirt processed on 2025-11-08,black-skirt-1762591850.png,public
Black Skirt,Skirt,bottom,,,black,,,,all-season,AI-detected Skirt processed on 2025-11-08,black-skirt-1762591941.png,public
Black Skirt,Skirt,bottom,,,black,,,,all-season,AI-detected Skirt processed on 2025-11-08,black-skirt-1762592009.png,public
Black Skirt,Skirt,bottom,,,black,,,,all-season,AI-detected Skirt processed on 2025-11-08,black-skirt-1762592158.png,public
Black Skirt,Skirt,bottom,,,black,,,,all-season,AI-detected Skirt processed on 2025-11-08,black-skirt-1762592328.png,public
Black Skirt,Skirt,bottom,,,black,,,,all-season,AI-detected Skirt processed on 2025-11-08,black-skirt-1762592664.png,public
Black Skirt,Skirt,bottom,,,black,,,,all-season,AI-detected Skirt processed on 2025-11-08,black-skirt-1762592682.png,public
Black Skirt,Skirt,bottom,,,black,,,,all-season,AI-detected Skirt processed on 2025-11-08,black-skirt-1762593236.png,public
Black Skirt,Skirt,bottom,,,black,,,,all-season,AI-detected Skirt processed on 2025-11-08,black-skirt-1762593918.png,public
Black Skirt,Skirt,bottom,,,black,,,,all-season,AI-detected Skirt processed on 2025-11-08,black-skirt-1762594378.png,public
Black Skirt,Skirt,bottom,,,black,,,,all-season,AI-detected Skirt processed on 2025-11-08,black-skirt-1762594481.png,public
Black Skirt,Skirt,bottom,,,black,,,,all-season,AI-detected Skirt processed on 2025-11-08,black-skirt-1762594617.png,public
Black Skirt,Skirt,bottom,,,black,,,,all-season,AI-detected Skirt processed on 2025-11-08,black-skirt-1762594856.png,public
Black Skirt,Skirt,bottom,,,black,,,,all-season,AI-detected Skirt processed on 2025-11-08,black-skirt-1762594972.png,public
Black Skirt,Skirt,bottom,,,black,,,,all-season,AI-detected Skirt processed on 2025-11-08,black-skirt-1762595931.png,public
Black Skirt,Skirt,bottom,,,black,,,,all-season,AI-detected Skirt processed on 2025-11-08,black-skirt-1762596124.png,public
Black Skirt,Skirt,bottom,,,black,,,,all-season,AI-detected Skirt processed on 2025-11-08,black-skirt-1762596638.png,public
Black Skirt,Skirt,bottom,,,black,,,,all-season,AI-detected Skirt processed on 2025-11-08,black-skirt-1762596847.png,public
Black Skirt,Skirt,bottom,,,black,,,,all-season,AI-detected Skirt processed on 2025-11-08,black-skirt-1762597806.png,public
Black Skirt,Skirt,bottom,,,black,,,,all-season,AI-detected Skirt processed on 2025-11-08,black-skirt-1762598326.png,public
Black Skirt,Skirt,bottom,,,black,,,,all-season,AI-detected Skirt processed on 2025-11-08,black-skirt-1762598491.png,public
Black Skirt,Skirt,bottom,,,black,,,,all-season,AI-detected Skirt processed on 2025-11-08,black-skirt-1762598952.png,public
Black Skirt,Skirt,bottom,,,black,,,,all-season,AI-detected Skirt processed on 2025-11-08,black-skirt-1762599126.png,public
Black Skirt,Skirt,bottom,,,black,,,,all-season,AI-detected Skirt processed on 2025-11-08,black-skirt-1762599342.png,public
Black Skirt,Skirt,bottom,,,black,,,,all-season,AI-detected Skirt processed on 2025-11-08,black-skirt-1762599996.png,public
Black Skirt,Skirt,bottom,,,black,,,,all-season,AI-detected Skirt processed on 2025-11-08,black-skirt-1762600186.png,public
Black Skirt,Skirt,bottom,,,black,,,,all-season,AI-detected Skirt processed on 2025-11-08,black-skirt-1762600195.png,public
Black Skirt,Skirt,bottom,,,black,,,,all-season,AI-detected Skirt processed on 2025-11-08,black-skirt-1762602313.png,public
Black Skirt,Skirt,bottom,,,black,,,,all-season,AI-detected Skirt processed on 2025-11-08,black-skirt-1762602323.png,public
Black Skirt,Skirt,bottom,,,black,,,,all-season,AI-detected Skirt processed on 2025-11-08,black-skirt-1762603720.png,public
Black Skirt,Skirt,bottom,,,black,,,,all-season,AI-detected Skirt processed on 2025-11-08,black-skirt-1762603866.png,public
Black Skirt,Skirt,bottom,,,black,,,,all-season,AI-detected Skirt processed on 2025-11-08,black-skirt-1762604957.png,public
Black Skirt,Skirt,bottom,,,black,,,,all-season,AI-detected Skirt processed on 2025-11-08,black-skirt-1762606668.png,public
Black Skirt,Skirt,bottom,,,black,,,,all-season,AI-detected Skirt processed on 2025-11-08,black-skirt-1762607395.png,public
Black Skirt,Skirt,bottom,,,black,beige,,,all-season,AI-detected Skirt processed on 2025-11-08,black-skirt-1762590202.png,public
Black Skirt,Skirt,bottom,,,black,beige,,,all-season,AI-detected Skirt processed on 2025-11-08,black-skirt-1762590658.png,public
Black Skirt,Skirt,bottom,,,black,beige,,,all-season,AI-detected Skirt processed on 2025-11-08,black-skirt-1762593790.png,public
Black Skirt,Skirt,bottom,,,black,beige,,,all-season,AI-detected Skirt processed on 2025-11-08,black-skirt-1762596832.png,public
Black Skirt,Skirt,bottom,,,black,beige,,,all-season,AI-detected Skirt processed on 2025-11-08,black-skirt-1762601020.png,public
Black Skirt,Skirt,bottom,,,black,beige,,,all-season,AI-detected Skirt processed on 2025-11-08,black-skirt-1762601535.png,public
Black Skirt,Skirt,bottom,,,black,beige,,,all-season,AI-detected Skirt processed on 2025-11-08,black-skirt-1762602006.png,public
Black Skirt,Skirt,bottom,,,black,beige|gray,,,all-season,AI-detected Skirt processed on 2025-11-08,black-skirt-1762569689.png,public
Black Skirt,Skirt,bottom,,,black,brown,,,all-season,AI-detected Skirt processed on 2025-11-08,black-skirt-1762568520.png,public
Black Skirt,Skirt,bottom,,,black,brown,,,all-season,AI-detected Skirt processed on 2025-11-08,black-skirt-1762569540.png,public
Black Skirt,Skirt,bottom,,,black,brown,,,all-season,AI-detected Skirt processed on 2025-11-08,black-skirt-1762570146.png,public
Black Skirt,Skirt,bottom,,,black,brown,,,all-season,AI-detected Skirt processed on 2025-11-08,black-skirt-1762570318.png,public
Black Skirt,Skirt,bottom,,,black,brown,,,all-season,AI-detected Skirt processed on 2025-11-08,black-skirt-1762573672.png,public
Black Skirt,Skirt,bottom,,,black,brown,,,all-season,AI-detected Skirt processed on 2025-11-08,black-skirt-1762574915.png,public
Black Skirt,Skirt,bottom,,,black,brown,,,all-season,AI-detected Skirt processed on 2025-11-08,black-skirt-1762575004.png,public
Black Skirt,Skirt,bottom,,,black,brown,,,all-season,AI-detected Skirt processed on 2025-11-08,black-skirt-1762575173.png,public
Black Skirt,Skirt,bottom,,,black,brown,,,all-season,AI-detected Skirt processed on 2025-11-08,black-skirt-1762583302.png,public
Black Skirt,Skirt,bottom,,,black,brown,,,all-season,AI-detected Skirt processed on 2025-11-08,black-skirt-1762583573.png,public
Black Skirt,Skirt,bottom,,,black,brown,,,all-season,AI-detected Skirt processed on 2025-11-08,black-skirt-1762585214.png,public
Black Skirt,Skirt,bottom,,,black,brown,,,all-season,AI-detected Skirt processed on 2025-11-08,black-skirt-1762586170.png,public
Black Skirt,Skirt,bottom,,,black,brown,,,all-season,AI-detected Skirt processed on 2025-11-08,black-skirt-1762588239.png,public
Black Skirt,Skirt,bottom,,,black,brown,,,all-season,AI-detected Skirt processed on 2025-11-08,black-skirt-1762589090.png,public
Black Skirt,Skirt,bottom,,,black,brown,,,all-season,AI-detected Skirt processed on 2025-11-08,black-skirt-1762589103.png,public
Black Skirt,Skirt,bottom,,,black,brown,,,all-season,AI-detected Skirt processed on 2025-11-08,black-skirt-1762590053.png,public
Black Skirt,Skirt,bottom,,,black,brown,,,all-season,AI-detected Skirt processed on 2025-11-08,black-skirt-1762590440.png,public
Black Skirt,Skirt,bottom,,,black,brown,,,all-season,AI-detected Skirt processed on 2025-11-08,black-skirt-1762591970.png,public
Black Skirt,Skirt,bottom,,,black,brown,,,all-season,AI-detected Skirt processed on 2025-11-08,black-skirt-1762593378.png,public
Black Skirt,Skirt,bottom,,,black,brown,,,all-season,AI-detected Skirt processed on 2025-11-08,black-skirt-1762598455.png,public
Black Skirt,Skirt,bottom,,,black,brown,,,all-season,AI-detected Skirt processed on 2025-11-08,black-skirt-1762599042.png,public
Black Skirt,Skirt,bottom,,,black,brown,,,all-season,AI-detected Skirt processed on 2025-11-08,black-skirt-1762599575.png,public
Black Skirt,Skirt,bottom,,,black,brown,,,all-season,AI-detected Skirt processed on 2025-11-08,black-skirt-1762600265.png,public
Black Skirt,Skirt,bottom,,,black,brown,,,all-season,AI-detected Skirt processed on 2025-11-08,black-skirt-1762602696.png,public
Black Skirt,Skirt,bottom,,,black,brown,,,all-season,AI-detected Skirt processed on 2025-11-08,black-skirt-1762602940.png,public
Black Skirt,Skirt,bottom,,,black,brown,,,all-season,AI-detected Skirt processed on 2025-11-08,black-skirt-1762603879.png,public
Black Skirt,Skirt,bottom,,,black,brown,,,all-season,AI-detected Skirt processed on 2025-11-08,black-skirt-1762607109.png,public
Black Skirt,Skirt,bottom,,,black,brown|gray,,,all-season,AI-detected Skirt processed on 2025-11-08,black-skirt-1762570011.png,public
Black Skirt,Skirt,bottom,,,black,brown|gray,,,all-season,AI-detected Skirt processed on 2025-11-08,black-skirt-1762570212.png,public
Black Skirt,Skirt,bottom,,,black,brown|gray,,,all-season,AI-detected Skirt processed on 2025-11-08,black-skirt-1762571455.png,public
Black Skirt,Skirt,bottom,,,black,brown|gray,,,all-season,AI-detected Skirt processed on 2025-11-08,black-skirt-1762572027.png,public
Black Skirt,Skirt,bottom,,,black,brown|gray,,,all-season,AI-detected Skirt processed on 2025-11-08,black-skirt-1762596776.png,public
Black Skirt,Skirt,bottom,,,black,brown|gray,,,all-season,AI-detected Skirt processed on 2025-11-08,black-skirt-1762601731.png,public
Black Skirt,Skirt,bottom,,,black,brown|gray,,,all-season,AI-detected Skirt processed on 2025-11-08,black-skirt-1762602846.png,public
Black Skirt,Skirt,bottom,,,black,brown|pink,,,all-season,AI-detected Skirt processed on 2025-11-08,black-skirt-1762574258.png,public
Black Skirt,Skirt,bottom,,,black,gray,,,all-season,AI-detected Skirt processed on 2025-11-08,black-skirt-1762568487.png,public
Black Skirt,Skirt,bottom,,,black,gray,,,all-season,AI-detected Skirt processed on 2025-11-08,black-skirt-1762568792.png,public
Black Skirt,Skirt,bottom,,,black,gray,,,all-season,AI-detected Skirt processed on 2025-11-08,black-skirt-1762568826.png,public
Black Skirt,Skirt,bottom,,,black,gray,,,all-season,AI-detected Skirt processed on 2025-11-08,black-skirt-1762569604.png,public
Black Skirt,Skirt,bottom,,,black,gray,,,all-season,AI-detected Skirt processed on 2025-11-08,black-skirt-1762569725.png,public
Black Skirt,Skirt,bottom,,,black,gray,,,all-season,AI-detected Skirt processed on 2025-11-08,black-skirt-1762569993.png,public
Black Skirt,Skirt,bottom,,,black,gray,,,all-season,AI-detected Skirt processed on 2025-11-08,black-skirt-1762570128.png,public
Black Skirt,Skirt,bottom,,,black,gray,,,all-season,AI-detected Skirt processed on 2025-11-08,black-skirt-1762570781.png,public
Black Skirt,Skirt,bottom,,,black,gray,,,all-season,AI-detected Skirt processed on 2025-11-08,black-skirt-1762570844.png,public
Black Skirt,Skirt,bottom,,,black,gray,,,all-season,AI-detected Skirt processed on 2025-11-08,black-skirt-1762571356.png,public
Black Skirt,Skirt,bottom,,,black,gray,,,all-season,AI-detected Skirt processed on 2025-11-08,black-skirt-1762571406.png,public
Black Skirt,Skirt,bottom,,,black,gray,,,all-season,AI-detected Skirt processed on 2025-11-08,black-skirt-1762571647.png,public
Black Skirt,Skirt,bottom,,,black,gray,,,all-season,AI-detected Skirt processed on 2025-11-08,black-skirt-1762571822.png,public
Black Skirt,Skirt,bottom,,,black,gray,,,all-season,AI-detected Skirt processed on 2025-11-08,black-skirt-1762571998.png,public
Black Skirt,Skirt,bottom,,,black,gray,,,all-season,AI-detected Skirt processed on 2025-11-08,black-skirt-1762572147.png,public
Black Skirt,Skirt,bottom,,,black,gray,,,all-season,AI-detected Skirt processed on 2025-11-08,black-skirt-1762572690.png,public
Black Skirt,Skirt,bottom,,,black,gray,,,all-season,AI-detected Skirt processed on 2025-11-08,black-skirt-1762573556.png,public
Black Skirt,Skirt,bottom,,,black,gray,,,all-season,AI-detected Skirt processed on 2025-11-08,black-skirt-1762573822.png,public
Black Skirt,Skirt,bottom,,,black,gray,,,all-season,AI-detected Skirt processed on 2025-11-08,black-skirt-1762574137.png,public
Black Skirt,Skirt,bottom,,,black,gray,,,all-season,AI-detected Skirt processed on 2025-11-08,black-skirt-1762574288.png,public
Black Skirt,Skirt,bottom,,,black,gray,,,all-season,AI-detected Skirt processed on 2025-11-08,black-skirt-1762574308.png,public
Black Skirt,Skirt,bottom,,,black,gray,,,all-season,AI-detected Skirt processed on 2025-11-08,black-skirt-1762574998.png,public
Black Skirt,Skirt,bottom,,,black,gray,,,all-season,AI-detected Skirt processed on 2025-11-08,black-skirt-1762575046.png,public
Black Skirt,Skirt,bottom,,,black,gray,,,all-season,AI-detected Skirt processed on 2025-11-08,black-skirt-1762575203.png,public
Black Skirt,Skirt,bottom,,,black,gray,,,all-season,AI-detected Skirt processed on 2025-11-08,black-skirt-1762576716.png,public
Black Skirt,Skirt,bottom,,,black,gray,,,all-season,AI-detected Skirt processed on 2025-11-08,black-skirt-1762576986.png,public
Black Skirt,Skirt,bottom,,,black,gray,,,all-season,AI-detected Skirt processed on 2025-11-08,black-skirt-1762577236.png,public
Black Skirt,Skirt,bottom,,,black,gray,,,all-season,AI-detected Skirt processed on 2025-11-08,black-skirt-1762577377.png,public
Black Skirt,Skirt,bottom,,,black,gray,,,all-season,AI-detected Skirt processed on 2025-11-08,black-skirt-1762577535.png,public
Black Skirt,Skirt,bottom,,,black,gray,,,all-season,AI-detected Skirt processed on 2025-11-08,black-skirt-1762578540.png,public
Black Skirt,Skirt,bottom,,,black,gray,,,all-season,AI-detected Skirt processed on 2025-11-08,black-skirt-1762578694.png,public
Black Skirt,Skirt,bottom,,,black,gray,,,all-season,AI-detected Skirt processed on 2025-11-08,black-skirt-1762578806.png,public
Black Skirt,Skirt,bottom,,,black,gray,,,all-season,AI-detected Skirt processed on 2025-11-08,black-skirt-1762578831.png,public
Black Skirt,Skirt,bottom,,,black,gray,,,all-season,AI-detected Skirt processed on 2025-11-08,black-skirt-1762578917.png,public
Black Skirt,Skirt,bottom,,,black,gray,,,all-season,AI-detected Skirt processed on 2025-11-08,black-skirt-1762579736.png,public
Black Skirt,Skirt,bottom,,,black,gray,,,all-season,AI-detected Skirt processed on 2025-11-08,black-skirt-1762579819.png,public
Black Skirt,Skirt,bottom,,,black,gray,,,all-season,AI-detected Skirt processed on 2025-11-08,black-skirt-1762580048.png,public
Black Skirt,Skirt,bottom,,,black,gray,,,all-season,AI-detected Skirt processed on 2025-11-08,black-skirt-1762580487.png,public
Black Skirt,Skirt,bottom,,,black,gray,,,all-season,AI-detected Skirt processed on 2025-11-08,black-skirt-1762580841.png,public
Black Skirt,Skirt,bottom,,,black,gray,,,all-season,AI-detected Skirt processed on 2025-11-08,black-skirt-1762581412.png,public
Black Skirt,Skirt,bottom,,,black,gray,,,all-season,AI-detected Skirt processed on 2025-11-08,black-skirt-1762582201.png,public
Black Skirt,Skirt,bottom,,,black,gray,,,all-season,AI-detected Skirt processed on 2025-11-08,black-skirt-1762582225.png,public
Black Skirt,Skirt,bottom,,,black,gray,,,all-season,AI-detected Skirt processed on 2025-11-08,black-skirt-1762582383.png,public
Black Skirt,Skirt,bottom,,,black,gray,,,all-season,AI-detected Skirt processed on 2025-11-08,black-skirt-1762582505.png,public
Black Skirt,Skirt,bottom,,,black,gray,,,all-season,AI-detected Skirt processed on 2025-11-08,black-skirt-1762582551.png,public
Black Skirt,Skirt,bottom,,,black,gray,,,all-season,AI-detected Skirt processed on 2025-11-08,black-skirt-1762582709.png,public
Black Skirt,Skirt,bottom,,,black,gray,,,all-season,AI-detected Skirt processed on 2025-11-08,black-skirt-1762582734.png,public
Black Skirt,Skirt,bottom,,,black,gray,,,all-season,AI-detected Skirt processed on 2025-11-08,black-skirt-1762582921.png,public
Black Skirt,Skirt,bottom,,,black,gray,,,all-season,AI-detected Skirt processed on 2025-11-08,black-skirt-1762582937.png,public
Black Skirt,Skirt,bottom,,,black,gray,,,all-season,AI-detected Skirt processed on 2025-11-08,black-skirt-1762583174.png,public
Black Skirt,Skirt,bottom,,,black,gray,,,all-season,AI-detected Skirt processed on 2025-11-08,black-skirt-1762583192.png,public
Black Skirt,Skirt,bottom,,,black,gray,,,all-season,AI-detected Skirt processed on 2025-11-08,black-skirt-1762583592.png,public
Black Skirt,Skirt,bottom,,,black,gray,,,all-season,AI-detected Skirt processed on 2025-11-08,black-skirt-1762584461.png,public
Black Skirt,Skirt,bottom,,,black,gray,,,all-season,AI-detected Skirt processed on 2025-11-08,black-skirt-1762584839.png,public
Black Skirt,Skirt,bottom,,,black,gray,,,all-season,AI-detected Skirt processed on 2025-11-08,black-skirt-1762584877.png,public
Black Skirt,Skirt,bottom,,,black,gray,,,all-season,AI-detected Skirt processed on 2025-11-08,black-skirt-1762585021.png,public
Black Skirt,Skirt,bottom,,,black,gray,,,all-season,AI-detected Skirt processed on 2025-11-08,black-skirt-1762585150.png,public
Black Skirt,Skirt,bottom,,,black,gray,,,all-season,AI-detected Skirt processed on 2025-11-08,black-skirt-1762585158.png,public
Black Skirt,Skirt,bottom,,,black,gray,,,all-season,AI-detected Skirt processed on 2025-11-08,black-skirt-1762585181.png,public
Black Skirt,Skirt,bottom,,,black,gray,,,all-season,AI-detected Skirt processed on 2025-11-08,black-skirt-1762585455.png,public
Black Skirt,Skirt,bottom,,,black,gray,,,all-season,AI-detected Skirt processed on 2025-11-08,black-skirt-1762585529.png,public
Black Skirt,Skirt,bottom,,,black,gray,,,all-season,AI-detected Skirt processed on 2025-11-08,black-skirt-1762586131.png,public
Black Skirt,Skirt,bottom,,,black,gray,,,all-season,AI-detected Skirt processed on 2025-11-08,black-skirt-1762586271.png,public
Black Skirt,Skirt,bottom,,,black,gray,,,all-season,AI-detected Skirt processed on 2025-11-08,black-skirt-1762586332.png,public
Black Skirt,Skirt,bottom,,,black,gray,,,all-season,AI-detected Skirt processed on 2025-11-08,black-skirt-1762586485.png,public
Black Skirt,Skirt,bottom,,,black,gray,,,all-season,AI-detected Skirt processed on 2025-11-08,black-skirt-1762586507.png,public
Black Skirt,Skirt,bottom,,,black,gray,,,all-season,AI-detected Skirt processed on 2025-11-08,black-skirt-1762586626.png,public
Black Skirt,Skirt,bottom,,,black,gray,,,all-season,AI-detected Skirt processed on 2025-11-08,black-skirt-1762586708.png,public
Black Skirt,Skirt,bottom,,,black,gray,,,all-season,AI-detected Skirt processed on 2025-11-08,black-skirt-1762586837.png,public
Black Skirt,Skirt,bottom,,,black,gray,,,all-season,AI-detected Skirt processed on 2025-11-08,black-skirt-1762586961.png,public
Black Skirt,Skirt,bottom,,,black,gray,,,all-season,AI-detected Skirt processed on 2025-11-08,black-skirt-1762587080.png,public
Black Skirt,Skirt,bottom,,,black,gray,,,all-season,AI-detected Skirt processed on 2025-11-08,black-skirt-1762587144.png,public
Black Skirt,Skirt,bottom,,,black,gray,,,all-season,AI-detected Skirt processed on 2025-11-08,black-skirt-1762587268.png,public
Black Skirt,Skirt,bottom,,,black,gray,,,all-season,AI-detected Skirt processed on 2025-11-08,black-skirt-1762587300.png,public
Black Skirt,Skirt,bottom,,,black,gray,,,all-season,AI-detected Skirt processed on 2025-11-08,black-skirt-1762587618.png,public
Black Skirt,Skirt,bottom,,,black,gray,,,all-season,AI-detected Skirt processed on 2025-11-08,black-skirt-1762587823.png,public
Black Skirt,Skirt,bottom,,,black,gray,,,all-season,AI-detected Skirt processed on 2025-11-08,black-skirt-1762587848.png,public
Black Skirt,Skirt,bottom,,,black,gray,,,all-season,AI-detected Skirt processed on 2025-11-08,black-skirt-1762588001.png,public
Black Skirt,Skirt,bottom,,,black,gray,,,all-season,AI-detected Skirt processed on 2025-11-08,black-skirt-1762588108.png,public
Black Skirt,Skirt,bottom,,,black,gray,,,all-season,AI-detected Skirt processed on 2025-11-08,black-skirt-1762588159.png,public
Black Skirt,Skirt,bottom,,,black,gray,,,all-season,AI-detected Skirt processed on 2025-11-08,black-skirt-1762588215.png,public
Black Skirt,Skirt,bottom,,,black,gray,,,all-season,AI-detected Skirt processed on 2025-11-08,black-skirt-1762588376.png,public
Black Skirt,Skirt,bottom,,,black,gray,,,all-season,AI-detected Skirt processed on 2025-11-08,black-skirt-1762588699.png,public
Black Skirt,Skirt,bottom,,,black,gray,,,all-season,AI-detected Skirt processed on 2025-11-08,black-skirt-1762589076.png,public
Black Skirt,Skirt,bottom,,,black,gray,,,all-season,AI-detected Skirt processed on 2025-11-08,black-skirt-1762589310.png,public
Black Skirt,Skirt,bottom,,,black,gray,,,all-season,AI-detected Skirt processed on 2025-11-08,black-skirt-1762589608.png,public
Black Skirt,Skirt,bottom,,,black,gray,,,all-season,AI-detected Skirt processed on 2025-11-08,black-skirt-1762589792.png,public
Black Skirt,Skirt,bottom,,,black,gray,,,all-season,AI-detected Skirt processed on 2025-11-08,black-skirt-1762590134.png,public
Black Skirt,Skirt,bottom,,,black,gray,,,all-season,AI-detected Skirt processed on 2025-11-08,black-skirt-1762590246.png,public
Black Skirt,Skirt,bottom,,,black,gray,,,all-season,AI-detected Skirt processed on 2025-11-08,black-skirt-1762590265.png,public
Black Skirt,Skirt,bottom,,,black,gray,,,all-season,AI-detected Skirt processed on 2025-11-08,black-skirt-1762590333.png,public
Black Skirt,Skirt,bottom,,,black,gray,,,all-season,AI-detected Skirt processed on 2025-11-08,black-skirt-1762591996.png,public
Black Skirt,Skirt,bottom,,,black,gray,,,all-season,AI-detected Skirt processed on 2025-11-08,black-skirt-1762592035.png,public
Black Skirt,Skirt,bottom,,,black,gray,,,all-season,AI-detected Skirt processed on 2025-11-08,black-skirt-1762592516.png,public
Black Skirt,Skirt,bottom,,,black,gray,,,all-season,AI-detected Skirt processed on 2025-11-08,black-skirt-1762592863.png,public
Black Skirt,Skirt,bottom,,,black,gray,,,all-season,AI-detected Skirt processed on 2025-11-08,black-skirt-1762593568.png,public
Black Skirt,Skirt,bottom,,,black,gray,,,all-season,AI-detected Skirt processed on 2025-11-08,black-skirt-1762593697.png,public
Black Skirt,Skirt,bottom,,,black,gray,,,all-season,AI-detected Skirt processed on 2025-11-08,black-skirt-1762593861.png,public
Black Skirt,Skirt,bottom,,,black,gray,,,all-season,AI-detected Skirt processed on 2025-11-08,black-skirt-1762593923.png,public
Black Skirt,Skirt,bottom,,,black,gray,,,all-season,AI-detected Skirt processed on 2025-11-08,black-skirt-1762594804.png,public
Black Skirt,Skirt,bottom,,,black,gray,,,all-season,AI-detected Skirt processed on 2025-11-08,black-skirt-1762595051.png,public
Black Skirt,Skirt,bottom,,,black,gray,,,all-season,AI-detected Skirt processed on 2025-11-08,black-skirt-1762595912.png,public
Black Skirt,Skirt,bottom,,,black,gray,,,all-season,AI-detected Skirt processed on 2025-11-08,black-skirt-1762595968.png,public
Black Skirt,Skirt,bottom,,,black,gray,,,all-season,AI-detected Skirt processed on 2025-11-08,black-skirt-1762596306.png,public
Black Skirt,Skirt,bottom,,,black,gray,,,all-season,AI-detected Skirt processed on 2025-11-08,black-skirt-1762597298.png,public
Black Skirt,Skirt,bottom,,,black,gray,,,all-season,AI-detected Skirt processed on 2025-11-08,black-skirt-1762597315.png,public
Black Skirt,Skirt,bottom,,,black,gray,,,all-season,AI-detected Skirt processed on 2025-11-08,black-skirt-1762597479.png,public
Black Skirt,Skirt,bottom,,,black,gray,,,all-season,AI-detected Skirt processed on 2025-11-08,black-skirt-1762597599.png,public
Black Skirt,Skirt,bottom,,,black,gray,,,all-season,AI-detected Skirt processed on 2025-11-08,black-skirt-1762597713.png,public
Black Skirt,Skirt,bottom,,,black,gray,,,all-season,AI-detected Skirt processed on 2025-11-08,black-skirt-1762597938.png,public
Black Skirt,Skirt,bottom,,,black,gray,,,all-season,AI-detected Skirt processed on 2025-11-08,black-skirt-1762598189.png,public
Black Skirt,Skirt,bottom,,,black,gray,,,all-season,AI-detected Skirt processed on 2025-11-08,black-skirt-1762598557.png,public
Black Skirt,Skirt,bottom,,,black,gray,,,all-season,AI-detected Skirt processed on 2025-11-08,black-skirt-1762598790.png,public
Black Skirt,Skirt,bottom,,,black,gray,,,all-season,AI-detected Skirt processed on 2025-11-08,black-skirt-1762598883.png,public
Black Skirt,Skirt,bottom,,,black,gray,,,all-season,AI-detected Skirt processed on 2025-11-08,black-skirt-1762598914.png,public
Black Skirt,Skirt,bottom,,,black,gray,,,all-season,AI-detected Skirt processed on 2025-11-08,black-skirt-1762598922.png,public
Black Skirt,Skirt,bottom,,,black,gray,,,all-season,AI-detected Skirt processed on 2025-11-08,black-skirt-1762599600.png,public
Black Skirt,Skirt,bottom,,,black,gray,,,all-season,AI-detected Skirt processed on 2025-11-08,black-skirt-1762599794.png,public
Black Skirt,Skirt,bottom,,,black,gray,,,all-season,AI-detected Skirt processed on 2025-11-08,black-skirt-1762600374.png,public
Black Skirt,Skirt,bottom,,,black,gray,,,all-season,AI-detected Skirt processed on 2025-11-08,black-skirt-1762600517.png,public
Black Skirt,Skirt,bottom,,,black,gray,,,all-season,AI-detected Skirt processed on 2025-11-08,black-skirt-1762600602.png,public
Black Skirt,Skirt,bottom,,,black,gray,,,all-season,AI-detected Skirt processed on 2025-11-08,black-skirt-1762600677.png,public
Black Skirt,Skirt,bottom,,,black,gray,,,all-season,AI-detected Skirt processed on 2025-11-08,black-skirt-1762600830.png,public
Black Skirt,Skirt,bottom,,,black,gray,,,all-season,AI-detected Skirt processed on 2025-11-08,black-skirt-1762600834.png,public
Black Skirt,Skirt,bottom,,,black,gray,,,all-season,AI-detected Skirt processed on 2025-11-08,black-skirt-1762600911.png,public
Black Skirt,Skirt,bottom,,,black,gray,,,all-season,AI-detected Skirt processed on 2025-11-08,black-skirt-1762601140.png,public
Black Skirt,Skirt,bottom,,,black,gray,,,all-season,AI-detected Skirt processed on 2025-11-08,black-skirt-1762601284.png,public
Black Skirt,Skirt,bottom,,,black,gray,,,all-season,AI-detected Skirt processed on 2025-11-08,black-skirt-1762601374.png,public
Black Skirt,Skirt,bottom,,,black,gray,,,all-season,AI-detected Skirt processed on 2025-11-08,black-skirt-1762601555.png,public
Black Skirt,Skirt,bottom,,,black,gray,,,all-season,AI-detected Skirt processed on 2025-11-08,black-skirt-1762601702.png,public
Black Skirt,Skirt,bottom,,,black,gray,,,all-season,AI-detected Skirt processed on 2025-11-08,black-skirt-1762602088.png,public
Black Skirt,Skirt,bottom,,,black,gray,,,all-season,AI-detected Skirt processed on 2025-11-08,black-skirt-1762602276.png,public
Black Skirt,Skirt,bottom,,,black,gray,,,all-season,AI-detected Skirt processed on 2025-11-08,black-skirt-1762602392.png,public
Black Skirt,Skirt,bottom,,,black,gray,,,all-season,AI-detected Skirt processed on 2025-11-08,black-skirt-1762602791.png,public
Black Skirt,Skirt,bottom,,,black,gray,,,all-season,AI-detected Skirt processed on 2025-11-08,black-skirt-1762602885.png,public
Black Skirt,Skirt,bottom,,,black,gray,,,all-season,AI-detected Skirt processed on 2025-11-08,black-skirt-1762603216.png,public
Black Skirt,Skirt,bottom,,,black,gray,,,all-season,AI-detected Skirt processed on 2025-11-08,black-skirt-1762603288.png,public
Black Skirt,Skirt,bottom,,,black,gray,,,all-season,AI-detected Skirt processed on 2025-11-08,black-skirt-1762603464.png,public
Black Skirt,Skirt,bottom,,,black,gray,,,all-season,AI-detected Skirt processed on 2025-11-08,black-skirt-1762603991.png,public
Black Skirt,Skirt,bottom,,,black,gray,,,all-season,AI-detected Skirt processed on 2025-11-08,black-skirt-1762604174.png,public
Black Skirt,Skirt,bottom,,,black,gray,,,all-season,AI-detected Skirt processed on 2025-11-08,black-skirt-1762604426.png,public
Black Skirt,Skirt,bottom,,,black,gray,,,all-season,AI-detected Skirt processed on 2025-11-08,black-skirt-1762604439.png,public
Black Skirt,Skirt,bottom,,,black,gray,,,all-season,AI-detected Skirt processed on 2025-11-08,black-skirt-1762605197.png,public
Black Skirt,Skirt,bottom,,,black,gray,,,all-season,AI-detected Skirt processed on 2025-11-08,black-skirt-1762605464.png,public
Black Skirt,Skirt,bottom,,,black,gray,,,all-season,AI-detected Skirt processed on 2025-11-08,black-skirt-1762605509.png,public
Black Skirt,Skirt,bottom,,,black,gray,,,all-season,AI-detected Skirt processed on 2025-11-08,black-skirt-1762605641.png,public
Black Skirt,Skirt,bottom,,,black,gray,,,all-season,AI-detected Skirt processed on 2025-11-08,black-skirt-1762605778.png,public
Black Skirt,Skirt,bottom,,,black,gray,,,all-season,AI-detected Skirt processed on 2025-11-08,black-skirt-1762605902.png,public
Black Skirt,Skirt,bottom,,,black,gray,,,all-season,AI-detected Skirt processed on 2025-11-08,black-skirt-1762606121.png,public
Black Skirt,Skirt,bottom,,,black,gray,,,all-season,AI-detected Skirt processed on 2025-11-08,black-skirt-1762606629.png,public
Black Skirt,Skirt,bottom,,,black,gray,,,all-season,AI-detected Skirt processed on 2025-11-08,black-skirt-1762606646.png,public
Black Skirt,Skirt,bottom,,,black,gray,,,all-season,AI-detected Skirt processed on 2025-11-08,black-skirt-1762606973.png,public
Black Skirt,Skirt,bottom,,,black,gray,,,all-season,AI-detected Skirt processed on 2025-11-08,black-skirt-1762606995.png,public
Black Skirt,Skirt,bottom,,,black,gray,,,all-season,AI-detected Skirt processed on 2025-11-08,black-skirt-1762607081.png,public
Black Skirt,Skirt,bottom,,,black,gray,,,all-season,AI-detected Skirt processed on 2025-11-08,black-skirt-1762607223.png,public
Black Skirt,Skirt,bottom,,,black,gray,,,all-season,AI-detected Skirt processed on 2025-11-08,black-skirt-1762607274.png,public
Black Skirt,Skirt,bottom,,,black,gray,,,all-season,AI-detected Skirt processed on 2025-11-08,black-skirt-1762607352.png,public
Black Skirt,Skirt,bottom,,,black,gray,,,all-season,AI-detected Skirt processed on 2025-11-08,black-skirt-1762607514.png,public
Black Skirt,Skirt,bottom,,,black,gray,,,all-season,AI-detected Skirt processed on 2025-11-08,black-skirt-1762607652.png,public
Black Skirt,Skirt,bottom,,,black,gray|brown,,,all-season,AI-detected Skirt processed on 2025-11-08,black-skirt-1762569582.png,public
Black Skirt,Skirt,bottom,,,black,gray|brown,,,all-season,AI-detected Skirt processed on 2025-11-08,black-skirt-1762575199.png,public
Black Skirt,Skirt,bottom,,,black,gray|brown,,,all-season,AI-detected Skirt processed on 2025-11-08,black-skirt-1762579480.png,public
Black Skirt,Skirt,bottom,,,black,gray|brown,,,all-season,AI-detected Skirt processed on 2025-11-08,black-skirt-1762593281.png,public
Black Skirt,Skirt,bottom,,,black,gray|maroon,,,all-season,AI-detected Skirt processed on 2025-11-08,black-skirt-1762569088.png,public
Black Skirt,Skirt,bottom,,,black,gray|navy,,,all-season,AI-detected Skirt processed on 2025-11-08,black-skirt-1762569929.png,public
Black Skirt,Skirt,bottom,,,black,gray|navy,,,all-season,AI-detected Skirt processed on 2025-11-08,black-skirt-1762571609.png,public
Black Skirt,Skirt,bottom,,,black,gray|navy,,,all-season,AI-detected Skirt processed on 2025-11-08,black-skirt-1762572797.png,public
Black Skirt,Skirt,bottom,,,black,gray|pink,,,all-season,AI-detected Skirt processed on 2025-11-08,black-skirt-1762570607.png,public
Black Skirt,Skirt,bottom,,,black,gray|pink,,,all-season,AI-detected Skirt processed on 2025-11-08,black-skirt-1762584921.png,public
Black Skirt,Skirt,bottom,,,black,gray|pink,,,all-season,AI-detected Skirt processed on 2025-11-08,black-skirt-1762589881.png,public
Black Skirt,Skirt,bottom,,,black,gray|pink,,,all-season,AI-detected Skirt processed on 2025-11-08,black-skirt-1762594238.png,public
Black Skirt,Skirt,bottom,,,black,gray|pink,,,all-season,AI-detected Skirt processed on 2025-11-08,black-skirt-1762606537.png,public
Black Skirt,Skirt,bottom,,,black,gray|pink,,,all-season,AI-detected Skirt processed on 2025-11-08,black-skirt-1762606577.png,public
Black Skirt,Skirt,bottom,,,black,gray|pink,,,all-season,AI-detected Skirt processed on 2025-11-08,black-skirt-1762606654.png,public
Black Skirt,Skirt,bottom,,,black,gray|pink,,,all-season,AI-detected Skirt processed on 2025-11-08,black-skirt-1762606835.png,public
Black Skirt,Skirt,bottom,,,black,gray|teal,,,all-season,AI-detected Skirt processed on 2025-11-08,black-skirt-1762568872.png,public
Black Skirt,Skirt,bottom,,,black,maroon,,,all-season,AI-detected Skirt processed on 2025-11-08,black-skirt-1762572322.png,public
Black Skirt,Skirt,bottom,,,black,maroon,,,all-season,AI-detected Skirt processed on 2025-11-08,black-skirt-1762579584.png,public
Black Skirt,Skirt,bottom,,,black,maroon,,,all-season,AI-detected Skirt processed on 2025-11-08,black-skirt-1762579903.png,public
Black Skirt,Skirt,bottom,,,black,maroon,,,all-season,AI-detected Skirt processed on 2025-11-08,black-skirt-1762590482.png,public
Black Skirt,Skirt,bottom,,,black,maroon,,,all-season,AI-detected Skirt processed on 2025-11-08,black-skirt-1762603530.png,public
Black Skirt,Skirt,bottom,,,black,maroon,,,all-season,AI-detected Skirt processed on 2025-11-08,black-skirt-1762604011.png,public
Black Skirt,Skirt,bottom,,,black,maroon,,,all-season,AI-detected Skirt processed on 2025-11-08,black-skirt-1762604411.png,public
Black Skirt,Skirt,bottom,,,black,maroon|brown,,,all-season,AI-detected Skirt processed on 2025-11-08,black-skirt-1762597707.png,public
Black Skirt,Skirt,bottom,,,black,maroon|brown,,,all-season,AI-detected Skirt processed on 2025-11-08,black-skirt-1762601890.png,public
Black Skirt,Skirt,bottom,,,black,maroon|brown,,,all-season,AI-detected Skirt processed on 2025-11-08,black-skirt-1762604063.png,public
Black Skirt,Skirt,bottom,,,black,maroon|brown,,,all-season,AI-detected Skirt processed on 2025-11-08,black-skirt-1762605513.png,public
Black Skirt,Skirt,bottom,,,black,maroon|gray,,,all-season,AI-detected Skirt processed on 2025-11-08,black-skirt-1762568888.png,public
Black Skirt,Skirt,bottom,,,black,maroon|gray,,,all-season,AI-detected Skirt processed on 2025-11-08,black-skirt-1762569416.png,public
Black Skirt,Skirt,bottom,,,black,maroon|gray,,,all-season,AI-detected Skirt processed on 2025-11-08,black-skirt-1762570879.png,public
Black Skirt,Skirt,bottom,,,black,maroon|gray,,,all-season,AI-detected Skirt processed on 2025-11-08,black-skirt-1762595430.png,public
Black Skirt,Skirt,bottom,,,black,navy,,,all-season,AI-detected Skirt processed on 2025-11-08,black-skirt-1762571115.png,public
Black Skirt,Skirt,bottom,,,black,navy,,,all-season,AI-detected Skirt processed on 2025-11-08,black-skirt-1762580393.png,public
Black Skirt,Skirt,bottom,,,black,navy,,,all-season,AI-detected Skirt processed on 2025-11-08,black-skirt-1762580578.png,public
Black Skirt,Skirt,bottom,,,black,navy,,,all-season,AI-detected Skirt processed on 2025-11-08,black-skirt-1762588359.png,public
Black Skirt,Skirt,bottom,,,black,navy,,,all-season,AI-detected Skirt processed on 2025-11-08,black-skirt-1762592482.png,public
Black Skirt,Skirt,bottom,,,black,navy,,,all-season,AI-detected Skirt processed on 2025-11-08,black-skirt-1762592982.png,public
Black Skirt,Skirt,bottom,,,black,navy,,,all-season,AI-detected Skirt processed on 2025-11-08,black-skirt-1762601454.png,public
Black Skirt,Skirt,bottom,,,black,navy|gray,,,all-season,AI-detected Skirt processed on 2025-11-08,black-skirt-1762580416.png,public
Black Skirt,Skirt,bottom,,,black,navy|pink,,,all-season,AI-detected Skirt processed on 2025-11-08,black-skirt-1762590447.png,public
Black Skirt,Skirt,bottom,,,black,olive,,,all-season,AI-detected Skirt processed on 2025-11-08,black-skirt-1762590882.png,public
Black Skirt,Skirt,bottom,,,black,olive,,,all-season,AI-detected Skirt processed on 2025-11-08,black-skirt-1762606736.png,public
Black Skirt,Skirt,bottom,,,black,pink,,,all-season,AI-detected Skirt processed on 2025-11-08,black-skirt-1762570709.png,public
Black Skirt,Skirt,bottom,,,black,pink,,,all-season,AI-detected Skirt processed on 2025-11-08,black-skirt-1762573375.png,public
Black Skirt,Skirt,bottom,,,black,pink,,,all-season,AI-detected Skirt processed on 2025-11-08,black-skirt-1762579763.png,public
Black Skirt,Skirt,bottom,,,black,pink,,,all-season,AI-detected Skirt processed on 2025-11-08,black-skirt-1762579885.png,public
Black Skirt,Skirt,bottom,,,black,pink,,,all-season,AI-detected Skirt processed on 2025-11-08,black-skirt-1762581833.png,public
Black Skirt,Skirt,bottom,,,black,pink,,,all-season,AI-detected Skirt processed on 2025-11-08,black-skirt-1762582098.png,public
Black Skirt,Skirt,bottom,,,black,pink,,,all-season,AI-detected Skirt processed on 2025-11-08,black-skirt-1762582278.png,public
Black Skirt,Skirt,bottom,,,black,pink,,,all-season,AI-detected Skirt processed on 2025-11-08,black-skirt-1762584012.png,public
Black Skirt,Skirt,bottom,,,black,pink,,,all-season,AI-detected Skirt processed on 2025-11-08,black-skirt-1762584032.png,public
Black Skirt,Skirt,bottom,,,black,pink,,,all-season,AI-detected Skirt processed on 2025-11-08,black-skirt-1762584063.png,public
Black Skirt,Skirt,bottom,,,black,pink,,,all-season,AI-detected Skirt processed on 2025-11-08,black-skirt-1762592769.png,public
Black Skirt,Skirt,bottom,,,black,pink,,,all-season,AI-detected Skirt processed on 2025-11-08,black-skirt-1762598804.png,public
Black Skirt,Skirt,bottom,,,black,pink,,,all-season,AI-detected Skirt processed on 2025-11-08,black-skirt-1762606091.png,public
Black Skirt,Skirt,bottom,,,black,pink,,,all-season,AI-detected Skirt processed on 2025-11-08,black-skirt-1762606764.png,public
Black Skirt,Skirt,bottom,,,black,pink,,,all-season,AI-detected Skirt processed on 2025-11-08,black-skirt-1762607338.png,public
Black Skirt,Skirt,bottom,,,black,pink|brown,,,all-season,AI-detected Skirt processed on 2025-11-08,black-skirt-1762570271.png,public
Black Skirt,Skirt,bottom,,,black,pink|brown,,,all-season,AI-detected Skirt processed on 2025-11-08,black-skirt-1762574163.png,public
Black Skirt,Skirt,bottom,,,black,pink|gray,,,all-season,AI-detected Skirt processed on 2025-11-08,black-skirt-1762572805.png,public
Black Skirt,Skirt,bottom,,,black,pink|gray,,,all-season,AI-detected Skirt processed on 2025-11-08,black-skirt-1762574028.png,public
Black Skirt,Skirt,bottom,,,black,pink|gray,,,all-season,AI-detected Skirt processed on 2025-11-08,black-skirt-1762578069.png,public
Black Skirt,Skirt,bottom,,,black,pink|gray,,,all-season,AI-detected Skirt processed on 2025-11-08,black-skirt-1762590788.png,public
Black Skirt,Skirt,bottom,,,black,pink|gray,,,all-season,AI-detected Skirt processed on 2025-11-08,black-skirt-1762597893.png,public
Black Skirt,Skirt,bottom,,,black,purple|maroon,,,all-season,AI-detected Skirt processed on 2025-11-08,black-skirt-1762593090.png,public
Black Skirt,Skirt,bottom,,,black,teal,,,all-season,AI-detected Skirt processed on 2025-11-08,black-skirt-1762572451.png,public
Black Skirt,Skirt,bottom,,,black,teal,,,all-season,AI-detected Skirt processed on 2025-11-08,black-skirt-1762573635.png,public
Black Skirt,Skirt,bottom,,,black,teal,,,all-season,AI-detected Skirt processed on 2025-11-08,black-skirt-1762574486.png,public
Black Skirt,Skirt,bottom,,,black,teal,,,all-season,AI-detected Skirt processed on 2025-11-08,black-skirt-1762575878.png,public
Black Skirt,Skirt,bottom,,,black,teal|gray,,,all-season,AI-detected Skirt processed on 2025-11-08,black-skirt-1762582532.png,public
Black Skirt,Skirt,bottom,,,black,teal|gray,,,all-season,AI-detected Skirt processed on 2025-11-08,black-skirt-1762593949.png,public
Black T-Shirt,T-Shirt,top,,,black,gray,,,all-season,AI-detected T-Shirt processed on 2025-11-08,black-t-shirt-1762596350.png,public
Black T-Shirt,T-Shirt,top,,,black,gray,,,all-season,AI-detected T-Shirt processed on 2025-11-08,black-t-shirt-1762601850.png,public
Black T-Shirt,T-Shirt,top,,,black,gray|teal,,,all-season,AI-detected T-Shirt processed on 2025-11-08,black-t-shirt-1762580208.png,public
Black T-Shirt,T-Shirt,top,,,black,pink,,,all-season,AI-detected T-Shirt processed on 2025-11-08,black-t-shirt-1762575512.png,public
Black T-Shirt,T-Shirt,top,,,black,pink,,,all-season,AI-detected T-Shirt processed on 2025-11-08,black-t-shirt-1762590809.png,public
Black T-Shirt,T-Shirt,top,,,black,pink,,,all-season,AI-detected T-Shirt processed on 2025-11-08,black-t-shirt-1762594224.png,public
Black T-Shirt,T-Shirt,top,,,black,pink,,,all-season,AI-detected T-Shirt processed on 2025-11-08,black-t-shirt-1762600972.png,public
Black T-Shirt,T-Shirt,top,,,black,pink,,,all-season,AI-detected T-Shirt processed on 2025-11-08,black-t-shirt-1762607325.png,public
Black T-Shirt,T-Shirt,top,,,black,pink|gray,,,all-season,AI-detected T-Shirt processed on 2025-11-08,black-t-shirt-1762590959.png,public
Black Top,Top,top,,,black,,,,all-season,AI-detected Top processed on 2025-11-08,black-top-1762594500.png,public
Black Top,Top,top,,,black,beige|gray,,,all-season,AI-detected Top processed on 2025-11-08,black-top-1762578242.png,public
Black Top,Top,top,,,black,gray,,,all-season,AI-detected Top processed on 2025-11-08,black-top-1762588677.png,public
Black Top,Top,top,,,black,gray,,,all-season,AI-detected Top processed on 2025-11-08,black-top-1762603974.png,public
Black Top,Top,top,,,black,gray|beige,,,all-season,AI-detected Top processed on 2025-11-08,black-top-1762585685.png,public
Black Top,Top,top,,,black,gray|pink,,,all-season,AI-detected Top processed on 2025-11-08,black-top-1762572244.png,public
Black Top,Top,top,,,black,pink|gray,,,all-season,AI-detected Top processed on 2025-11-08,black-top-1762583769.png,public
Black Top,Top,top,,,black,pink|gray,,,all-season,AI-detected Top processed on 2025-11-08,black-top-1762606098.png,public
Black Undershirt,Undershirt,top,,,black,,,,all-season,AI-detected Undershirt processed on 2025-11-08,black-undershirt-1762575977.png,public
Black Undershirt,Undershirt,top,,,black,,,,all-season,AI-detected Undershirt processed on 2025-11-08,black-undershirt-1762588803.png,public
Black Undershirt,Undershirt,top,,,black,beige,,,all-season,AI-detected Undershirt processed on 2025-11-08,black-undershirt-1762602436.png,public
Black Undershirt,Undershirt,top,,,black,gray,,,all-season,AI-detected Undershirt processed on 2025-11-08,black-undershirt-1762575281.png,public
Black Undershirt,Undershirt,top,,,black,gray,,,all-season,AI-detected Undershirt processed on 2025-11-08,black-undershirt-1762575423.png,public
Black Undershirt,Undershirt,top,,,black,gray,,,all-season,AI-detected Undershirt processed on 2025-11-08,black-undershirt-1762596735.png,public
Black Undershirt,Undershirt,top,,,black,gray,,,all-season,AI-detected Undershirt processed on 2025-11-08,black-undershirt-1762605637.png,public
Black Undershirt,Undershirt,top,,,black,pink,,,all-season,AI-detected Undershirt processed on 2025-11-08,black-undershirt-1762569276.png,public
Black Undershirt,Undershirt,top,,,black,pink,,,all-season,AI-detected Undershirt processed on 2025-11-08,black-undershirt-1762569827.png,public
Black Undershirt,Undershirt,top,,,black,pink,,,all-season,AI-detected Undershirt processed on 2025-11-08,black-undershirt-1762579627.png,public
Black Undershirt,Undershirt,top,,,black,pink,,,all-season,AI-detected Undershirt processed on 2025-11-08,black-undershirt-1762605546.png,public
Black Undershirt,Undershirt,top,,,black,pink,,,all-season,AI-detected Undershirt processed on 2025-11-08,black-undershirt-1762605952.png,public
Black Undershirt,Undershirt,top,,,black,pink|brown,,,all-season,AI-detected Undershirt processed on 2025-11-08,black-undershirt-1762583542.png,public
Black Undershirt,Undershirt,top,,,black,pink|gray,,,all-season,AI-detected Undershirt processed on 2025-11-08,black-undershirt-1762600012.png,public
Black Undershirt,Undershirt,top,,,black,pink|olive,,,all-season,AI-detected Undershirt processed on 2025-11-08,black-undershirt-1762578872.png,public
Blue Skirt,Skirt,bottom,,,blue,black|navy,,,all-season,AI-detected Skirt processed on 2025-11-08,blue-skirt-1762606308.png,public
Blue Skirt,Skirt,bottom,,,blue,black|navy,,,all-season,AI-detected Skirt processed on 2025-11-08,blue-skirt-1762606695.png,public
Blue Skirt,Skirt,bottom,,,blue,black|navy,,,all-season,AI-detected Skirt processed on 2025-11-08,blue-skirt-1762606809.png,public
Brown Blazer,Blazer,outerwear,,,brown,black,,,all-season,AI-detected Blazer processed on 2025-11-08,brown-blazer-1762570573.png,public
Brown Blazer,Blazer,outerwear,,,brown,black,,,all-season,AI-detected Blazer processed on 2025-11-08,brown-blazer-1762572831.png,public
Brown Blazer,Blazer,outerwear,,,brown,black,,,all-season,AI-detected Blazer processed on 2025-11-08,brown-blazer-1762600878.png,public
Brown Blazer,Blazer,outerwear,,,brown,black,,,all-season,AI-detected Blazer processed on 2025-11-08,brown-blazer-1762603032.png,public
Brown Blazer,Blazer,outerwear,,,brown,black|gray,,,all-season,AI-detected Blazer processed on 2025-11-08,brown-blazer-1762572873.png,public
Brown Blazer,Blazer,outerwear,,,brown,black|gray,,,all-season,AI-detected Blazer processed on 2025-11-08,brown-blazer-1762581016.png,public
Brown Blazer,Blazer,outerwear,,,brown,black|gray,,,all-season,AI-detected Blazer processed on 2025-11-08,brown-blazer-1762584882.png,public
Brown Blazer,Blazer,outerwear,,,brown,black|maroon,,,all-season,AI-detected Blazer processed on 2025-11-08,brown-blazer-1762571450.png,public
Brown Blazer,Blazer,outerwear,,,brown,black|maroon,,,all-season,AI-detected Blazer processed on 2025-11-08,brown-blazer-1762573752.png,public
Brown Blazer,Blazer,outerwear,,,brown,black|orange,,,all-season,AI-detected Blazer processed on 2025-11-08,brown-blazer-1762597130.png,public
Brown Blazer,Blazer,outerwear,,,brown,gray|black,,,all-season,AI-detected Blazer processed on 2025-11-08,brown-blazer-1762569522.png,public
Brown Blazer,Blazer,outerwear,,,brown,gray|black,,,all-season,AI-detected Blazer processed on 2025-11-08,brown-blazer-1762578967.png,public
Brown Blazer,Blazer,outerwear,,,brown,gray|black,,,all-season,AI-detected Blazer processed on 2025-11-08,brown-blazer-1762592974.png,public
Brown Blazer,Blazer,outerwear,,,brown,maroon|black,,,all-season,AI-detected Blazer processed on 2025-11-08,brown-blazer-1762578309.png,public
Brown Blazer,Blazer,outerwear,,,brown,maroon|black,,,all-season,AI-detected Blazer processed on 2025-11-08,brown-blazer-1762589478.png,public
Brown Blazer,Blazer,outerwear,,,brown,orange|black,,,all-season,AI-detected Blazer processed on 2025-11-08,brown-blazer-1762572880.png,public
Brown Blazer,Blazer,outerwear,,,brown,orange|black,,,all-season,AI-detected Blazer processed on 2025-11-08,brown-blazer-1762593935.png,public
Brown Dress,Dress,outerwear,,,brown,beige|black,,,all-season,AI-detected Dress processed on 2025-11-08,brown-dress-1762574241.png,public
Brown Dress,Dress,outerwear,,,brown,beige|black,,,all-season,AI-detected Dress processed on 2025-11-08,brown-dress-1762605267.png,public
Brown Dress,Dress,outerwear,,,brown,black,,,all-season,AI-detected Dress processed on 2025-11-08,brown-dress-1762569103.png,public
Brown Dress,Dress,outerwear,,,brown,black,,,all-season,AI-detected Dress processed on 2025-11-08,brown-dress-1762569637.png,public
Brown Dress,Dress,outerwear,,,brown,black,,,all-season,AI-detected Dress processed on 2025-11-08,brown-dress-1762570020.png,public
Brown Dress,Dress,outerwear,,,brown,black,,,all-season,AI-detected Dress processed on 2025-11-08,brown-dress-1762570134.png,public
Brown Dress,Dress,outerwear,,,brown,black,,,all-season,AI-detected Dress processed on 2025-11-08,brown-dress-1762570315.png,public
Brown Dress,Dress,outerwear,,,brown,black,,,all-season,AI-detected Dress processed on 2025-11-08,brown-dress-1762571500.png,public
Brown Dress,Dress,outerwear,,,brown,black,,,all-season,AI-detected Dress processed on 2025-11-08,brown-dress-1762571719.png,public
Brown Dress,Dress,outerwear,,,brown,black,,,all-season,AI-detected Dress processed on 2025-11-08,brown-dress-1762572903.png,public
Brown Dress,Dress,outerwear,,,brown,black,,,all-season,AI-detected Dress processed on 2025-11-08,brown-dress-1762573098.png,public
Brown Dress,Dress,outerwear,,,brown,black,,,all-season,AI-detected Dress processed on 2025-11-08,brown-dress-1762573394.png,public
Brown Dress,Dress,outerwear,,,brown,black,,,all-season,AI-detected Dress processed on 2025-11-08,brown-dress-1762573840.png,public
Brown Dress,Dress,outerwear,,,brown,black,,,all-season,AI-detected Dress processed on 2025-11-08,brown-dress-1762580183.png,public
Brown Dress,Dress,outerwear,,,brown,black,,,all-season,AI-detected Dress processed on 2025-11-08,brown-dress-1762580335.png,public
Brown Dress,Dress,outerwear,,,brown,black,,,all-season,AI-detected Dress processed on 2025-11-08,brown-dress-1762581348.png,public
Brown Dress,Dress,outerwear,,,brown,black,,,all-season,AI-detected Dress processed on 2025-11-08,brown-dress-1762581638.png,public
Brown Dress,Dress,outerwear,,,brown,black,,,all-season,AI-detected Dress processed on 2025-11-08,brown-dress-1762581798.png,public
Brown Dress,Dress,outerwear,,,brown,black,,,all-season,AI-detected Dress processed on 2025-11-08,brown-dress-1762583076.png,public
Brown Dress,Dress,outerwear,,,brown,black,,,all-season,AI-detected Dress processed on 2025-11-08,brown-dress-1762584490.png,public
Brown Dress,Dress,outerwear,,,brown,black,,,all-season,AI-detected Dress processed on 2025-11-08,brown-dress-1762585262.png,public
Brown Dress,Dress,outerwear,,,brown,black,,,all-season,AI-detected Dress processed on 2025-11-08,brown-dress-1762585438.png,public
Brown Dress,Dress,outerwear,,,brown,black,,,all-season,AI-detected Dress processed on 2025-11-08,brown-dress-1762585637.png,public
Brown Dress,Dress,outerwear,,,brown,black,,,all-season,AI-detected Dress processed on 2025-11-08,brown-dress-1762586104.png,public
Brown Dress,Dress,outerwear,,,brown,black,,,all-season,AI-detected Dress processed on 2025-11-08,brown-dress-1762586227.png,public
Brown Dress,Dress,outerwear,,,brown,black,,,all-season,AI-detected Dress processed on 2025-11-08,brown-dress-1762590317.png,public
Brown Dress,Dress,outerwear,,,brown,black,,,all-season,AI-detected Dress processed on 2025-11-08,brown-dress-1762591800.png,public
Brown Dress,Dress,outerwear,,,brown,black,,,all-season,AI-detected Dress processed on 2025-11-08,brown-dress-1762591897.png,public
Brown Dress,Dress,outerwear,,,brown,black,,,all-season,AI-detected Dress processed on 2025-11-08,brown-dress-1762592247.png,public
Brown Dress,Dress,outerwear,,,brown,black,,,all-season,AI-detected Dress processed on 2025-11-08,brown-dress-1762595871.png,public
Brown Dress,Dress,outerwear,,,brown,black,,,all-season,AI-detected Dress processed on 2025-11-08,brown-dress-1762598794.png,public
Brown Dress,Dress,outerwear,,,brown,black,,,all-season,AI-detected Dress processed on 2025-11-08,brown-dress-1762599298.png,public
Brown Dress,Dress,outerwear,,,brown,black,,,all-season,AI-detected Dress processed on 2025-11-08,brown-dress-1762600129.png,public
Brown Dress,Dress,outerwear,,,brown,black,,,all-season,AI-detected Dress processed on 2025-11-08,brown-dress-1762605058.png,public
Brown Dress,Dress,outerwear,,,brown,black,,,all-season,AI-detected Dress processed on 2025-11-08,brown-dress-1762605369.png,public
Brown Dress,Dress,outerwear,,,brown,black,,,all-season,AI-detected Dress processed on 2025-11-08,brown-dress-1762606441.png,public
Brown Dress,Dress,outerwear,,,brown,black,,,all-season,AI-detected Dress processed on 2025-11-08,brown-dress-1762606671.png,public
Brown Dress,Dress,outerwear,,,brown,black,,,all-season,AI-detected Dress processed on 2025-11-08,brown-dress-1762606699.png,public
Brown Dress,Dress,outerwear,,,brown,black,,,all-season,AI-detected Dress processed on 2025-11-08,brown-dress-1762606937.png,public
Brown Dress,Dress,outerwear,,,brown,black,,,all-season,AI-detected Dress processed on 2025-11-08,brown-dress-1762606990.png,public
Brown Dress,Dress,outerwear,,,brown,black|beige,,,all-season,AI-detected Dress processed on 2025-11-08,brown-dress-1762584016.png,public
Brown Dress,Dress,outerwear,,,brown,black|beige,,,all-season,AI-detected Dress processed on 2025-11-08,brown-dress-1762604289.png,public
Brown Dress,Dress,outerwear,,,brown,black|gray,,,all-season,AI-detected Dress processed on 2025-11-08,brown-dress-1762570298.png,public
Brown Dress,Dress,outerwear,,,brown,black|gray,,,all-season,AI-detected Dress processed on 2025-11-08,brown-dress-1762571788.png,public
Brown Dress,Dress,outerwear,,,brown,black|gray,,,all-season,AI-detected Dress processed on 2025-11-08,brown-dress-1762572843.png,public
Brown Dress,Dress,outerwear,,,brown,black|gray,,,all-season,AI-detected Dress processed on 2025-11-08,brown-dress-1762574381.png,public
Brown Dress,Dress,outerwear,,,brown,black|gray,,,all-season,AI-detected Dress processed on 2025-11-08,brown-dress-1762574605.png,public
Brown Dress,Dress,outerwear,,,brown,black|gray,,,all-season,AI-detected Dress processed on 2025-11-08,brown-dress-1762574851.png,public
Brown Dress,Dress,outerwear,,,brown,black|gray,,,all-season,AI-detected Dress processed on 2025-11-08,brown-dress-1762578097.png,public
Brown Dress,Dress,outerwear,,,brown,black|gray,,,all-season,AI-detected Dress processed on 2025-11-08,brown-dress-1762578554.png,public
Brown Dress,Dress,outerwear,,,brown,black|gray,,,all-season,AI-detected Dress processed on 2025-11-08,brown-dress-1762579570.png,public
Brown Dress,Dress,outerwear,,,brown,black|gray,,,all-season,AI-detected Dress processed on 2025-11-08,brown-dress-1762580876.png,public
Brown Dress,Dress,outerwear,,,brown,black|gray,,,all-season,AI-detected Dress processed on 2025-11-08,brown-dress-1762584426.png,public
Brown Dress,Dress,outerwear,,,brown,black|gray,,,all-season,AI-detected Dress processed on 2025-11-08,brown-dress-1762584773.png,public
Brown Dress,Dress,outerwear,,,brown,black|gray,,,all-season,AI-detected Dress processed on 2025-11-08,brown-dress-1762585587.png,public
Brown Dress,Dress,outerwear,,,brown,black|gray,,,all-season,AI-detected Dress processed on 2025-11-08,brown-dress-1762586100.png,public
Brown Dress,Dress,outerwear,,,brown,black|gray,,,all-season,AI-detected Dress processed on 2025-11-08,brown-dress-1762586206.png,public
Brown Dress,Dress,outerwear,,,brown,black|gray,,,all-season,AI-detected Dress processed on 2025-11-08,brown-dress-1762586355.png,public
Brown Dress,Dress,outerwear,,,brown,black|gray,,,all-season,AI-detected Dress processed on 2025-11-08,brown-dress-1762586940.png,public
Brown Dress,Dress,outerwear,,,brown,black|gray,,,all-season,AI-detected Dress processed on 2025-11-08,brown-dress-1762587989.png,public
Brown Dress,Dress,outerwear,,,brown,black|gray,,,all-season,AI-detected Dress processed on 2025-11-08,brown-dress-1762588405.png,public
Brown Dress,Dress,outerwear,,,brown,black|gray,,,all-season,AI-detected Dress processed on 2025-11-08,brown-dress-1762589694.png,public
Brown Dress,Dress,outerwear,,,brown,black|gray,,,all-season,AI-detected Dress processed on 2025-11-08,brown-dress-1762595746.png,public
Brown Dress,Dress,outerwear,,,brown,black|gray,,,all-season,AI-detected Dress processed on 2025-11-08,brown-dress-1762597166.png,public
Brown Dress,Dress,outerwear,,,brown,black|gray,,,all-season,AI-detected Dress processed on 2025-11-08,brown-dress-1762597421.png,public
Brown Dress,Dress,outerwear,,,brown,black|gray,,,all-season,AI-detected Dress processed on 2025-11-08,brown-dress-1762600820.png,public
Brown Dress,Dress,outerwear,,,brown,black|gray,,,all-season,AI-detected Dress processed on 2025-11-08,brown-dress-1762602401.png,public
Brown Dress,Dress,outerwear,,,brown,black|gray,,,all-season,AI-detected Dress processed on 2025-11-08,brown-dress-1762603134.png,public
Brown Dress,Dress,outerwear,,,brown,black|maroon,,,all-season,AI-detected Dress processed on 2025-11-08,brown-dress-1762569881.png,public
Brown Dress,Dress,outerwear,,,brown,black|maroon,,,all-season,AI-detected Dress processed on 2025-11-08,brown-dress-1762570526.png,public
Brown Dress,Dress,outerwear,,,brown,black|maroon,,,all-season,AI-detected Dress processed on 2025-11-08,brown-dress-1762570746.png,public
Brown Dress,Dress,outerwear,,,brown,black|maroon,,,all-season,AI-detected Dress processed on 2025-11-08,brown-dress-1762571063.png,public
Brown Dress,Dress,outerwear,,,brown,black|maroon,,,all-season,AI-detected Dress processed on 2025-11-08,brown-dress-1762571248.png,public
Brown Dress,Dress,outerwear,,,brown,black|maroon,,,all-season,AI-detected Dress processed on 2025-11-08,brown-dress-1762575179.png,public
Brown Dress,Dress,outerwear,,,brown,black|maroon,,,all-season,AI-detected Dress processed on 2025-11-08,brown-dress-1762575830.png,public
Brown Dress,Dress,outerwear,,,brown,black|maroon,,,all-season,AI-detected Dress processed on 2025-11-08,brown-dress-1762581132.png,public
Brown Dress,Dress,outerwear,,,brown,black|maroon,,,all-season,AI-detected Dress processed on 2025-11-08,brown-dress-1762583095.png,public
Brown Dress,Dress,outerwear,,,brown,black|maroon,,,all-season,AI-detected Dress processed on 2025-11-08,brown-dress-1762587124.png,public
Brown Dress,Dress,outerwear,,,brown,black|maroon,,,all-season,AI-detected Dress processed on 2025-11-08,brown-dress-1762588246.png,public
Brown Dress,Dress,outerwear,,,brown,black|maroon,,,all-season,AI-detected Dress processed on 2025-11-08,brown-dress-1762594722.png,public
Brown Dress,Dress,outerwear,,,brown,black|maroon,,,all-season,AI-detected Dress processed on 2025-11-08,brown-dress-1762601458.png,public
Brown Dress,Dress,outerwear,,,brown,black|maroon,,,all-season,AI-detected Dress processed on 2025-11-08,brown-dress-1762601531.png,public
Brown Dress,Dress,outerwear,,,brown,black|maroon,,,all-season,AI-detected Dress processed on 2025-11-08,brown-dress-1762604264.png,public
Brown Dress,Dress,outerwear,,,brown,black|maroon,,,all-season,AI-detected Dress processed on 2025-11-08,brown-dress-1762604294.png,public
Brown Dress,Dress,outerwear,,,brown,black|maroon,,,all-season,AI-detected Dress processed on 2025-11-08,brown-dress-1762604501.png,public
Brown Dress,Dress,outerwear,,,brown,black|maroon,,,all-season,AI-detected Dress processed on 2025-11-08,brown-dress-1762605365.png,public
Brown Dress,Dress,outerwear,,,brown,black|orange,,,all-season,AI-detected Dress processed on 2025-11-08,brown-dress-1762574827.png,public
Brown Dress,Dress,outerwear,,,brown,black|pink,,,all-season,AI-detected Dress processed on 2025-11-08,brown-dress-1762572630.png,public
Brown Dress,Dress,outerwear,,,brown,black|pink,,,all-season,AI-detected Dress processed on 2025-11-08,brown-dress-1762578900.png,public
Brown Dress,Dress,outerwear,,,brown,black|pink,,,all-season,AI-detected Dress processed on 2025-11-08,brown-dress-1762579507.png,public
Brown Dress,Dress,outerwear,,,brown,black|pink,,,all-season,AI-detected Dress processed on 2025-11-08,brown-dress-1762582501.png,public
Brown Dress,Dress,outerwear,,,brown,black|pink,,,all-season,AI-detected Dress processed on 2025-11-08,brown-dress-1762583683.png,public
Brown Dress,Dress,outerwear,,,brown,black|pink,,,all-season,AI-detected Dress processed on 2025-11-08,brown-dress-1762584831.png,public
Brown Dress,Dress,outerwear,,,brown,black|pink,,,all-season,AI-detected Dress processed on 2025-11-08,brown-dress-1762588642.png,public
Brown Dress,Dress,outerwear,,,brown,black|pink,,,all-season,AI-detected Dress processed on 2025-11-08,brown-dress-1762589557.png,public
Brown Dress,Dress,outerwear,,,brown,black|pink,,,all-season,AI-detected Dress processed on 2025-11-08,brown-dress-1762592854.png,public
Brown Dress,Dress,outerwear,,,brown,black|pink,,,all-season,AI-detected Dress processed on 2025-11-08,brown-dress-1762594385.png,public
Brown Dress,Dress,outerwear,,,brown,black|pink,,,all-season,AI-detected Dress processed on 2025-11-08,brown-dress-1762596027.png,public
Brown Dress,Dress,outerwear,,,brown,black|pink,,,all-season,AI-detected Dress processed on 2025-11-08,brown-dress-1762600690.png,public
Brown Dress,Dress,outerwear,,,brown,black|pink,,,all-season,AI-detected Dress processed on 2025-11-08,brown-dress-1762606619.png,public
Brown Dress,Dress,outerwear,,,brown,black|purple,,,all-season,AI-detected Dress processed on 2025-11-08,brown-dress-1762606958.png,public
Brown Dress,Dress,outerwear,,,brown,black|red,,,all-season,AI-detected Dress processed on 2025-11-08,brown-dress-1762587430.png,public
Brown Dress,Dress,outerwear,,,brown,gray|black,,,all-season,AI-detected Dress processed on 2025-11-08,brown-dress-1762570938.png,public
Brown Dress,Dress,outerwear,,,brown,gray|black,,,all-season,AI-detected Dress processed on 2025-11-08,brown-dress-1762579453.png,public
Brown Dress,Dress,outerwear,,,brown,gray|black,,,all-season,AI-detected Dress processed on 2025-11-08,brown-dress-1762586070.png,public
Brown Dress,Dress,outerwear,,,brown,gray|black,,,all-season,AI-detected Dress processed on 2025-11-08,brown-dress-1762586751.png,public
Brown Dress,Dress,outerwear,,,brown,gray|black,,,all-season,AI-detected Dress processed on 2025-11-08,brown-dress-1762587955.png,public
Brown Dress,Dress,outerwear,,,brown,gray|black,,,all-season,AI-detected Dress processed on 2025-11-08,brown-dress-1762590044.png,public
Brown Dress,Dress,outerwear,,,brown,gray|black,,,all-season,AI-detected Dress processed on 2025-11-08,brown-dress-1762595044.png,public
Brown Dress,Dress,outerwear,,,brown,gray|black,,,all-season,AI-detected Dress processed on 2025-11-08,brown-dress-1762604479.png,public
Brown Dress,Dress,outerwear,,,brown,gray|pink,,,all-season,AI-detected Dress processed on 2025-11-08,brown-dress-1762569692.png,public
Brown Dress,Dress,outerwear,,,brown,gray|pink,,,all-season,AI-detected Dress processed on 2025-11-08,brown-dress-1762578317.png,public
Brown Dress,Dress,outerwear,,,brown,maroon|black,,,all-season,AI-detected Dress processed on 2025-11-08,brown-dress-1762569118.png,public
Brown Dress,Dress,outerwear,,,brown,maroon|black,,,all-season,AI-detected Dress processed on 2025-11-08,brown-dress-1762569256.png,public
Brown Dress,Dress,outerwear,,,brown,maroon|black,,,all-season,AI-detected Dress processed on 2025-11-08,brown-dress-1762569533.png,public
Brown Dress,Dress,outerwear,,,brown,maroon|black,,,all-season,AI-detected Dress processed on 2025-11-08,brown-dress-1762570001.png,public
Brown Dress,Dress,outerwear,,,brown,maroon|black,,,all-season,AI-detected Dress processed on 2025-11-08,brown-dress-1762580881.png,public
Brown Dress,Dress,outerwear,,,brown,maroon|black,,,all-season,AI-detected Dress processed on 2025-11-08,brown-dress-1762591389.png,public
Brown Dress,Dress,outerwear,,,brown,maroon|black,,,all-season,AI-detected Dress processed on 2025-11-08,brown-dress-1762593815.png,public
Brown Dress,Dress,outerwear,,,brown,maroon|black,,,all-season,AI-detected Dress processed on 2025-11-08,brown-dress-1762607673.png,public
Brown Dress,Dress,outerwear,,,brown,orange|black,,,all-season,AI-detected Dress processed on 2025-11-08,brown-dress-1762592899.png,public
Brown Dress,Dress,outerwear,,,brown,pink|black,,,all-season,AI-detected Dress processed on 2025-11-08,brown-dress-1762573501.png,public
Brown Dress,Dress,outerwear,,,brown,pink|black,,,all-season,AI-detected Dress processed on 2025-11-08,brown-dress-1762573937.png,public
Brown Dress,Dress,outerwear,,,brown,pink|black,,,all-season,AI-detected Dress processed on 2025-11-08,brown-dress-1762581261.png,public
Brown Dress,Dress,outerwear,,,brown,pink|black,,,all-season,AI-detected Dress processed on 2025-11-08,brown-dress-1762586262.png,public
Brown Dress,Dress,outerwear,,,brown,pink|black,,,all-season,AI-detected Dress processed on 2025-11-08,brown-dress-1762596730.png,public
Brown Dress,Dress,outerwear,,,brown,pink|black,,,all-season,AI-detected Dress processed on 2025-11-08,brown-dress-1762602268.png,public
Brown Dress,Dress,outerwear,,,brown,red|black,,,all-season,AI-detected Dress processed on 2025-11-08,brown-dress-1762601129.png,public
Brown Hat,Hat,accessory,,,brown,black,,,all-season,AI-detected Hat processed on 2025-11-08,brown-hat-1762569730.png,public
Brown Hat,Hat,accessory,,,brown,black,,,all-season,AI-detected Hat processed on 2025-11-08,brown-hat-1762573611.png,public
Brown Hat,Hat,accessory,,,brown,black,,,all-season,AI-detected Hat processed on 2025-11-08,brown-hat-1762574869.png,public
Brown Hat,Hat,accessory,,,brown,black,,,all-season,AI-detected Hat processed on 2025-11-08,brown-hat-1762578299.png,public
Brown Hat,Hat,accessory,,,brown,black,,,all-season,AI-detected Hat processed on 2025-11-08,brown-hat-1762583110.png,public
Brown Hat,Hat,accessory,,,brown,black,,,all-season,AI-detected Hat processed on 2025-11-08,brown-hat-1762585798.png,public
Brown Hat,Hat,accessory,,,brown,black,,,all-season,AI-detected Hat processed on 2025-11-08,brown-hat-1762586159.png,public
Brown Hat,Hat,accessory,,,brown,black,,,all-season,AI-detected Hat processed on 2025-11-08,brown-hat-1762586471.png,public
Brown Hat,Hat,accessory,,,brown,black,,,all-season,AI-detected Hat processed on 2025-11-08,brown-hat-1762588054.png,public
Brown Hat,Hat,accessory,,,brown,black,,,all-season,AI-detected Hat processed on 2025-11-08,brown-hat-1762588198.png,public
Brown Hat,Hat,accessory,,,brown,black,,,all-season,AI-detected Hat processed on 2025-11-08,brown-hat-1762588756.png,public
Brown Hat,Hat,accessory,,,brown,black,,,all-season,AI-detected Hat processed on 2025-11-08,brown-hat-1762588851.png,public
Brown Hat,Hat,accessory,,,brown,black,,,all-season,AI-detected Hat processed on 2025-11-08,brown-hat-1762590402.png,public
Brown Hat,Hat,accessory,,,brown,black,,,all-season,AI-detected Hat processed on 2025-11-08,brown-hat-1762593939.png,public
Brown Hat,Hat,accessory,,,brown,black,,,all-season,AI-detected Hat processed on 2025-11-08,brown-hat-1762595173.png,public
Brown Hat,Hat,accessory,,,brown,black,,,all-season,AI-detected Hat processed on 2025-11-08,brown-hat-1762599897.png,public
Brown Hat,Hat,accessory,,,brown,black,,,all-season,AI-detected Hat processed on 2025-11-08,brown-hat-1762601918.png,public
Brown Hat,Hat,accessory,,,brown,black,,,all-season,AI-detected Hat processed on 2025-11-08,brown-hat-1762602775.png,public
Brown Hat,Hat,accessory,,,brown,black,,,all-season,AI-detected Hat processed on 2025-11-08,brown-hat-1762604597.png,public
Brown Hat,Hat,accessory,,,brown,black,,,all-season,AI-detected Hat processed on 2025-11-08,brown-hat-1762605575.png,public
Brown Hat,Hat,accessory,,,brown,black,,,all-season,AI-detected Hat processed on 2025-11-08,brown-hat-1762605703.png,public
Brown Hat,Hat,accessory,,,brown,black,,,all-season,AI-detected Hat processed on 2025-11-08,brown-hat-1762606126.png,public
Brown Hat,Hat,accessory,,,brown,black|gray,,,all-season,AI-detected Hat processed on 2025-11-08,brown-hat-1762569371.png,public
Brown Hat,Hat,accessory,,,brown,black|gray,,,all-season,AI-detected Hat processed on 2025-11-08,brown-hat-1762569433.png,public
Brown Hat,Hat,accessory,,,brown,black|gray,,,all-season,AI-detected Hat processed on 2025-11-08,brown-hat-1762569519.png,public
Brown Hat,Hat,accessory,,,brown,black|gray,,,all-season,AI-detected Hat processed on 2025-11-08,brown-hat-1762570778.png,public
Brown Hat,Hat,accessory,,,brown,black|gray,,,all-season,AI-detected Hat processed on 2025-11-08,brown-hat-1762571308.png,public
Brown Hat,Hat,accessory,,,brown,black|gray,,,all-season,AI-detected Hat processed on 2025-11-08,brown-hat-1762571757.png,public
Brown Hat,Hat,accessory,,,brown,black|gray,,,all-season,AI-detected Hat processed on 2025-11-08,brown-hat-1762572166.png,public
Brown Hat,Hat,accessory,,,brown,black|gray,,,all-season,AI-detected Hat processed on 2025-11-08,brown-hat-1762580440.png,public
Brown Hat,Hat,accessory,,,brown,black|gray,,,all-season,AI-detected Hat processed on 2025-11-08,brown-hat-1762580646.png,public
Brown Hat,Hat,accessory,,,brown,black|gray,,,all-season,AI-detected Hat processed on 2025-11-08,brown-hat-1762583004.png,public
Brown Hat,Hat,accessory,,,brown,black|gray,,,all-season,AI-detected Hat processed on 2025-11-08,brown-hat-1762583578.png,public
Brown Hat,Hat,accessory,,,brown,black|gray,,,all-season,AI-detected Hat processed on 2025-11-08,brown-hat-1762584597.png,public
Brown Hat,Hat,accessory,,,brown,black|gray,,,all-season,AI-detected Hat processed on 2025-11-08,brown-hat-1762584717.png,public
Brown Hat,Hat,accessory,,,brown,black|gray,,,all-season,AI-detected Hat processed on 2025-11-08,brown-hat-1762585442.png,public
Brown Hat,Hat,accessory,,,brown,black|gray,,,all-season,AI-detected Hat processed on 2025-11-08,brown-hat-1762586391.png,public
Brown Hat,Hat,accessory,,,brown,black|gray,,,all-season,AI-detected Hat processed on 2025-11-08,brown-hat-1762587050.png,public
Brown Hat,Hat,accessory,,,brown,black|gray,,,all-season,AI-detected Hat processed on 2025-11-08,brown-hat-1762587226.png,public
Brown Hat,Hat,accessory,,,brown,black|gray,,,all-season,AI-detected Hat processed on 2025-11-08,brown-hat-1762589054.png,public
Brown Hat,Hat,accessory,,,brown,black|gray,,,all-season,AI-detected Hat processed on 2025-11-08,brown-hat-1762589687.png,public
Brown Hat,Hat,accessory,,,brown,black|gray,,,all-season,AI-detected Hat processed on 2025-11-08,brown-hat-1762591685.png,public
Brown Hat,Hat,accessory,,,brown,black|gray,,,all-season,AI-detected Hat processed on 2025-11-08,brown-hat-1762591696.png,public
Brown Hat,Hat,accessory,,,brown,black|gray,,,all-season,AI-detected Hat processed on 2025-11-08,brown-hat-1762592553.png,public
Brown Hat,Hat,accessory,,,brown,black|gray,,,all-season,AI-detected Hat processed on 2025-11-08,brown-hat-1762592929.png,public
Brown Hat,Hat,accessory,,,brown,black|gray,,,all-season,AI-detected Hat processed on 2025-11-08,brown-hat-1762594249.png,public
Brown Hat,Hat,accessory,,,brown,black|gray,,,all-season,AI-detected Hat processed on 2025-11-08,brown-hat-1762594367.png,public
Brown Hat,Hat,accessory,,,brown,black|gray,,,all-season,AI-detected Hat processed on 2025-11-08,brown-hat-1762594395.png,public
Brown Hat,Hat,accessory,,,brown,black|gray,,,all-season,AI-detected Hat processed on 2025-11-08,brown-hat-1762594843.png,public
Brown Hat,Hat,accessory,,,brown,black|gray,,,all-season,AI-detected Hat processed on 2025-11-08,brown-hat-1762595149.png,public
Brown Hat,Hat,accessory,,,brown,black|gray,,,all-season,AI-detected Hat processed on 2025-11-08,brown-hat-1762595374.png,public
Brown Hat,Hat,accessory,,,brown,black|gray,,,all-season,AI-detected Hat processed on 2025-11-08,brown-hat-1762595789.png,public
Brown Hat,Hat,accessory,,,brown,black|gray,,,all-season,AI-detected Hat processed on 2025-11-08,brown-hat-1762595908.png,public
Brown Hat,Hat,accessory,,,brown,black|gray,,,all-season,AI-detected Hat processed on 2025-11-08,brown-hat-1762596378.png,public
Brown Hat,Hat,accessory,,,brown,black|gray,,,all-season,AI-detected Hat processed on 2025-11-08,brown-hat-1762596792.png,public
Brown Hat,Hat,accessory,,,brown,black|gray,,,all-season,AI-detected Hat processed on 2025-11-08,brown-hat-1762598266.png,public
Brown Hat,Hat,accessory,,,brown,black|gray,,,all-season,AI-detected Hat processed on 2025-11-08,brown-hat-1762600582.png,public
Brown Hat,Hat,accessory,,,brown,black|gray,,,all-season,AI-detected Hat processed on 2025-11-08,brown-hat-1762600856.png,public
Brown Hat,Hat,accessory,,,brown,black|gray,,,all-season,AI-detected Hat processed on 2025-11-08,brown-hat-1762602588.png,public
Brown Hat,Hat,accessory,,,brown,black|gray,,,all-season,AI-detected Hat processed on 2025-11-08,brown-hat-1762605331.png,public
Brown Hat,Hat,accessory,,,brown,black|gray,,,all-season,AI-detected Hat processed on 2025-11-08,brown-hat-1762606758.png,public
Brown Hat,Hat,accessory,,,brown,black|maroon,,,all-season,AI-detected Hat processed on 2025-11-08,brown-hat-1762569144.png,public
Brown Hat,Hat,accessory,,,brown,black|maroon,,,all-season,AI-detected Hat processed on 2025-11-08,brown-hat-1762571427.png,public
Brown Hat,Hat,accessory,,,brown,black|maroon,,,all-season,AI-detected Hat processed on 2025-11-08,brown-hat-1762573243.png,public
Brown Hat,Hat,accessory,,,brown,black|maroon,,,all-season,AI-detected Hat processed on 2025-11-08,brown-hat-1762573933.png,public
Brown Hat,Hat,accessory,,,brown,black|maroon,,,all-season,AI-detected Hat processed on 2025-11-08,brown-hat-1762580928.png,public
Brown Hat,Hat,accessory,,,brown,black|maroon,,,all-season,AI-detected Hat processed on 2025-11-08,brown-hat-1762583055.png,public
Brown Hat,Hat,accessory,,,brown,black|maroon,,,all-season,AI-detected Hat processed on 2025-11-08,brown-hat-1762599345.png,public
Brown Hat,Hat,accessory,,,brown,black|orange,,,all-season,AI-detected Hat processed on 2025-11-08,brown-hat-1762589533.png,public
Brown Hat,Hat,accessory,,,brown,black|orange,,,all-season,AI-detected Hat processed on 2025-11-08,brown-hat-1762599675.png,public
Brown Hat,Hat,accessory,,,brown,black|orange,,,all-season,AI-detected Hat processed on 2025-11-08,brown-hat-1762601699.png,public
Brown Hat,Hat,accessory,,,brown,black|pink,,,all-season,AI-detected Hat processed on 2025-11-08,brown-hat-1762574684.png,public
Brown Hat,Hat,accessory,,,brown,black|pink,,,all-season,AI-detected Hat processed on 2025-11-08,brown-hat-1762574966.png,public
Brown Hat,Hat,accessory,,,brown,black|pink,,,all-season,AI-detected Hat processed on 2025-11-08,brown-hat-1762580498.png,public
Brown Hat,Hat,accessory,,,brown,black|pink,,,all-season,AI-detected Hat processed on 2025-11-08,brown-hat-1762581256.png,public
Brown Hat,Hat,accessory,,,brown,black|pink,,,all-season,AI-detected Hat processed on 2025-11-08,brown-hat-1762584201.png,public
Brown Hat,Hat,accessory,,,brown,black|pink,,,all-season,AI-detected Hat processed on 2025-11-08,brown-hat-1762592239.png,public
Brown Hat,Hat,accessory,,,brown,black|pink,,,all-season,AI-detected Hat processed on 2025-11-08,brown-hat-1762603898.png,public
Brown Hat,Hat,accessory,,,brown,black|pink,,,all-season,AI-detected Hat processed on 2025-11-08,brown-hat-1762604116.png,public
Brown Hat,Hat,accessory,,,brown,black|pink,,,all-season,AI-detected Hat processed on 2025-11-08,brown-hat-1762604960.png,public
Brown Hat,Hat,accessory,,,brown,gray|black,,,all-season,AI-detected Hat processed on 2025-11-08,brown-hat-1762570557.png,public
Brown Hat,Hat,accessory,,,brown,gray|black,,,all-season,AI-detected Hat processed on 2025-11-08,brown-hat-1762571344.png,public
Brown Hat,Hat,accessory,,,brown,gray|black,,,all-season,AI-detected Hat processed on 2025-11-08,brown-hat-1762578385.png,public
Brown Hat,Hat,accessory,,,brown,gray|black,,,all-season,AI-detected Hat processed on 2025-11-08,brown-hat-1762581389.png,public
Brown Hat,Hat,accessory,,,brown,gray|black,,,all-season,AI-detected Hat processed on 2025-11-08,brown-hat-1762582714.png,public
Brown Hat,Hat,accessory,,,brown,gray|black,,,all-season,AI-detected Hat processed on 2025-11-08,brown-hat-1762590193.png,public
Brown Hat,Hat,accessory,,,brown,gray|black,,,all-season,AI-detected Hat processed on 2025-11-08,brown-hat-1762593931.png,public
Brown Hat,Hat,accessory,,,brown,gray|black,,,all-season,AI-detected Hat processed on 2025-11-08,brown-hat-1762594211.png,public
Brown Hat,Hat,accessory,,,brown,gray|black,,,all-season,AI-detected Hat processed on 2025-11-08,brown-hat-1762595396.png,public
Brown Hat,Hat,accessory,,,brown,gray|black,,,all-season,AI-detected Hat processed on 2025-11-08,brown-hat-1762597390.png,public
Brown Hat,Hat,accessory,,,brown,gray|black,,,all-season,AI-detected Hat processed on 2025-11-08,brown-hat-1762600904.png,public
Brown Hat,Hat,accessory,,,brown,gray|black,,,all-season,AI-detected Hat processed on 2025-11-08,brown-hat-1762606056.png,public
Brown Hat,Hat,accessory,,,brown,gray|pink,,,all-season,AI-detected Hat processed on 2025-11-08,brown-hat-1762578078.png,public
Brown Hat,Hat,accessory,,,brown,maroon|black,,,all-season,AI-detected Hat processed on 2025-11-08,brown-hat-1762603577.png,public
Brown Hat,Hat,accessory,,,brown,pink|black,,,all-season,AI-detected Hat processed on 2025-11-08,brown-hat-1762570067.png,public
Brown Hat,Hat,accessory,,,brown,pink|black,,,all-season,AI-detected Hat processed on 2025-11-08,brown-hat-1762572641.png,public
Brown Hat,Hat,accessory,,,brown,pink|black,,,all-season,AI-detected Hat processed on 2025-11-08,brown-hat-1762586029.png,public
Brown Hat,Hat,accessory,,,brown,red|black,,,all-season,AI-detected Hat processed on 2025-11-08,brown-hat-1762601999.png,public
Brown Hoodie,Hoodie,outerwear,,,brown,black,,,all-season,AI-detected Hoodie processed on 2025-11-08,brown-hoodie-1762601779.png,public
Brown Hoodie,Hoodie,outerwear,,,brown,black|pink,,,all-season,AI-detected Hoodie processed on 2025-11-08,brown-hoodie-1762573140.png,public
Brown Longsleeve,Longsleeve,top,,,brown,black,,,all-season,AI-detected Longsleeve processed on 2025-11-08,brown-longsleeve-1762570282.png,public
Brown Longsleeve,Longsleeve,top,,,brown,black,,,all-season,AI-detected Longsleeve processed on 2025-11-08,brown-longsleeve-1762582691.png,public
Brown Longsleeve,Longsleeve,top,,,brown,black,,,all-season,AI-detected Longsleeve processed on 2025-11-08,brown-longsleeve-1762584646.png,public
Brown Longsleeve,Longsleeve,top,,,brown,black,,,all-season,AI-detected Longsleeve processed on 2025-11-08,brown-longsleeve-1762587117.png,public
Brown Longsleeve,Longsleeve,top,,,brown,black,,,all-season,AI-detected Longsleeve processed on 2025-11-08,brown-longsleeve-1762593549.png,public
Brown Longsleeve,Longsleeve,top,,,brown,black,,,all-season,AI-detected Longsleeve processed on 2025-11-08,brown-longsleeve-1762603457.png,public
Brown Longsleeve,Longsleeve,top,,,brown,black,,,all-season,AI-detected Longsleeve processed on 2025-11-08,brown-longsleeve-1762606952.png,public
Brown Longsleeve,Longsleeve,top,,,brown,black|gray,,,all-season,AI-detected Longsleeve processed on 2025-11-08,brown-longsleeve-1762583385.png,public
Brown Longsleeve,Longsleeve,top,,,brown,black|gray,,,all-season,AI-detected Longsleeve processed on 2025-11-08,brown-longsleeve-1762584254.png,public
Brown Longsleeve,Longsleeve,top,,,brown,black|gray,,,all-season,AI-detected Longsleeve processed on 2025-11-08,brown-longsleeve-1762607455.png,public
Brown Longsleeve,Longsleeve,top,,,brown,black|maroon,,,all-season,AI-detected Longsleeve processed on 2025-11-08,brown-longsleeve-1762571015.png,public
Brown Longsleeve,Longsleeve,top,,,brown,gray|black,,,all-season,AI-detected Longsleeve processed on 2025-11-08,brown-longsleeve-1762570359.png,public
Brown Longsleeve,Longsleeve,top,,,brown,gray|black,,,all-season,AI-detected Longsleeve processed on 2025-11-08,brown-longsleeve-1762578617.png,public
Brown Longsleeve,Longsleeve,top,,,brown,pink|black,,,all-season,AI-detected Longsleeve processed on 2025-11-08,brown-longsleeve-1762569248.png,public
Brown Longsleeve,Longsleeve,top,,,brown,pink|black,,,all-season,AI-detected Longsleeve processed on 2025-11-08,brown-longsleeve-1762579562.png,public
Brown Longsleeve,Longsleeve,top,,,brown,pink|black,,,all-season,AI-detected Longsleeve processed on 2025-11-08,brown-longsleeve-1762586955.png,public
Brown Outwear,Outwear,outerwear,,,brown,black,,,all-season,AI-detected Outwear processed on 2025-11-08,brown-outwear-1762579123.png,public
Brown Outwear,Outwear,outerwear,,,brown,black,,,all-season,AI-detected Outwear processed on 2025-11-08,brown-outwear-1762588636.png,public
Brown Outwear,Outwear,outerwear,,,brown,black|gray,,,all-season,AI-detected Outwear processed on 2025-11-08,brown-outwear-1762596601.png,public
Brown Outwear,Outwear,outerwear,,,brown,black|gray,,,all-season,AI-detected Outwear processed on 2025-11-08,brown-outwear-1762596914.png,public
Brown Outwear,Outwear,outerwear,,,brown,gray|black,,,all-season,AI-detected Outwear processed on 2025-11-08,brown-outwear-1762588372.png,public
Brown Outwear,Outwear,outerwear,,,brown,gray|maroon,,,all-season,AI-detected Outwear processed on 2025-11-08,brown-outwear-1762594635.png,public
Brown Pants,Pants,bottom,,,brown,black|gray,,,all-season,AI-detected Pants processed on 2025-11-08,brown-pants-1762569811.png,public
Brown Pants,Pants,bottom,,,brown,black|gray,,,all-season,AI-detected Pants processed on 2025-11-08,brown-pants-1762577330.png,public
Brown Pants,Pants,bottom,,,brown,black|gray,,,all-season,AI-detected Pants processed on 2025-11-08,brown-pants-1762577353.png,public
Brown Pants,Pants,bottom,,,brown,black|gray,,,all-season,AI-detected Pants processed on 2025-11-08,brown-pants-1762593692.png,public
Brown Pants,Pants,bottom,,,brown,black|pink,,,all-season,AI-detected Pants processed on 2025-11-08,brown-pants-1762570375.png,public
Brown Pants,Pants,bottom,,,brown,black|pink,,,all-season,AI-detected Pants processed on 2025-11-08,brown-pants-1762573918.png,public
Brown Pants,Pants,bottom,,,brown,black|pink,,,all-season,AI-detected Pants processed on 2025-11-08,brown-pants-1762574783.png,public
Brown Pants,Pants,bottom,,,brown,black|pink,,,all-season,AI-detected Pants processed on 2025-11-08,brown-pants-1762593013.png,public
Brown Pants,Pants,bottom,,,brown,gray|pink,,,all-season,AI-detected Pants processed on 2025-11-08,brown-pants-1762588869.png,public
Brown Pants,Pants,bottom,,,brown,pink|black,,,all-season,AI-detected Pants processed on 2025-11-08,brown-pants-1762572402.png,public
Brown Polo,Polo,top,,,brown,black,,,all-season,AI-detected Polo processed on 2025-11-08,brown-polo-1762585316.png,public
Brown Polo,Polo,top,,,brown,gray|black,,,all-season,AI-detected Polo processed on 2025-11-08,brown-polo-1762601811.png,public
Brown Shirt,Shirt,top,,,brown,black,,,all-season,AI-detected Shirt processed on 2025-11-08,brown-shirt-1762605943.png,public
Brown Shirt,Shirt,top,,,brown,black|gray,,,all-season,AI-detected Shirt processed on 2025-11-08,brown-shirt-1762574305.png,public
Brown Shirt,Shirt,top,,,brown,black|gray,,,all-season,AI-detected Shirt processed on 2025-11-08,brown-shirt-1762585074.png,public
Brown Shirt,Shirt,top,,,brown,black|gray,,,all-season,AI-detected Shirt processed on 2025-11-08,brown-shirt-1762588030.png,public
Brown Shirt,Shirt,top,,,brown,black|gray,,,all-season,AI-detected Shirt processed on 2025-11-08,brown-shirt-1762601038.png,public
Brown Shirt,Shirt,top,,,brown,black|maroon,,,all-season,AI-detected Shirt processed on 2025-11-08,brown-shirt-1762568629.png,public
Brown Shirt,Shirt,top,,,brown,black|pink,,,all-season,AI-detected Shirt processed on 2025-11-08,brown-shirt-1762595330.png,public
Brown Shirt,Shirt,top,,,brown,gray|black,,,all-season,AI-detected Shirt processed on 2025-11-08,brown-shirt-1762572647.png,public
Brown Shirt,Shirt,top,,,brown,gray|black,,,all-season,AI-detected Shirt processed on 2025-11-08,brown-shirt-1762598002.png,public
Brown Shirt,Shirt,top,,,brown,gray|black,,,all-season,AI-detected Shirt processed on 2025-11-08,brown-shirt-1762598396.png,public
Brown Shirt,Shirt,top,,,brown,gray|black,,,all-season,AI-detected Shirt processed on 2025-11-08,brown-shirt-1762600860.png,public
Brown Shirt,Shirt,top,,,brown,gray|black,,,all-season,AI-detected Shirt processed on 2025-11-08,brown-shirt-1762607418.png,public
Brown Shirt,Shirt,top,,,brown,maroon|black,,,all-season,AI-detected Shirt processed on 2025-11-08,brown-shirt-1762576771.png,public
Brown Shirt,Shirt,top,,,brown,maroon|black,,,all-season,AI-detected Shirt processed on 2025-11-08,brown-shirt-1762582634.png,public
Brown Shoes,Shoes,shoes,,,brown,black,,,all-season,AI-detected Shoes processed on 2025-11-08,brown-shoes-1762569602.png,public
Brown Shoes,Shoes,shoes,,,brown,black,,,all-season,AI-detected Shoes processed on 2025-11-08,brown-shoes-1762570356.png,public
Brown Shoes,Shoes,shoes,,,brown,black,,,all-season,AI-detected Shoes processed on 2025-11-08,brown-shoes-1762571986.png,public
Brown Shoes,Shoes,shoes,,,brown,black,,,all-season,AI-detected Shoes processed on 2025-11-08,brown-shoes-1762581477.png,public
Brown Shoes,Shoes,shoes,,,brown,black,,,all-season,AI-detected Shoes processed on 2025-11-08,brown-shoes-1762583355.png,public
Brown Shoes,Shoes,shoes,,,brown,black,,,all-season,AI-detected Shoes processed on 2025-11-08,brown-shoes-1762596868.png,public
Brown Shoes,Shoes,shoes,,,brown,black,,,all-season,AI-detected Shoes processed on 2025-11-08,brown-shoes-1762597105.png,public
Brown Shoes,Shoes,shoes,,,brown,black|gray,,,all-season,AI-detected Shoes processed on 2025-11-08,brown-shoes-1762569965.png,public
Brown Shoes,Shoes,shoes,,,brown,black|gray,,,all-season,AI-detected Shoes processed on 2025-11-08,brown-shoes-1762570398.png,public
Brown Shoes,Shoes,shoes,,,brown,black|gray,,,all-season,AI-detected Shoes processed on 2025-11-08,brown-shoes-1762570664.png,public
Brown Shoes,Shoes,shoes,,,brown,black|gray,,,all-season,AI-detected Shoes processed on 2025-11-08,brown-shoes-1762572013.png,public
Brown Shoes,Shoes,shoes,,,brown,black|gray,,,all-season,AI-detected Shoes processed on 2025-11-08,brown-shoes-1762577047.png,public
Brown Shoes,Shoes,shoes,,,brown,black|gray,,,all-season,AI-detected Shoes processed on 2025-11-08,brown-shoes-1762577999.png,public
Brown Shoes,Shoes,shoes,,,brown,black|gray,,,all-season,AI-detected Shoes processed on 2025-11-08,brown-shoes-1762578082.png,public
Brown Shoes,Shoes,shoes,,,brown,black|gray,,,all-season,AI-detected Shoes processed on 2025-11-08,brown-shoes-1762578708.png,public
Brown Shoes,Shoes,shoes,,,brown,black|gray,,,all-season,AI-detected Shoes processed on 2025-11-08,brown-shoes-1762580102.png,public
Brown Shoes,Shoes,shoes,,,brown,black|gray,,,all-season,AI-detected Shoes processed on 2025-11-08,brown-shoes-1762581352.png,public
Brown Shoes,Shoes,shoes,,,brown,black|gray,,,all-season,AI-detected Shoes processed on 2025-11-08,brown-shoes-1762581775.png,public
Brown Shoes,Shoes,shoes,,,brown,black|gray,,,all-season,AI-detected Shoes processed on 2025-11-08,brown-shoes-1762581812.png,public
Brown Shoes,Shoes,shoes,,,brown,black|gray,,,all-season,AI-detected Shoes processed on 2025-11-08,brown-shoes-1762583009.png,public
Brown Shoes,Shoes,shoes,,,brown,black|gray,,,all-season,AI-detected Shoes processed on 2025-11-08,brown-shoes-1762585185.png,public
Brown Shoes,Shoes,shoes,,,brown,black|gray,,,all-season,AI-detected Shoes processed on 2025-11-08,brown-shoes-1762587031.png,public
Brown Shoes,Shoes,shoes,,,brown,black|gray,,,all-season,AI-detected Shoes processed on 2025-11-08,brown-shoes-1762588790.png,public
Brown Shoes,Shoes,shoes,,,brown,black|gray,,,all-season,AI-detected Shoes processed on 2025-11-08,brown-shoes-1762589107.png,public
Brown Shoes,Shoes,shoes,,,brown,black|gray,,,all-season,AI-detected Shoes processed on 2025-11-08,brown-shoes-1762589746.png,public
Brown Shoes,Shoes,shoes,,,brown,black|gray,,,all-season,AI-detected Shoes processed on 2025-11-08,brown-shoes-1762591792.png,public
Brown Shoes,Shoes,shoes,,,brown,black|gray,,,all-season,AI-detected Shoes processed on 2025-11-08,brown-shoes-1762593718.png,public
Brown Shoes,Shoes,shoes,,,brown,black|gray,,,all-season,AI-detected Shoes processed on 2025-11-08,brown-shoes-1762593733.png,public
Brown Shoes,Shoes,shoes,,,brown,black|gray,,,all-season,AI-detected Shoes processed on 2025-11-08,brown-shoes-1762595124.png,public
Brown Shoes,Shoes,shoes,,,brown,black|gray,,,all-season,AI-detected Shoes processed on 2025-11-08,brown-shoes-1762606222.png,public
Brown Shoes,Shoes,shoes,,,brown,black|gray,,,all-season,AI-detected Shoes processed on 2025-11-08,brown-shoes-1762606382.png,public
Brown Shoes,Shoes,shoes,,,brown,black|gray,,,all-season,AI-detected Shoes processed on 2025-11-08,brown-shoes-1762607084.png,public
Brown Shoes,Shoes,shoes,,,brown,black|maroon,,,all-season,AI-detected Shoes processed on 2025-11-08,brown-shoes-1762578880.png,public
Brown Shoes,Shoes,shoes,,,brown,black|maroon,,,all-season,AI-detected Shoes processed on 2025-11-08,brown-shoes-1762595242.png,public
Brown Shoes,Shoes,shoes,,,brown,black|pink,,,all-season,AI-detected Shoes processed on 2025-11-08,brown-shoes-1762571012.png,public
Brown Shoes,Shoes,shoes,,,brown,black|pink,,,all-season,AI-detected Shoes processed on 2025-11-08,brown-shoes-1762571490.png,public
Brown Shoes,Shoes,shoes,,,brown,black|pink,,,all-season,AI-detected Shoes processed on 2025-11-08,brown-shoes-1762573223.png,public
Brown Shoes,Shoes,shoes,,,brown,black|pink,,,all-season,AI-detected Shoes processed on 2025-11-08,brown-shoes-1762574319.png,public
Brown Shoes,Shoes,shoes,,,brown,black|pink,,,all-season,AI-detected Shoes processed on 2025-11-08,brown-shoes-1762577958.png,public
Brown Shoes,Shoes,shoes,,,brown,black|pink,,,all-season,AI-detected Shoes processed on 2025-11-08,brown-shoes-1762582976.png,public
Brown Shoes,Shoes,shoes,,,brown,black|pink,,,all-season,AI-detected Shoes processed on 2025-11-08,brown-shoes-1762583940.png,public
Brown Shoes,Shoes,shoes,,,brown,black|pink,,,all-season,AI-detected Shoes processed on 2025-11-08,brown-shoes-1762587644.png,public
Brown Shoes,Shoes,shoes,,,brown,black|pink,,,all-season,AI-detected Shoes processed on 2025-11-08,brown-shoes-1762589118.png,public
Brown Shoes,Shoes,shoes,,,brown,black|pink,,,all-season,AI-detected Shoes processed on 2025-11-08,brown-shoes-1762589201.png,public
Brown Shoes,Shoes,shoes,,,brown,black|pink,,,all-season,AI-detected Shoes processed on 2025-11-08,brown-shoes-1762589414.png,public
Brown Shoes,Shoes,shoes,,,brown,black|pink,,,all-season,AI-detected Shoes processed on 2025-11-08,brown-shoes-1762594220.png,public
Brown Shoes,Shoes,shoes,,,brown,black|pink,,,all-season,AI-detected Shoes processed on 2025-11-08,brown-shoes-1762594342.png,public
Brown Shoes,Shoes,shoes,,,brown,black|pink,,,all-season,AI-detected Shoes processed on 2025-11-08,brown-shoes-1762598337.png,public
Brown Shoes,Shoes,shoes,,,brown,gray|black,,,all-season,AI-detected Shoes processed on 2025-11-08,brown-shoes-1762569266.png,public
Brown Shoes,Shoes,shoes,,,brown,gray|black,,,all-season,AI-detected Shoes processed on 2025-11-08,brown-shoes-1762579578.png,public
Brown Shoes,Shoes,shoes,,,brown,gray|black,,,all-season,AI-detected Shoes processed on 2025-11-08,brown-shoes-1762580216.png,public
Brown Shoes,Shoes,shoes,,,brown,gray|black,,,all-season,AI-detected Shoes processed on 2025-11-08,brown-shoes-1762580558.png,public
Brown Shoes,Shoes,shoes,,,brown,gray|black,,,all-season,AI-detected Shoes processed on 2025-11-08,brown-shoes-1762589660.png,public
Brown Shoes,Shoes,shoes,,,brown,gray|black,,,all-season,AI-detected Shoes processed on 2025-11-08,brown-shoes-1762591503.png,public
Brown Shoes,Shoes,shoes,,,brown,gray|black,,,all-season,AI-detected Shoes processed on 2025-11-08,brown-shoes-1762595893.png,public
Brown Shoes,Shoes,shoes,,,brown,gray|black,,,all-season,AI-detected Shoes processed on 2025-11-08,brown-shoes-1762596453.png,public
Brown Shoes,Shoes,shoes,,,brown,gray|black,,,all-season,AI-detected Shoes processed on 2025-11-08,brown-shoes-1762600809.png,public
Brown Shoes,Shoes,shoes,,,brown,gray|black,,,all-season,AI-detected Shoes processed on 2025-11-08,brown-shoes-1762602027.png,public
Brown Shoes,Shoes,shoes,,,brown,maroon|black,,,all-season,AI-detected Shoes processed on 2025-11-08,brown-shoes-1762568779.png,public
Brown Shoes,Shoes,shoes,,,brown,maroon|black,,,all-season,AI-detected Shoes processed on 2025-11-08,brown-shoes-1762577530.png,public
Brown Shoes,Shoes,shoes,,,brown,pink|black,,,all-season,AI-detected Shoes processed on 2025-11-08,brown-shoes-1762568968.png,public
Brown Shoes,Shoes,shoes,,,brown,pink|black,,,all-season,AI-detected Shoes processed on 2025-11-08,brown-shoes-1762587469.png,public
Brown Shoes,Shoes,shoes,,,brown,pink|black,,,all-season,AI-detected Shoes processed on 2025-11-08,brown-shoes-1762592279.png,public
Brown Shorts,Shorts,bottom,,,brown,black,,,all-season,AI-detected Shorts processed on 2025-11-08,brown-shorts-1762588073.png,public
Brown Shorts,Shorts,bottom,,,brown,black|gray,,,all-season,AI-detected Shorts processed on 2025-11-08,brown-shorts-1762574140.png,public
Brown Shorts,Shorts,bottom,,,brown,black|gray,,,all-season,AI-detected Shorts processed on 2025-11-08,brown-shorts-1762589301.png,public
Brown Shorts,Shorts,bottom,,,brown,black|gray,,,all-season,AI-detected Shorts processed on 2025-11-08,brown-shorts-1762599800.png,public
Brown Shorts,Shorts,bottom,,,brown,black|maroon,,,all-season,AI-detected Shorts processed on 2025-11-08,brown-shorts-1762582182.png,public
Brown Shorts,Shorts,bottom,,,brown,black|teal,,,all-season,AI-detected Shorts processed on 2025-11-08,brown-shorts-1762589902.png,public
Brown Shorts,Shorts,bottom,,,brown,orange|black,,,all-season,AI-detected Shorts processed on 2025-11-08,brown-shorts-1762585091.png,public
Brown Skirt,Skirt,bottom,,,brown,beige|black,,,all-season,AI-detected Skirt processed on 2025-11-08,brown-skirt-1762602810.png,public
Brown Skirt,Skirt,bottom,,,brown,black,,,all-season,AI-detected Skirt processed on 2025-11-08,brown-skirt-1762570148.png,public
Brown Skirt,Skirt,bottom,,,brown,black,,,all-season,AI-detected Skirt processed on 2025-11-08,brown-skirt-1762570486.png,public
Brown Skirt,Skirt,bottom,,,brown,black,,,all-season,AI-detected Skirt processed on 2025-11-08,brown-skirt-1762570716.png,public
Brown Skirt,Skirt,bottom,,,brown,black,,,all-season,AI-detected Skirt processed on 2025-11-08,brown-skirt-1762571915.png,public
Brown Skirt,Skirt,bottom,,,brown,black,,,all-season,AI-detected Skirt processed on 2025-11-08,brown-skirt-1762574170.png,public
Brown Skirt,Skirt,bottom,,,brown,black,,,all-season,AI-detected Skirt processed on 2025-11-08,brown-skirt-1762578351.png,public
Brown Skirt,Skirt,bottom,,,brown,black,,,all-season,AI-detected Skirt processed on 2025-11-08,brown-skirt-1762578701.png,public
Brown Skirt,Skirt,bottom,,,brown,black,,,all-season,AI-detected Skirt processed on 2025-11-08,brown-skirt-1762582869.png,public
Brown Skirt,Skirt,bottom,,,brown,black,,,all-season,AI-detected Skirt processed on 2025-11-08,brown-skirt-1762583601.png,public
Brown Skirt,Skirt,bottom,,,brown,black,,,all-season,AI-detected Skirt processed on 2025-11-08,brown-skirt-1762585084.png,public
Brown Skirt,Skirt,bottom,,,brown,black,,,all-season,AI-detected Skirt processed on 2025-11-08,brown-skirt-1762587541.png,public
Brown Skirt,Skirt,bottom,,,brown,black,,,all-season,AI-detected Skirt processed on 2025-11-08,brown-skirt-1762588855.png,public
Brown Skirt,Skirt,bottom,,,brown,black,,,all-season,AI-detected Skirt processed on 2025-11-08,brown-skirt-1762590411.png,public
Brown Skirt,Skirt,bottom,,,brown,black,,,all-season,AI-detected Skirt processed on 2025-11-08,brown-skirt-1762591186.png,public
Brown Skirt,Skirt,bottom,,,brown,black,,,all-season,AI-detected Skirt processed on 2025-11-08,brown-skirt-1762599159.png,public
Brown Skirt,Skirt,bottom,,,brown,black,,,all-season,AI-detected Skirt processed on 2025-11-08,brown-skirt-1762600333.png,public
Brown Skirt,Skirt,bottom,,,brown,black,,,all-season,AI-detected Skirt processed on 2025-11-08,brown-skirt-1762600500.png,public
Brown Skirt,Skirt,bottom,,,brown,black,,,all-season,AI-detected Skirt processed on 2025-11-08,brown-skirt-1762601547.png,public
Brown Skirt,Skirt,bottom,,,brown,black,,,all-season,AI-detected Skirt processed on 2025-11-08,brown-skirt-1762603728.png,public
Brown Skirt,Skirt,bottom,,,brown,black,,,all-season,AI-detected Skirt processed on 2025-11-08,brown-skirt-1762603984.png,public
Brown Skirt,Skirt,bottom,,,brown,black,,,all-season,AI-detected Skirt processed on 2025-11-08,brown-skirt-1762604137.png,public
Brown Skirt,Skirt,bottom,,,brown,black,,,all-season,AI-detected Skirt processed on 2025-11-08,brown-skirt-1762605361.png,public
Brown Skirt,Skirt,bottom,,,brown,black,,,all-season,AI-detected Skirt processed on 2025-11-08,brown-skirt-1762606281.png,public
Brown Skirt,Skirt,bottom,,,brown,black,,,all-season,AI-detected Skirt processed on 2025-11-08,brown-skirt-1762606427.png,public
Brown Skirt,Skirt,bottom,,,brown,black,,,all-season,AI-detected Skirt processed on 2025-11-08,brown-skirt-1762607146.png,public
Brown Skirt,Skirt,bottom,,,brown,black,,,all-season,AI-detected Skirt processed on 2025-11-08,brown-skirt-1762607687.png,public
Brown Skirt,Skirt,bottom,,,brown,black|gray,,,all-season,AI-detected Skirt processed on 2025-11-08,brown-skirt-1762570809.png,public
Brown Skirt,Skirt,bottom,,,brown,black|gray,,,all-season,AI-detected Skirt processed on 2025-11-08,brown-skirt-1762571892.png,public
Brown Skirt,Skirt,bottom,,,brown,black|gray,,,all-season,AI-detected Skirt processed on 2025-11-08,brown-skirt-1762574003.png,public
Brown Skirt,Skirt,bottom,,,brown,black|gray,,,all-season,AI-detected Skirt processed on 2025-11-08,brown-skirt-1762576320.png,public
Brown Skirt,Skirt,bottom,,,brown,black|gray,,,all-season,AI-detected Skirt processed on 2025-11-08,brown-skirt-1762579488.png,public
Brown Skirt,Skirt,bottom,,,brown,black|gray,,,all-season,AI-detected Skirt processed on 2025-11-08,brown-skirt-1762584178.png,public
Brown Skirt,Skirt,bottom,,,brown,black|gray,,,all-season,AI-detected Skirt processed on 2025-11-08,brown-skirt-1762584867.png,public
Brown Skirt,Skirt,bottom,,,brown,black|gray,,,all-season,AI-detected Skirt processed on 2025-11-08,brown-skirt-1762586717.png,public
Brown Skirt,Skirt,bottom,,,brown,black|gray,,,all-season,AI-detected Skirt processed on 2025-11-08,brown-skirt-1762587377.png,public
Brown Skirt,Skirt,bottom,,,brown,black|gray,,,all-season,AI-detected Skirt processed on 2025-11-08,brown-skirt-1762595675.png,public
Brown Skirt,Skirt,bottom,,,brown,black|gray,,,all-season,AI-detected Skirt processed on 2025-11-08,brown-skirt-1762598057.png,public
Brown Skirt,Skirt,bottom,,,brown,black|gray,,,all-season,AI-detected Skirt processed on 2025-11-08,brown-skirt-1762600067.png,public
Brown Skirt,Skirt,bottom,,,brown,black|gray,,,all-season,AI-detected Skirt processed on 2025-11-08,brown-skirt-1762601691.png,public
Brown Skirt,Skirt,bottom,,,brown,black|gray,,,all-season,AI-detected Skirt processed on 2025-11-08,brown-skirt-1762603276.png,public
Brown Skirt,Skirt,bottom,,,brown,black|maroon,,,all-season,AI-detected Skirt processed on 2025-11-08,brown-skirt-1762571889.png,public
Brown Skirt,Skirt,bottom,,,brown,black|maroon,,,all-season,AI-detected Skirt processed on 2025-11-08,brown-skirt-1762578155.png,public
Brown Skirt,Skirt,bottom,,,brown,black|maroon,,,all-season,AI-detected Skirt processed on 2025-11-08,brown-skirt-1762581722.png,public
Brown Skirt,Skirt,bottom,,,brown,black|maroon,,,all-season,AI-detected Skirt processed on 2025-11-08,brown-skirt-1762586050.png,public
Brown Skirt,Skirt,bottom,,,brown,black|maroon,,,all-season,AI-detected Skirt processed on 2025-11-08,brown-skirt-1762592258.png,public
Brown Skirt,Skirt,bottom,,,brown,black|maroon,,,all-season,AI-detected Skirt processed on 2025-11-08,brown-skirt-1762594809.png,public
Brown Skirt,Skirt,bottom,,,brown,black|maroon,,,all-season,AI-detected Skirt processed on 2025-11-08,brown-skirt-1762600016.png,public
Brown Skirt,Skirt,bottom,,,brown,black|orange,,,all-season,AI-detected Skirt processed on 2025-11-08,brown-skirt-1762603443.png,public
Brown Skirt,Skirt,bottom,,,brown,black|pink,,,all-season,AI-detected Skirt processed on 2025-11-08,brown-skirt-1762582629.png,public
Brown Skirt,Skirt,bottom,,,brown,black|pink,,,all-season,AI-detected Skirt processed on 2025-11-08,brown-skirt-1762585884.png,public
Brown Skirt,Skirt,bottom,,,brown,black|pink,,,all-season,AI-detected Skirt processed on 2025-11-08,brown-skirt-1762606877.png,public
Brown Skirt,Skirt,bottom,,,brown,black|purple,,,all-season,AI-detected Skirt processed on 2025-11-08,brown-skirt-1762589129.png,public
Brown Skirt,Skirt,bottom,,,brown,gray|black,,,all-season,AI-detected Skirt processed on 2025-11-08,brown-skirt-1762569033.png,public
Brown Skirt,Skirt,bottom,,,brown,gray|black,,,all-season,AI-detected Skirt processed on 2025-11-08,brown-skirt-1762571029.png,public
Brown Skirt,Skirt,bottom,,,brown,gray|black,,,all-season,AI-detected Skirt processed on 2025-11-08,brown-skirt-1762573078.png,public
Brown Skirt,Skirt,bottom,,,brown,gray|black,,,all-season,AI-detected Skirt processed on 2025-11-08,brown-skirt-1762574405.png,public
Brown Skirt,Skirt,bottom,,,brown,gray|black,,,all-season,AI-detected Skirt processed on 2025-11-08,brown-skirt-1762579611.png,public
Brown Skirt,Skirt,bottom,,,brown,gray|black,,,all-season,AI-detected Skirt processed on 2025-11-08,brown-skirt-1762582142.png,public
Brown Skirt,Skirt,bottom,,,brown,gray|black,,,all-season,AI-detected Skirt processed on 2025-11-08,brown-skirt-1762583653.png,public
Brown Skirt,Skirt,bottom,,,brown,gray|black,,,all-season,AI-detected Skirt processed on 2025-11-08,brown-skirt-1762586351.png,public
Brown Skirt,Skirt,bottom,,,brown,gray|black,,,all-season,AI-detected Skirt processed on 2025-11-08,brown-skirt-1762587406.png,public
Brown Skirt,Skirt,bottom,,,brown,gray|black,,,all-season,AI-detected Skirt processed on 2025-11-08,brown-skirt-1762588524.png,public
Brown Skirt,Skirt,bottom,,,brown,gray|black,,,all-season,AI-detected Skirt processed on 2025-11-08,brown-skirt-1762588799.png,public
Brown Skirt,Skirt,bottom,,,brown,gray|black,,,all-season,AI-detected Skirt processed on 2025-11-08,brown-skirt-1762590000.png,public
Brown Skirt,Skirt,bottom,,,brown,gray|black,,,all-season,AI-detected Skirt processed on 2025-11-08,brown-skirt-1762592095.png,public
Brown Skirt,Skirt,bottom,,,brown,gray|black,,,all-season,AI-detected Skirt processed on 2025-11-08,brown-skirt-1762596752.png,public
Brown Skirt,Skirt,bottom,,,brown,gray|black,,,all-season,AI-detected Skirt processed on 2025-11-08,brown-skirt-1762597971.png,public
Brown Skirt,Skirt,bottom,,,brown,gray|black,,,all-season,AI-detected Skirt processed on 2025-11-08,brown-skirt-1762599302.png,public
Brown Skirt,Skirt,bottom,,,brown,gray|pink,,,all-season,AI-detected Skirt processed on 2025-11-08,brown-skirt-1762588986.png,public
Brown Skirt,Skirt,bottom,,,brown,maroon|black,,,all-season,AI-detected Skirt processed on 2025-11-08,brown-skirt-1762574588.png,public
Brown Skirt,Skirt,bottom,,,brown,maroon|black,,,all-season,AI-detected Skirt processed on 2025-11-08,brown-skirt-1762589399.png,public
Brown Skirt,Skirt,bottom,,,brown,maroon|black,,,all-season,AI-detected Skirt processed on 2025-11-08,brown-skirt-1762603559.png,public
Brown Skirt,Skirt,bottom,,,brown,maroon|black,,,all-season,AI-detected Skirt processed on 2025-11-08,brown-skirt-1762607237.png,public
Brown Skirt,Skirt,bottom,,,brown,maroon|gray,,,all-season,AI-detected Skirt processed on 2025-11-08,brown-skirt-1762570689.png,public
Brown Skirt,Skirt,bottom,,,brown,maroon|gray,,,all-season,AI-detected Skirt processed on 2025-11-08,brown-skirt-1762574085.png,public
Brown Skirt,Skirt,bottom,,,brown,orange|black,,,all-season,AI-detected Skirt processed on 2025-11-08,brown-skirt-1762571934.png,public
Brown Skirt,Skirt,bottom,,,brown,orange|black,,,all-season,AI-detected Skirt processed on 2025-11-08,brown-skirt-1762585954.png,public
Brown Skirt,Skirt,bottom,,,brown,pink|black,,,all-season,AI-detected Skirt processed on 2025-11-08,brown-skirt-1762578369.png,public
Brown Skirt,Skirt,bottom,,,brown,pink|black,,,all-season,AI-detected Skirt processed on 2025-11-08,brown-skirt-1762600802.png,public
Brown T-Shirt,T-Shirt,top,,,brown,black|pink,,,all-season,AI-detected T-Shirt processed on 2025-11-08,brown-t-shirt-1762590184.png,public
Cyan Body,Body,top,,,cyan,black|beige,,,all-season,AI-detected Body processed on 2025-11-08,cyan-body-1762598322.png,public
Cyan Dress,Dress,outerwear,,,cyan,black|beige,,,all-season,AI-detected Dress processed on 2025-11-08,cyan-dress-1762579305.png,public
Cyan Dress,Dress,outerwear,,,cyan,black|teal,,,all-season,AI-detected Dress processed on 2025-11-08,cyan-dress-1762568854.png,public
Cyan Dress,Dress,outerwear,,,cyan,black|teal,,,all-season,AI-detected Dress processed on 2025-11-08,cyan-dress-1762581794.png,public
Cyan Hat,Hat,accessory,,,cyan,black|gray,,,all-season,AI-detected Hat processed on 2025-11-08,cyan-hat-1762582556.png,public
Cyan Longsleeve,Longsleeve,top,,,cyan,gray|black,,,all-season,AI-detected Longsleeve processed on 2025-11-08,cyan-longsleeve-1762595385.png,public
Cyan T-Shirt,T-Shirt,top,,,cyan,black|gray,,,all-season,AI-detected T-Shirt processed on 2025-11-08,cyan-t-shirt-1762583989.png,public
Gray Blazer,Blazer,outerwear,,,gray,beige|black,,,all-season,AI-detected Blazer processed on 2025-11-08,gray-blazer-1762578979.png,public
Gray Blazer,Blazer,outerwear,,,gray,black,,,all-season,AI-detected Blazer processed on 2025-11-08,gray-blazer-1762568932.png,public
Gray Blazer,Blazer,outerwear,,,gray,black,,,all-season,AI-detected Blazer processed on 2025-11-08,gray-blazer-1762568991.png,public
Gray Blazer,Blazer,outerwear,,,gray,black,,,all-season,AI-detected Blazer processed on 2025-11-08,gray-blazer-1762569923.png,public
Gray Blazer,Blazer,outerwear,,,gray,black,,,all-season,AI-detected Blazer processed on 2025-11-08,gray-blazer-1762570455.png,public
Gray Blazer,Blazer,outerwear,,,gray,black,,,all-season,AI-detected Blazer processed on 2025-11-08,gray-blazer-1762571635.png,public
Gray Blazer,Blazer,outerwear,,,gray,black,,,all-season,AI-detected Blazer processed on 2025-11-08,gray-blazer-1762571671.png,public
Gray Blazer,Blazer,outerwear,,,gray,black,,,all-season,AI-detected Blazer processed on 2025-11-08,gray-blazer-1762573070.png,public
Gray Blazer,Blazer,outerwear,,,gray,black,,,all-season,AI-detected Blazer processed on 2025-11-08,gray-blazer-1762573819.png,public
Gray Blazer,Blazer,outerwear,,,gray,black,,,all-season,AI-detected Blazer processed on 2025-11-08,gray-blazer-1762574492.png,public
Gray Blazer,Blazer,outerwear,,,gray,black,,,all-season,AI-detected Blazer processed on 2025-11-08,gray-blazer-1762574729.png,public
Gray Blazer,Blazer,outerwear,,,gray,black,,,all-season,AI-detected Blazer processed on 2025-11-08,gray-blazer-1762574875.png,public
Gray Blazer,Blazer,outerwear,,,gray,black,,,all-season,AI-detected Blazer processed on 2025-11-08,gray-blazer-1762577901.png,public
Gray Blazer,Blazer,outerwear,,,gray,black,,,all-season,AI-detected Blazer processed on 2025-11-08,gray-blazer-1762578137.png,public
Gray Blazer,Blazer,outerwear,,,gray,black,,,all-season,AI-detected Blazer processed on 2025-11-08,gray-blazer-1762579092.png,public
Gray Blazer,Blazer,outerwear,,,gray,black,,,all-season,AI-detected Blazer processed on 2025-11-08,gray-blazer-1762579859.png,public
Gray Blazer,Blazer,outerwear,,,gray,black,,,all-season,AI-detected Blazer processed on 2025-11-08,gray-blazer-1762582261.png,public
Gray Blazer,Blazer,outerwear,,,gray,black,,,all-season,AI-detected Blazer processed on 2025-11-08,gray-blazer-1762582364.png,public
Gray Blazer,Blazer,outerwear,,,gray,black,,,all-season,AI-detected Blazer processed on 2025-11-08,gray-blazer-1762583676.png,public
Gray Blazer,Blazer,outerwear,,,gray,black,,,all-season,AI-detected Blazer processed on 2025-11-08,gray-blazer-1762587663.png,public
Gray Blazer,Blazer,outerwear,,,gray,black,,,all-season,AI-detected Blazer processed on 2025-11-08,gray-blazer-1762588015.png,public
Gray Blazer,Blazer,outerwear,,,gray,black,,,all-season,AI-detected Blazer processed on 2025-11-08,gray-blazer-1762588250.png,public
Gray Blazer,Blazer,outerwear,,,gray,black,,,all-season,AI-detected Blazer processed on 2025-11-08,gray-blazer-1762588836.png,public
Gray Blazer,Blazer,outerwear,,,gray,black,,,all-season,AI-detected Blazer processed on 2025-11-08,gray-blazer-1762588945.png,public
Gray Blazer,Blazer,outerwear,,,gray,black,,,all-season,AI-detected Blazer processed on 2025-11-08,gray-blazer-1762589189.png,public
Gray Blazer,Blazer,outerwear,,,gray,black,,,all-season,AI-detected Blazer processed on 2025-11-08,gray-blazer-1762590578.png,public
Gray Blazer,Blazer,outerwear,,,gray,black,,,all-season,AI-detected Blazer processed on 2025-11-08,gray-blazer-1762590726.png,public
Gray Blazer,Blazer,outerwear,,,gray,black,,,all-season,AI-detected Blazer processed on 2025-11-08,gray-blazer-1762595468.png,public
Gray Blazer,Blazer,outerwear,,,gray,black,,,all-season,AI-detected Blazer processed on 2025-11-08,gray-blazer-1762596649.png,public
Gray Blazer,Blazer,outerwear,,,gray,black,,,all-season,AI-detected Blazer processed on 2025-11-08,gray-blazer-1762597398.png,public
Gray Blazer,Blazer,outerwear,,,gray,black,,,all-season,AI-detected Blazer processed on 2025-11-08,gray-blazer-1762598204.png,public
Gray Blazer,Blazer,outerwear,,,gray,black,,,all-season,AI-detected Blazer processed on 2025-11-08,gray-blazer-1762599555.png,public
Gray Blazer,Blazer,outerwear,,,gray,black,,,all-season,AI-detected Blazer processed on 2025-11-08,gray-blazer-1762600260.png,public
Gray Blazer,Blazer,outerwear,,,gray,black,,,all-season,AI-detected Blazer processed on 2025-11-08,gray-blazer-1762603420.png,public
Gray Blazer,Blazer,outerwear,,,gray,black,,,all-season,AI-detected Blazer processed on 2025-11-08,gray-blazer-1762604154.png,public
Gray Blazer,Blazer,outerwear,,,gray,black,,,all-season,AI-detected Blazer processed on 2025-11-08,gray-blazer-1762606263.png,public
Gray Blazer,Blazer,outerwear,,,gray,black|beige,,,all-season,AI-detected Blazer processed on 2025-11-08,gray-blazer-1762582806.png,public
Gray Blazer,Blazer,outerwear,,,gray,black|beige,,,all-season,AI-detected Blazer processed on 2025-11-08,gray-blazer-1762585480.png,public
Gray Blazer,Blazer,outerwear,,,gray,black|beige,,,all-season,AI-detected Blazer processed on 2025-11-08,gray-blazer-1762604858.png,public
Gray Blazer,Blazer,outerwear,,,gray,black|brown,,,all-season,AI-detected Blazer processed on 2025-11-08,gray-blazer-1762569620.png,public
Gray Blazer,Blazer,outerwear,,,gray,black|brown,,,all-season,AI-detected Blazer processed on 2025-11-08,gray-blazer-1762571920.png,public
Gray Blazer,Blazer,outerwear,,,gray,black|brown,,,all-season,AI-detected Blazer processed on 2025-11-08,gray-blazer-1762574742.png,public
Gray Blazer,Blazer,outerwear,,,gray,black|brown,,,all-season,AI-detected Blazer processed on 2025-11-08,gray-blazer-1762575390.png,public
Gray Blazer,Blazer,outerwear,,,gray,black|brown,,,all-season,AI-detected Blazer processed on 2025-11-08,gray-blazer-1762580212.png,public
Gray Blazer,Blazer,outerwear,,,gray,black|brown,,,all-season,AI-detected Blazer processed on 2025-11-08,gray-blazer-1762583396.png,public
Gray Blazer,Blazer,outerwear,,,gray,black|brown,,,all-season,AI-detected Blazer processed on 2025-11-08,gray-blazer-1762583612.png,public
Gray Blazer,Blazer,outerwear,,,gray,black|brown,,,all-season,AI-detected Blazer processed on 2025-11-08,gray-blazer-1762588670.png,public
Gray Blazer,Blazer,outerwear,,,gray,black|brown,,,all-season,AI-detected Blazer processed on 2025-11-08,gray-blazer-1762601359.png,public
Gray Blazer,Blazer,outerwear,,,gray,black|navy,,,all-season,AI-detected Blazer processed on 2025-11-08,gray-blazer-1762569061.png,public
Gray Blazer,Blazer,outerwear,,,gray,black|navy,,,all-season,AI-detected Blazer processed on 2025-11-08,gray-blazer-1762607399.png,public
Gray Blazer,Blazer,outerwear,,,gray,black|navy,,,all-season,AI-detected Blazer processed on 2025-11-08,gray-blazer-1762607676.png,public
Gray Blazer,Blazer,outerwear,,,gray,black|olive,,,all-season,AI-detected Blazer processed on 2025-11-08,gray-blazer-1762573304.png,public
Gray Blazer,Blazer,outerwear,,,gray,black|olive,,,all-season,AI-detected Blazer processed on 2025-11-08,gray-blazer-1762594420.png,public
Gray Blazer,Blazer,outerwear,,,gray,black|olive,,,all-season,AI-detected Blazer processed on 2025-11-08,gray-blazer-1762604026.png,public
Gray Blazer,Blazer,outerwear,,,gray,black|pink,,,all-season,AI-detected Blazer processed on 2025-11-08,gray-blazer-1762569633.png,public
Gray Blazer,Blazer,outerwear,,,gray,black|pink,,,all-season,AI-detected Blazer processed on 2025-11-08,gray-blazer-1762580238.png,public
Gray Blazer,Blazer,outerwear,,,gray,black|pink,,,all-season,AI-detected Blazer processed on 2025-11-08,gray-blazer-1762585065.png,public
Gray Blazer,Blazer,outerwear,,,gray,black|pink,,,all-season,AI-detected Blazer processed on 2025-11-08,gray-blazer-1762593371.png,public
Gray Blazer,Blazer,outerwear,,,gray,black|pink,,,all-season,AI-detected Blazer processed on 2025-11-08,gray-blazer-1762593849.png,public
Gray Blazer,Blazer,outerwear,,,gray,black|pink,,,all-season,AI-detected Blazer processed on 2025-11-08,gray-blazer-1762594112.png,public
Gray Blazer,Blazer,outerwear,,,gray,black|pink,,,all-season,AI-detected Blazer processed on 2025-11-08,gray-blazer-1762599546.png,public
Gray Blazer,Blazer,outerwear,,,gray,black|pink,,,all-season,AI-detected Blazer processed on 2025-11-08,gray-blazer-1762601143.png,public
Gray Blazer,Blazer,outerwear,,,gray,black|pink,,,all-season,AI-detected Blazer processed on 2025-11-08,gray-blazer-1762602891.png,public
Gray Blazer,Blazer,outerwear,,,gray,black|teal,,,all-season,AI-detected Blazer processed on 2025-11-08,gray-blazer-1762580528.png,public
Gray Blazer,Blazer,outerwear,,,gray,black|teal,,,all-season,AI-detected Blazer processed on 2025-11-08,gray-blazer-1762581962.png,public
Gray Blazer,Blazer,outerwear,,,gray,black|teal,,,all-season,AI-detected Blazer processed on 2025-11-08,gray-blazer-1762584216.png,public
Gray Blazer,Blazer,outerwear,,,gray,black|teal,,,all-season,AI-detected Blazer processed on 2025-11-08,gray-blazer-1762594064.png,public
Gray Blazer,Blazer,outerwear,,,gray,black|teal,,,all-season,AI-detected Blazer processed on 2025-11-08,gray-blazer-1762594611.png,public
Gray Blazer,Blazer,outerwear,,,gray,black|teal,,,all-season,AI-detected Blazer processed on 2025-11-08,gray-blazer-1762596883.png,public
Gray Blazer,Blazer,outerwear,,,gray,brown|black,,,all-season,AI-detected Blazer processed on 2025-11-08,gray-blazer-1762572140.png,public
Gray Blazer,Blazer,outerwear,,,gray,brown|black,,,all-season,AI-detected Blazer processed on 2025-11-08,gray-blazer-1762600988.png,public
Gray Blazer,Blazer,outerwear,,,gray,olive|black,,,all-season,AI-detected Blazer processed on 2025-11-08,gray-blazer-1762581329.png,public
Gray Blazer,Blazer,outerwear,,,gray,pink|black,,,all-season,AI-detected Blazer processed on 2025-11-08,gray-blazer-1762577230.png,public
Gray Blazer,Blazer,outerwear,,,gray,pink|black,,,all-season,AI-detected Blazer processed on 2025-11-08,gray-blazer-1762601136.png,public
Gray Body,Body,top,,,gray,beige|black,,,all-season,AI-detected Body processed on 2025-11-08,gray-body-1762597022.png,public
Gray Body,Body,top,,,gray,black,,,all-season,AI-detected Body processed on 2025-11-08,gray-body-1762569641.png,public
Gray Body,Body,top,,,gray,black,,,all-season,AI-detected Body processed on 2025-11-08,gray-body-1762575346.png,public
Gray Body,Body,top,,,gray,black,,,all-season,AI-detected Body processed on 2025-11-08,gray-body-1762576436.png,public
Gray Body,Body,top,,,gray,black,,,all-season,AI-detected Body processed on 2025-11-08,gray-body-1762577987.png,public
Gray Body,Body,top,,,gray,black,,,all-season,AI-detected Body processed on 2025-11-08,gray-body-1762579633.png,public
Gray Body,Body,top,,,gray,black,,,all-season,AI-detected Body processed on 2025-11-08,gray-body-1762604003.png,public
Gray Body,Body,top,,,gray,black|pink,,,all-season,AI-detected Body processed on 2025-11-08,gray-body-1762571815.png,public
Gray Body,Body,top,,,gray,black|pink,,,all-season,AI-detected Body processed on 2025-11-08,gray-body-1762602510.png,public
Gray Dress,Dress,outerwear,,,gray,beige|black,,,all-season,AI-detected Dress processed on 2025-11-08,gray-dress-1762575142.png,public
Gray Dress,Dress,outerwear,,,gray,beige|black,,,all-season,AI-detected Dress processed on 2025-11-08,gray-dress-1762576748.png,public
Gray Dress,Dress,outerwear,,,gray,beige|black,,,all-season,AI-detected Dress processed on 2025-11-08,gray-dress-1762577367.png,public
Gray Dress,Dress,outerwear,,,gray,beige|black,,,all-season,AI-detected Dress processed on 2025-11-08,gray-dress-1762579343.png,public
Gray Dress,Dress,outerwear,,,gray,beige|black,,,all-season,AI-detected Dress processed on 2025-11-08,gray-dress-1762590024.png,public
Gray Dress,Dress,outerwear,,,gray,beige|black,,,all-season,AI-detected Dress processed on 2025-11-08,gray-dress-1762598341.png,public
Gray Dress,Dress,outerwear,,,gray,beige|black,,,all-season,AI-detected Dress processed on 2025-11-08,gray-dress-1762600286.png,public
Gray Dress,Dress,outerwear,,,gray,beige|black,,,all-season,AI-detected Dress processed on 2025-11-08,gray-dress-1762601232.png,public
Gray Dress,Dress,outerwear,,,gray,beige|black,,,all-season,AI-detected Dress processed on 2025-11-08,gray-dress-1762603526.png,public
Gray Dress,Dress,outerwear,,,gray,beige|black,,,all-season,AI-detected Dress processed on 2025-11-08,gray-dress-1762604455.png,public
Gray Dress,Dress,outerwear,,,gray,beige|black,,,all-season,AI-detected Dress processed on 2025-11-08,gray-dress-1762604846.png,public
Gray Dress,Dress,outerwear,,,gray,black,,,all-season,AI-detected Dress processed on 2025-11-08,gray-dress-1762568470.png,public
Gray Dress,Dress,outerwear,,,gray,black,,,all-season,AI-detected Dress processed on 2025-11-08,gray-dress-1762569376.png,public
Gray Dress,Dress,outerwear,,,gray,black,,,all-season,AI-detected Dress processed on 2025-11-08,gray-dress-1762569764.png,public
Gray Dress,Dress,outerwear,,,gray,black,,,all-season,AI-detected Dress processed on 2025-11-08,gray-dress-1762570161.png,public
Gray Dress,Dress,outerwear,,,gray,black,,,all-season,AI-detected Dress processed on 2025-11-08,gray-dress-1762570610.png,public
Gray Dress,Dress,outerwear,,,gray,black,,,all-season,AI-detected Dress processed on 2025-11-08,gray-dress-1762570890.png,public
Gray Dress,Dress,outerwear,,,gray,black,,,all-season,AI-detected Dress processed on 2025-11-08,gray-dress-1762571003.png,public
Gray Dress,Dress,outerwear,,,gray,black,,,all-season,AI-detected Dress processed on 2025-11-08,gray-dress-1762571019.png,public
Gray Dress,Dress,outerwear,,,gray,black,,,all-season,AI-detected Dress processed on 2025-11-08,gray-dress-1762571965.png,public
Gray Dress,Dress,outerwear,,,gray,black,,,all-season,AI-detected Dress processed on 2025-11-08,gray-dress-1762572745.png,public
Gray Dress,Dress,outerwear,,,gray,black,,,all-season,AI-detected Dress processed on 2025-11-08,gray-dress-1762573047.png,public
Gray Dress,Dress,outerwear,,,gray,black,,,all-season,AI-detected Dress processed on 2025-11-08,gray-dress-1762573332.png,public
Gray Dress,Dress,outerwear,,,gray,black,,,all-season,AI-detected Dress processed on 2025-11-08,gray-dress-1762573801.png,public
Gray Dress,Dress,outerwear,,,gray,black,,,all-season,AI-detected Dress processed on 2025-11-08,gray-dress-1762574006.png,public
Gray Dress,Dress,outerwear,,,gray,black,,,all-season,AI-detected Dress processed on 2025-11-08,gray-dress-1762574475.png,public
Gray Dress,Dress,outerwear,,,gray,black,,,all-season,AI-detected Dress processed on 2025-11-08,gray-dress-1762574519.png,public
Gray Dress,Dress,outerwear,,,gray,black,,,all-season,AI-detected Dress processed on 2025-11-08,gray-dress-1762574701.png,public
Gray Dress,Dress,outerwear,,,gray,black,,,all-season,AI-detected Dress processed on 2025-11-08,gray-dress-1762574952.png,public
Gray Dress,Dress,outerwear,,,gray,black,,,all-season,AI-detected Dress processed on 2025-11-08,gray-dress-1762574962.png,public
Gray Dress,Dress,outerwear,,,gray,black,,,all-season,AI-detected Dress processed on 2025-11-08,gray-dress-1762576106.png,public
Gray Dress,Dress,outerwear,,,gray,black,,,all-season,AI-detected Dress processed on 2025-11-08,gray-dress-1762576333.png,public
Gray Dress,Dress,outerwear,,,gray,black,,,all-season,AI-detected Dress processed on 2025-11-08,gray-dress-1762576388.png,public
Gray Dress,Dress,outerwear,,,gray,black,,,all-season,AI-detected Dress processed on 2025-11-08,gray-dress-1762577880.png,public
Gray Dress,Dress,outerwear,,,gray,black,,,all-season,AI-detected Dress processed on 2025-11-08,gray-dress-1762578250.png,public
Gray Dress,Dress,outerwear,,,gray,black,,,all-season,AI-detected Dress processed on 2025-11-08,gray-dress-1762579149.png,public
Gray Dress,Dress,outerwear,,,gray,black,,,all-season,AI-detected Dress processed on 2025-11-08,gray-dress-1762579758.png,public
Gray Dress,Dress,outerwear,,,gray,black,,,all-season,AI-detected Dress processed on 2025-11-08,gray-dress-1762580242.png,public
Gray Dress,Dress,outerwear,,,gray,black,,,all-season,AI-detected Dress processed on 2025-11-08,gray-dress-1762581958.png,public
Gray Dress,Dress,outerwear,,,gray,black,,,all-season,AI-detected Dress processed on 2025-11-08,gray-dress-1762582136.png,public
Gray Dress,Dress,outerwear,,,gray,black,,,all-season,AI-detected Dress processed on 2025-11-08,gray-dress-1762582729.png,public
Gray Dress,Dress,outerwear,,,gray,black,,,all-season,AI-detected Dress processed on 2025-11-08,gray-dress-1762583084.png,public
Gray Dress,Dress,outerwear,,,gray,black,,,all-season,AI-detected Dress processed on 2025-11-08,gray-dress-1762583606.png,public
Gray Dress,Dress,outerwear,,,gray,black,,,all-season,AI-detected Dress processed on 2025-11-08,gray-dress-1762583643.png,public
Gray Dress,Dress,outerwear,,,gray,black,,,all-season,AI-detected Dress processed on 2025-11-08,gray-dress-1762584208.png,public
Gray Dress,Dress,outerwear,,,gray,black,,,all-season,AI-detected Dress processed on 2025-11-08,gray-dress-1762584530.png,public
Gray Dress,Dress,outerwear,,,gray,black,,,all-season,AI-detected Dress processed on 2025-11-08,gray-dress-1762584611.png,public
Gray Dress,Dress,outerwear,,,gray,black,,,all-season,AI-detected Dress processed on 2025-11-08,gray-dress-1762586230.png,public
Gray Dress,Dress,outerwear,,,gray,black,,,all-season,AI-detected Dress processed on 2025-11-08,gray-dress-1762586314.png,public
Gray Dress,Dress,outerwear,,,gray,black,,,all-season,AI-detected Dress processed on 2025-11-08,gray-dress-1762586521.png,public
Gray Dress,Dress,outerwear,,,gray,black,,,all-season,AI-detected Dress processed on 2025-11-08,gray-dress-1762586663.png,public
Gray Dress,Dress,outerwear,,,gray,black,,,all-season,AI-detected Dress processed on 2025-11-08,gray-dress-1762586690.png,public
Gray Dress,Dress,outerwear,,,gray,black,,,all-season,AI-detected Dress processed on 2025-11-08,gray-dress-1762586712.png,public
Gray Dress,Dress,outerwear,,,gray,black,,,all-season,AI-detected Dress processed on 2025-11-08,gray-dress-1762587092.png,public
Gray Dress,Dress,outerwear,,,gray,black,,,all-season,AI-detected Dress processed on 2025-11-08,gray-dress-1762587443.png,public
Gray Dress,Dress,outerwear,,,gray,black,,,all-season,AI-detected Dress processed on 2025-11-08,gray-dress-1762587610.png,public
Gray Dress,Dress,outerwear,,,gray,black,,,all-season,AI-detected Dress processed on 2025-11-08,gray-dress-1762588139.png,public
Gray Dress,Dress,outerwear,,,gray,black,,,all-season,AI-detected Dress processed on 2025-11-08,gray-dress-1762588273.png,public
Gray Dress,Dress,outerwear,,,gray,black,,,all-season,AI-detected Dress processed on 2025-11-08,gray-dress-1762588552.png,public
Gray Dress,Dress,outerwear,,,gray,black,,,all-season,AI-detected Dress processed on 2025-11-08,gray-dress-1762588785.png,public
Gray Dress,Dress,outerwear,,,gray,black,,,all-season,AI-detected Dress processed on 2025-11-08,gray-dress-1762589022.png,public
Gray Dress,Dress,outerwear,,,gray,black,,,all-season,AI-detected Dress processed on 2025-11-08,gray-dress-1762589472.png,public
Gray Dress,Dress,outerwear,,,gray,black,,,all-season,AI-detected Dress processed on 2025-11-08,gray-dress-1762589955.png,public
Gray Dress,Dress,outerwear,,,gray,black,,,all-season,AI-detected Dress processed on 2025-11-08,gray-dress-1762590017.png,public
Gray Dress,Dress,outerwear,,,gray,black,,,all-season,AI-detected Dress processed on 2025-11-08,gray-dress-1762590364.png,public
Gray Dress,Dress,outerwear,,,gray,black,,,all-season,AI-detected Dress processed on 2025-11-08,gray-dress-1762590890.png,public
Gray Dress,Dress,outerwear,,,gray,black,,,all-season,AI-detected Dress processed on 2025-11-08,gray-dress-1762592028.png,public
Gray Dress,Dress,outerwear,,,gray,black,,,all-season,AI-detected Dress processed on 2025-11-08,gray-dress-1762593003.png,public
Gray Dress,Dress,outerwear,,,gray,black,,,all-season,AI-detected Dress processed on 2025-11-08,gray-dress-1762593392.png,public
Gray Dress,Dress,outerwear,,,gray,black,,,all-season,AI-detected Dress processed on 2025-11-08,gray-dress-1762593496.png,public
Gray Dress,Dress,outerwear,,,gray,black,,,all-season,AI-detected Dress processed on 2025-11-08,gray-dress-1762593782.png,public
Gray Dress,Dress,outerwear,,,gray,black,,,all-season,AI-detected Dress processed on 2025-11-08,gray-dress-1762594313.png,public
Gray Dress,Dress,outerwear,,,gray,black,,,all-season,AI-detected Dress processed on 2025-11-08,gray-dress-1762594622.png,public
Gray Dress,Dress,outerwear,,,gray,black,,,all-season,AI-detected Dress processed on 2025-11-08,gray-dress-1762595639.png,public
Gray Dress,Dress,outerwear,,,gray,black,,,all-season,AI-detected Dress processed on 2025-11-08,gray-dress-1762598022.png,public
Gray Dress,Dress,outerwear,,,gray,black,,,all-season,AI-detected Dress processed on 2025-11-08,gray-dress-1762598345.png,public
Gray Dress,Dress,outerwear,,,gray,black,,,all-season,AI-detected Dress processed on 2025-11-08,gray-dress-1762598503.png,public
Gray Dress,Dress,outerwear,,,gray,black,,,all-season,AI-detected Dress processed on 2025-11-08,gray-dress-1762598931.png,public
Gray Dress,Dress,outerwear,,,gray,black,,,all-season,AI-detected Dress processed on 2025-11-08,gray-dress-1762599076.png,public
Gray Dress,Dress,outerwear,,,gray,black,,,all-season,AI-detected Dress processed on 2025-11-08,gray-dress-1762599465.png,public
Gray Dress,Dress,outerwear,,,gray,black,,,all-season,AI-detected Dress processed on 2025-11-08,gray-dress-1762599666.png,public
Gray Dress,Dress,outerwear,,,gray,black,,,all-season,AI-detected Dress processed on 2025-11-08,gray-dress-1762599772.png,public
Gray Dress,Dress,outerwear,,,gray,black,,,all-season,AI-detected Dress processed on 2025-11-08,gray-dress-1762600564.png,public
Gray Dress,Dress,outerwear,,,gray,black,,,all-season,AI-detected Dress processed on 2025-11-08,gray-dress-1762601409.png,public
Gray Dress,Dress,outerwear,,,gray,black,,,all-season,AI-detected Dress processed on 2025-11-08,gray-dress-1762601438.png,public
Gray Dress,Dress,outerwear,,,gray,black,,,all-season,AI-detected Dress processed on 2025-11-08,gray-dress-1762602997.png,public
Gray Dress,Dress,outerwear,,,gray,black,,,all-season,AI-detected Dress processed on 2025-11-08,gray-dress-1762603153.png,public
Gray Dress,Dress,outerwear,,,gray,black,,,all-season,AI-detected Dress processed on 2025-11-08,gray-dress-1762603208.png,public
Gray Dress,Dress,outerwear,,,gray,black,,,all-season,AI-detected Dress processed on 2025-11-08,gray-dress-1762603308.png,public
Gray Dress,Dress,outerwear,,,gray,black,,,all-season,AI-detected Dress processed on 2025-11-08,gray-dress-1762604641.png,public
Gray Dress,Dress,outerwear,,,gray,black,,,all-season,AI-detected Dress processed on 2025-11-08,gray-dress-1762605357.png,public
Gray Dress,Dress,outerwear,,,gray,black,,,all-season,AI-detected Dress processed on 2025-11-08,gray-dress-1762605497.png,public
Gray Dress,Dress,outerwear,,,gray,black,,,all-season,AI-detected Dress processed on 2025-11-08,gray-dress-1762605616.png,public
Gray Dress,Dress,outerwear,,,gray,black,,,all-season,AI-detected Dress processed on 2025-11-08,gray-dress-1762606743.png,public
Gray Dress,Dress,outerwear,,,gray,black|beige,,,all-season,AI-detected Dress processed on 2025-11-08,gray-dress-1762571441.png,public
Gray Dress,Dress,outerwear,,,gray,black|beige,,,all-season,AI-detected Dress processed on 2025-11-08,gray-dress-1762571666.png,public
Gray Dress,Dress,outerwear,,,gray,black|beige,,,all-season,AI-detected Dress processed on 2025-11-08,gray-dress-1762573592.png,public
Gray Dress,Dress,outerwear,,,gray,black|beige,,,all-season,AI-detected Dress processed on 2025-11-08,gray-dress-1762574032.png,public
Gray Dress,Dress,outerwear,,,gray,black|beige,,,all-season,AI-detected Dress processed on 2025-11-08,gray-dress-1762576949.png,public
Gray Dress,Dress,outerwear,,,gray,black|beige,,,all-season,AI-detected Dress processed on 2025-11-08,gray-dress-1762577517.png,public
Gray Dress,Dress,outerwear,,,gray,black|beige,,,all-season,AI-detected Dress processed on 2025-11-08,gray-dress-1762584399.png,public
Gray Dress,Dress,outerwear,,,gray,black|beige,,,all-season,AI-detected Dress processed on 2025-11-08,gray-dress-1762589735.png,public
Gray Dress,Dress,outerwear,,,gray,black|beige,,,all-season,AI-detected Dress processed on 2025-11-08,gray-dress-1762591297.png,public
Gray Dress,Dress,outerwear,,,gray,black|beige,,,all-season,AI-detected Dress processed on 2025-11-08,gray-dress-1762595228.png,public
Gray Dress,Dress,outerwear,,,gray,black|beige,,,all-season,AI-detected Dress processed on 2025-11-08,gray-dress-1762595730.png,public
Gray Dress,Dress,outerwear,,,gray,black|beige,,,all-season,AI-detected Dress processed on 2025-11-08,gray-dress-1762597620.png,public
Gray Dress,Dress,outerwear,,,gray,black|beige,,,all-season,AI-detected Dress processed on 2025-11-08,gray-dress-1762599311.png,public
Gray Dress,Dress,outerwear,,,gray,black|beige,,,all-season,AI-detected Dress processed on 2025-11-08,gray-dress-1762601601.png,public
Gray Dress,Dress,outerwear,,,gray,black|beige,,,all-season,AI-detected Dress processed on 2025-11-08,gray-dress-1762607662.png,public
Gray Dress,Dress,outerwear,,,gray,black|brown,,,all-season,AI-detected Dress processed on 2025-11-08,gray-dress-1762568960.png,public
Gray Dress,Dress,outerwear,,,gray,black|brown,,,all-season,AI-detected Dress processed on 2025-11-08,gray-dress-1762570300.png,public
Gray Dress,Dress,outerwear,,,gray,black|brown,,,all-season,AI-detected Dress processed on 2025-11-08,gray-dress-1762570640.png,public
Gray Dress,Dress,outerwear,,,gray,black|brown,,,all-season,AI-detected Dress processed on 2025-11-08,gray-dress-1762571244.png,public
Gray Dress,Dress,outerwear,,,gray,black|brown,,,all-season,AI-detected Dress processed on 2025-11-08,gray-dress-1762571601.png,public
Gray Dress,Dress,outerwear,,,gray,black|brown,,,all-season,AI-detected Dress processed on 2025-11-08,gray-dress-1762571687.png,public
Gray Dress,Dress,outerwear,,,gray,black|brown,,,all-season,AI-detected Dress processed on 2025-11-08,gray-dress-1762584250.png,public
Gray Dress,Dress,outerwear,,,gray,black|brown,,,all-season,AI-detected Dress processed on 2025-11-08,gray-dress-1762587462.png,public
Gray Dress,Dress,outerwear,,,gray,black|brown,,,all-season,AI-detected Dress processed on 2025-11-08,gray-dress-1762588579.png,public
Gray Dress,Dress,outerwear,,,gray,black|brown,,,all-season,AI-detected Dress processed on 2025-11-08,gray-dress-1762593826.png,public
Gray Dress,Dress,outerwear,,,gray,black|brown,,,all-season,AI-detected Dress processed on 2025-11-08,gray-dress-1762596922.png,public
Gray Dress,Dress,outerwear,,,gray,black|brown,,,all-season,AI-detected Dress processed on 2025-11-08,gray-dress-1762597342.png,public
Gray Dress,Dress,outerwear,,,gray,black|brown,,,all-season,AI-detected Dress processed on 2025-11-08,gray-dress-1762599199.png,public
Gray Dress,Dress,outerwear,,,gray,black|brown,,,all-season,AI-detected Dress processed on 2025-11-08,gray-dress-1762599335.png,public
Gray Dress,Dress,outerwear,,,gray,black|brown,,,all-season,AI-detected Dress processed on 2025-11-08,gray-dress-1762599483.png,public
Gray Dress,Dress,outerwear,,,gray,black|brown,,,all-season,AI-detected Dress processed on 2025-11-08,gray-dress-1762602829.png,public
Gray Dress,Dress,outerwear,,,gray,black|brown,,,all-season,AI-detected Dress processed on 2025-11-08,gray-dress-1762603236.png,public
Gray Dress,Dress,outerwear,,,gray,black|brown,,,all-season,AI-detected Dress processed on 2025-11-08,gray-dress-1762603391.png,public
Gray Dress,Dress,outerwear,,,gray,black|brown,,,all-season,AI-detected Dress processed on 2025-11-08,gray-dress-1762603566.png,public
Gray Dress,Dress,outerwear,,,gray,black|brown,,,all-season,AI-detected Dress processed on 2025-11-08,gray-dress-1762603772.png,public
Gray Dress,Dress,outerwear,,,gray,black|brown,,,all-season,AI-detected Dress processed on 2025-11-08,gray-dress-1762604929.png,public
Gray Dress,Dress,outerwear,,,gray,black|brown,,,all-season,AI-detected Dress processed on 2025-11-08,gray-dress-1762605449.png,public
Gray Dress,Dress,outerwear,,,gray,black|brown,,,all-season,AI-detected Dress processed on 2025-11-08,gray-dress-1762605848.png,public
Gray Dress,Dress,outerwear,,,gray,black|cyan,,,all-season,AI-detected Dress processed on 2025-11-08,gray-dress-1762601299.png,public
Gray Dress,Dress,outerwear,,,gray,black|navy,,,all-season,AI-detected Dress processed on 2025-11-08,gray-dress-1762576238.png,public
Gray Dress,Dress,outerwear,,,gray,black|navy,,,all-season,AI-detected Dress processed on 2025-11-08,gray-dress-1762590288.png,public
Gray Dress,Dress,outerwear,,,gray,black|navy,,,all-season,AI-detected Dress processed on 2025-11-08,gray-dress-1762602478.png,public
Gray Dress,Dress,outerwear,,,gray,black|navy,,,all-season,AI-detected Dress processed on 2025-11-08,gray-dress-1762607532.png,public
Gray Dress,Dress,outerwear,,,gray,black|olive,,,all-season,AI-detected Dress processed on 2025-11-08,gray-dress-1762607289.png,public
Gray Dress,Dress,outerwear,,,gray,black|pink,,,all-season,AI-detected Dress processed on 2025-11-08,gray-dress-1762569588.png,public
Gray Dress,Dress,outerwear,,,gray,black|pink,,,all-season,AI-detected Dress processed on 2025-11-08,gray-dress-1762571364.png,public
Gray Dress,Dress,outerwear,,,gray,black|pink,,,all-season,AI-detected Dress processed on 2025-11-08,gray-dress-1762572065.png,public
Gray Dress,Dress,outerwear,,,gray,black|pink,,,all-season,AI-detected Dress processed on 2025-11-08,gray-dress-1762572715.png,public
Gray Dress,Dress,outerwear,,,gray,black|pink,,,all-season,AI-detected Dress processed on 2025-11-08,gray-dress-1762573278.png,public
Gray Dress,Dress,outerwear,,,gray,black|pink,,,all-season,AI-detected Dress processed on 2025-11-08,gray-dress-1762573825.png,public
Gray Dress,Dress,outerwear,,,gray,black|pink,,,all-season,AI-detected Dress processed on 2025-11-08,gray-dress-1762575365.png,public
Gray Dress,Dress,outerwear,,,gray,black|pink,,,all-season,AI-detected Dress processed on 2025-11-08,gray-dress-1762577811.png,public
Gray Dress,Dress,outerwear,,,gray,black|pink,,,all-season,AI-detected Dress processed on 2025-11-08,gray-dress-1762578004.png,public
Gray Dress,Dress,outerwear,,,gray,black|pink,,,all-season,AI-detected Dress processed on 2025-11-08,gray-dress-1762578195.png,public
Gray Dress,Dress,outerwear,,,gray,black|pink,,,all-season,AI-detected Dress processed on 2025-11-08,gray-dress-1762578399.png,public
Gray Dress,Dress,outerwear,,,gray,black|pink,,,all-season,AI-detected Dress processed on 2025-11-08,gray-dress-1762578412.png,public
Gray Dress,Dress,outerwear,,,gray,black|pink,,,all-season,AI-detected Dress processed on 2025-11-08,gray-dress-1762578586.png,public
Gray Dress,Dress,outerwear,,,gray,black|pink,,,all-season,AI-detected Dress processed on 2025-11-08,gray-dress-1762580295.png,public
Gray Dress,Dress,outerwear,,,gray,black|pink,,,all-season,AI-detected Dress processed on 2025-11-08,gray-dress-1762581923.png,public
Gray Dress,Dress,outerwear,,,gray,black|pink,,,all-season,AI-detected Dress processed on 2025-11-08,gray-dress-1762582611.png,public
Gray Dress,Dress,outerwear,,,gray,black|pink,,,all-season,AI-detected Dress processed on 2025-11-08,gray-dress-1762582908.png,public
Gray Dress,Dress,outerwear,,,gray,black|pink,,,all-season,AI-detected Dress processed on 2025-11-08,gray-dress-1762583368.png,public
Gray Dress,Dress,outerwear,,,gray,black|pink,,,all-season,AI-detected Dress processed on 2025-11-08,gray-dress-1762583406.png,public
Gray Dress,Dress,outerwear,,,gray,black|pink,,,all-season,AI-detected Dress processed on 2025-11-08,gray-dress-1762583862.png,public
Gray Dress,Dress,outerwear,,,gray,black|pink,,,all-season,AI-detected Dress processed on 2025-11-08,gray-dress-1762585771.png,public
Gray Dress,Dress,outerwear,,,gray,black|pink,,,all-season,AI-detected Dress processed on 2025-11-08,gray-dress-1762587936.png,public
Gray Dress,Dress,outerwear,,,gray,black|pink,,,all-season,AI-detected Dress processed on 2025-11-08,gray-dress-1762589802.png,public
Gray Dress,Dress,outerwear,,,gray,black|pink,,,all-season,AI-detected Dress processed on 2025-11-08,gray-dress-1762591844.png,public
Gray Dress,Dress,outerwear,,,gray,black|pink,,,all-season,AI-detected Dress processed on 2025-11-08,gray-dress-1762594094.png,public
Gray Dress,Dress,outerwear,,,gray,black|pink,,,all-season,AI-detected Dress processed on 2025-11-08,gray-dress-1762594355.png,public
Gray Dress,Dress,outerwear,,,gray,black|pink,,,all-season,AI-detected Dress processed on 2025-11-08,gray-dress-1762594933.png,public
Gray Dress,Dress,outerwear,,,gray,black|pink,,,all-season,AI-detected Dress processed on 2025-11-08,gray-dress-1762595098.png,public
Gray Dress,Dress,outerwear,,,gray,black|pink,,,all-season,AI-detected Dress processed on 2025-11-08,gray-dress-1762597155.png,public
Gray Dress,Dress,outerwear,,,gray,black|pink,,,all-season,AI-detected Dress processed on 2025-11-08,gray-dress-1762597840.png,public
Gray Dress,Dress,outerwear,,,gray,black|pink,,,all-season,AI-detected Dress processed on 2025-11-08,gray-dress-1762597933.png,public
Gray Dress,Dress,outerwear,,,gray,black|pink,,,all-season,AI-detected Dress processed on 2025-11-08,gray-dress-1762598549.png,public
Gray Dress,Dress,outerwear,,,gray,black|pink,,,all-season,AI-detected Dress processed on 2025-11-08,gray-dress-1762598907.png,public
Gray Dress,Dress,outerwear,,,gray,black|pink,,,all-season,AI-detected Dress processed on 2025-11-08,gray-dress-1762599338.png,public
Gray Dress,Dress,outerwear,,,gray,black|pink,,,all-season,AI-detected Dress processed on 2025-11-08,gray-dress-1762599580.png,public
Gray Dress,Dress,outerwear,,,gray,black|pink,,,all-season,AI-detected Dress processed on 2025-11-08,gray-dress-1762599979.png,public
Gray Dress,Dress,outerwear,,,gray,black|pink,,,all-season,AI-detected Dress processed on 2025-11-08,gray-dress-1762601434.png,public
Gray Dress,Dress,outerwear,,,gray,black|pink,,,all-season,AI-detected Dress processed on 2025-11-08,gray-dress-1762603512.png,public
Gray Dress,Dress,outerwear,,,gray,black|pink,,,all-season,AI-detected Dress processed on 2025-11-08,gray-dress-1762603695.png,public
Gray Dress,Dress,outerwear,,,gray,black|pink,,,all-season,AI-detected Dress processed on 2025-11-08,gray-dress-1762604882.png,public
Gray Dress,Dress,outerwear,,,gray,black|pink,,,all-season,AI-detected Dress processed on 2025-11-08,gray-dress-1762605730.png,public
Gray Dress,Dress,outerwear,,,gray,black|pink,,,all-season,AI-detected Dress processed on 2025-11-08,gray-dress-1762606417.png,public
Gray Dress,Dress,outerwear,,,gray,black|teal,,,all-season,AI-detected Dress processed on 2025-11-08,gray-dress-1762570765.png,public
Gray Dress,Dress,outerwear,,,gray,black|teal,,,all-season,AI-detected Dress processed on 2025-11-08,gray-dress-1762573639.png,public
Gray Dress,Dress,outerwear,,,gray,black|teal,,,all-season,AI-detected Dress processed on 2025-11-08,gray-dress-1762576781.png,public
Gray Dress,Dress,outerwear,,,gray,black|teal,,,all-season,AI-detected Dress processed on 2025-11-08,gray-dress-1762585806.png,public
Gray Dress,Dress,outerwear,,,gray,black|teal,,,all-season,AI-detected Dress processed on 2025-11-08,gray-dress-1762600389.png,public
Gray Dress,Dress,outerwear,,,gray,black|teal,,,all-season,AI-detected Dress processed on 2025-11-08,gray-dress-1762605142.png,public
Gray Dress,Dress,outerwear,,,gray,brown|black,,,all-season,AI-detected Dress processed on 2025-11-08,gray-dress-1762569714.png,public
Gray Dress,Dress,outerwear,,,gray,brown|black,,,all-season,AI-detected Dress processed on 2025-11-08,gray-dress-1762577806.png,public
Gray Dress,Dress,outerwear,,,gray,brown|black,,,all-season,AI-detected Dress processed on 2025-11-08,gray-dress-1762579921.png,public
Gray Dress,Dress,outerwear,,,gray,brown|black,,,all-season,AI-detected Dress processed on 2025-11-08,gray-dress-1762580987.png,public
Gray Dress,Dress,outerwear,,,gray,brown|black,,,all-season,AI-detected Dress processed on 2025-11-08,gray-dress-1762581448.png,public
Gray Dress,Dress,outerwear,,,gray,brown|black,,,all-season,AI-detected Dress processed on 2025-11-08,gray-dress-1762585626.png,public
Gray Dress,Dress,outerwear,,,gray,brown|black,,,all-season,AI-detected Dress processed on 2025-11-08,gray-dress-1762589173.png,public
Gray Dress,Dress,outerwear,,,gray,brown|black,,,all-season,AI-detected Dress processed on 2025-11-08,gray-dress-1762590853.png,public
Gray Dress,Dress,outerwear,,,gray,brown|black,,,all-season,AI-detected Dress processed on 2025-11-08,gray-dress-1762591936.png,public
Gray Dress,Dress,outerwear,,,gray,brown|black,,,all-season,AI-detected Dress processed on 2025-11-08,gray-dress-1762594987.png,public
Gray Dress,Dress,outerwear,,,gray,brown|black,,,all-season,AI-detected Dress processed on 2025-11-08,gray-dress-1762599440.png,public
Gray Dress,Dress,outerwear,,,gray,brown|black,,,all-season,AI-detected Dress processed on 2025-11-08,gray-dress-1762602199.png,public
Gray Dress,Dress,outerwear,,,gray,brown|black,,,all-season,AI-detected Dress processed on 2025-11-08,gray-dress-1762604443.png,public
Gray Dress,Dress,outerwear,,,gray,brown|black,,,all-season,AI-detected Dress processed on 2025-11-08,gray-dress-1762606368.png,public
Gray Dress,Dress,outerwear,,,gray,brown|pink,,,all-season,AI-detected Dress processed on 2025-11-08,gray-dress-1762575182.png,public
Gray Dress,Dress,outerwear,,,gray,navy|black,,,all-season,AI-detected Dress processed on 2025-11-08,gray-dress-1762578773.png,public
Gray Dress,Dress,outerwear,,,gray,navy|brown,,,all-season,AI-detected Dress processed on 2025-11-08,gray-dress-1762592154.png,public
Gray Dress,Dress,outerwear,,,gray,olive|black,,,all-season,AI-detected Dress processed on 2025-11-08,gray-dress-1762568512.png,public
Gray Dress,Dress,outerwear,,,gray,olive|black,,,all-season,AI-detected Dress processed on 2025-11-08,gray-dress-1762568983.png,public
Gray Dress,Dress,outerwear,,,gray,pink|black,,,all-season,AI-detected Dress processed on 2025-11-08,gray-dress-1762570222.png,public
Gray Dress,Dress,outerwear,,,gray,pink|black,,,all-season,AI-detected Dress processed on 2025-11-08,gray-dress-1762571843.png,public
Gray Dress,Dress,outerwear,,,gray,pink|black,,,all-season,AI-detected Dress processed on 2025-11-08,gray-dress-1762571940.png,public
Gray Dress,Dress,outerwear,,,gray,pink|black,,,all-season,AI-detected Dress processed on 2025-11-08,gray-dress-1762573703.png,public
Gray Dress,Dress,outerwear,,,gray,pink|black,,,all-season,AI-detected Dress processed on 2025-11-08,gray-dress-1762576163.png,public
Gray Dress,Dress,outerwear,,,gray,pink|black,,,all-season,AI-detected Dress processed on 2025-11-08,gray-dress-1762578129.png,public
Gray Dress,Dress,outerwear,,,gray,pink|black,,,all-season,AI-detected Dress processed on 2025-11-08,gray-dress-1762579661.png,public
Gray Dress,Dress,outerwear,,,gray,pink|black,,,all-season,AI-detected Dress processed on 2025-11-08,gray-dress-1762580369.png,public
Gray Dress,Dress,outerwear,,,gray,pink|black,,,all-season,AI-detected Dress processed on 2025-11-08,gray-dress-1762580968.png,public
Gray Dress,Dress,outerwear,,,gray,pink|black,,,all-season,AI-detected Dress processed on 2025-11-08,gray-dress-1762581010.png,public
Gray Dress,Dress,outerwear,,,gray,pink|black,,,all-season,AI-detected Dress processed on 2025-11-08,gray-dress-1762581058.png,public
Gray Dress,Dress,outerwear,,,gray,pink|black,,,all-season,AI-detected Dress processed on 2025-11-08,gray-dress-1762581837.png,public
Gray Dress,Dress,outerwear,,,gray,pink|black,,,all-season,AI-detected Dress processed on 2025-11-08,gray-dress-1762582330.png,public
Gray Dress,Dress,outerwear,,,gray,pink|black,,,all-season,AI-detected Dress processed on 2025-11-08,gray-dress-1762586078.png,public
Gray Dress,Dress,outerwear,,,gray,pink|black,,,all-season,AI-detected Dress processed on 2025-11-08,gray-dress-1762586379.png,public
Gray Dress,Dress,outerwear,,,gray,pink|black,,,all-season,AI-detected Dress processed on 2025-11-08,gray-dress-1762586731.png,public
Gray Dress,Dress,outerwear,,,gray,pink|black,,,all-season,AI-detected Dress processed on 2025-11-08,gray-dress-1762587220.png,public
Gray Dress,Dress,outerwear,,,gray,pink|black,,,all-season,AI-detected Dress processed on 2025-11-08,gray-dress-1762587698.png,public
Gray Dress,Dress,outerwear,,,gray,pink|black,,,all-season,AI-detected Dress processed on 2025-11-08,gray-dress-1762588429.png,public
Gray Dress,Dress,outerwear,,,gray,pink|black,,,all-season,AI-detected Dress processed on 2025-11-08,gray-dress-1762589146.png,public
Gray Dress,Dress,outerwear,,,gray,pink|black,,,all-season,AI-detected Dress processed on 2025-11-08,gray-dress-1762589537.png,public
Gray Dress,Dress,outerwear,,,gray,pink|black,,,all-season,AI-detected Dress processed on 2025-11-08,gray-dress-1762592215.png,public
Gray Dress,Dress,outerwear,,,gray,pink|black,,,all-season,AI-detected Dress processed on 2025-11-08,gray-dress-1762592268.png,public
Gray Dress,Dress,outerwear,,,gray,pink|black,,,all-season,AI-detected Dress processed on 2025-11-08,gray-dress-1762595063.png,public
Gray Dress,Dress,outerwear,,,gray,pink|black,,,all-season,AI-detected Dress processed on 2025-11-08,gray-dress-1762595156.png,public
Gray Dress,Dress,outerwear,,,gray,pink|black,,,all-season,AI-detected Dress processed on 2025-11-08,gray-dress-1762595626.png,public
Gray Dress,Dress,outerwear,,,gray,pink|black,,,all-season,AI-detected Dress processed on 2025-11-08,gray-dress-1762599045.png,public
Gray Dress,Dress,outerwear,,,gray,pink|black,,,all-season,AI-detected Dress processed on 2025-11-08,gray-dress-1762600473.png,public
Gray Dress,Dress,outerwear,,,gray,pink|black,,,all-season,AI-detected Dress processed on 2025-11-08,gray-dress-1762600764.png,public
Gray Dress,Dress,outerwear,,,gray,pink|black,,,all-season,AI-detected Dress processed on 2025-11-08,gray-dress-1762602032.png,public
Gray Dress,Dress,outerwear,,,gray,pink|black,,,all-season,AI-detected Dress processed on 2025-11-08,gray-dress-1762602151.png,public
Gray Dress,Dress,outerwear,,,gray,pink|black,,,all-season,AI-detected Dress processed on 2025-11-08,gray-dress-1762604039.png,public
Gray Dress,Dress,outerwear,,,gray,pink|black,,,all-season,AI-detected Dress processed on 2025-11-08,gray-dress-1762604418.png,public
Gray Dress,Dress,outerwear,,,gray,pink|black,,,all-season,AI-detected Dress processed on 2025-11-08,gray-dress-1762604975.png,public
Gray Dress,Dress,outerwear,,,gray,purple|black,,,all-season,AI-detected Dress processed on 2025-11-08,gray-dress-1762585933.png,public
Gray Dress,Dress,outerwear,,,gray,purple|black,,,all-season,AI-detected Dress processed on 2025-11-08,gray-dress-1762602344.png,public
Gray Dress,Dress,outerwear,,,gray,purple|pink,,,all-season,AI-detected Dress processed on 2025-11-08,gray-dress-1762599629.png,public
Gray Dress,Dress,outerwear,,,gray,teal|black,,,all-season,AI-detected Dress processed on 2025-11-08,gray-dress-1762578160.png,public
Gray Dress,Dress,outerwear,,,gray,teal|black,,,all-season,AI-detected Dress processed on 2025-11-08,gray-dress-1762585229.png,public
Gray Dress,Dress,outerwear,,,gray,teal|black,,,all-season,AI-detected Dress processed on 2025-11-08,gray-dress-1762596073.png,public
Gray Hat,Hat,accessory,,,gray,beige|black,,,all-season,AI-detected Hat processed on 2025-11-08,gray-hat-1762573697.png,public
Gray Hat,Hat,accessory,,,gray,beige|black,,,all-season,AI-detected Hat processed on 2025-11-08,gray-hat-1762583269.png,public
Gray Hat,Hat,accessory,,,gray,beige|black,,,all-season,AI-detected Hat processed on 2025-11-08,gray-hat-1762583995.png,public
Gray Hat,Hat,accessory,,,gray,beige|black,,,all-season,AI-detected Hat processed on 2025-11-08,gray-hat-1762595112.png,public
Gray Hat,Hat,accessory,,,gray,beige|black,,,all-season,AI-detected Hat processed on 2025-11-08,gray-hat-1762602408.png,public
Gray Hat,Hat,accessory,,,gray,black,,,all-season,AI-detected Hat processed on 2025-11-08,gray-hat-1762568475.png,public
Gray Hat,Hat,accessory,,,gray,black,,,all-season,AI-detected Hat processed on 2025-11-08,gray-hat-1762569413.png,public
Gray Hat,Hat,accessory,,,gray,black,,,all-season,AI-detected Hat processed on 2025-11-08,gray-hat-1762569672.png,public
Gray Hat,Hat,accessory,,,gray,black,,,all-season,AI-detected Hat processed on 2025-11-08,gray-hat-1762570109.png,public
Gray Hat,Hat,accessory,,,gray,black,,,all-season,AI-detected Hat processed on 2025-11-08,gray-hat-1762570295.png,public
Gray Hat,Hat,accessory,,,gray,black,,,all-season,AI-detected Hat processed on 2025-11-08,gray-hat-1762570302.png,public
Gray Hat,Hat,accessory,,,gray,black,,,all-season,AI-detected Hat processed on 2025-11-08,gray-hat-1762570583.png,public
Gray Hat,Hat,accessory,,,gray,black,,,all-season,AI-detected Hat processed on 2025-11-08,gray-hat-1762570729.png,public
Gray Hat,Hat,accessory,,,gray,black,,,all-season,AI-detected Hat processed on 2025-11-08,gray-hat-1762570917.png,public
Gray Hat,Hat,accessory,,,gray,black,,,all-season,AI-detected Hat processed on 2025-11-08,gray-hat-1762571046.png,public
Gray Hat,Hat,accessory,,,gray,black,,,all-season,AI-detected Hat processed on 2025-11-08,gray-hat-1762571185.png,public
Gray Hat,Hat,accessory,,,gray,black,,,all-season,AI-detected Hat processed on 2025-11-08,gray-hat-1762571202.png,public
Gray Hat,Hat,accessory,,,gray,black,,,all-season,AI-detected Hat processed on 2025-11-08,gray-hat-1762571222.png,public
Gray Hat,Hat,accessory,,,gray,black,,,all-season,AI-detected Hat processed on 2025-11-08,gray-hat-1762571254.png,public
Gray Hat,Hat,accessory,,,gray,black,,,all-season,AI-detected Hat processed on 2025-11-08,gray-hat-1762572016.png,public
Gray Hat,Hat,accessory,,,gray,black,,,all-season,AI-detected Hat processed on 2025-11-08,gray-hat-1762572230.png,public
Gray Hat,Hat,accessory,,,gray,black,,,all-season,AI-detected Hat processed on 2025-11-08,gray-hat-1762572467.png,public
Gray Hat,Hat,accessory,,,gray,black,,,all-season,AI-detected Hat processed on 2025-11-08,gray-hat-1762572790.png,public
Gray Hat,Hat,accessory,,,gray,black,,,all-season,AI-detected Hat processed on 2025-11-08,gray-hat-1762572973.png,public
Gray Hat,Hat,accessory,,,gray,black,,,all-season,AI-detected Hat processed on 2025-11-08,gray-hat-1762572981.png,public
Gray Hat,Hat,accessory,,,gray,black,,,all-season,AI-detected Hat processed on 2025-11-08,gray-hat-1762573126.png,public
Gray Hat,Hat,accessory,,,gray,black,,,all-season,AI-detected Hat processed on 2025-11-08,gray-hat-1762573326.png,public
Gray Hat,Hat,accessory,,,gray,black,,,all-season,AI-detected Hat processed on 2025-11-08,gray-hat-1762573846.png,public
Gray Hat,Hat,accessory,,,gray,black,,,all-season,AI-detected Hat processed on 2025-11-08,gray-hat-1762573959.png,public
Gray Hat,Hat,accessory,,,gray,black,,,all-season,AI-detected Hat processed on 2025-11-08,gray-hat-1762573987.png,public
Gray Hat,Hat,accessory,,,gray,black,,,all-season,AI-detected Hat processed on 2025-11-08,gray-hat-1762574134.png,public
Gray Hat,Hat,accessory,,,gray,black,,,all-season,AI-detected Hat processed on 2025-11-08,gray-hat-1762574463.png,public
Gray Hat,Hat,accessory,,,gray,black,,,all-season,AI-detected Hat processed on 2025-11-08,gray-hat-1762575809.png,public
Gray Hat,Hat,accessory,,,gray,black,,,all-season,AI-detected Hat processed on 2025-11-08,gray-hat-1762576400.png,public
Gray Hat,Hat,accessory,,,gray,black,,,all-season,AI-detected Hat processed on 2025-11-08,gray-hat-1762576758.png,public
Gray Hat,Hat,accessory,,,gray,black,,,all-season,AI-detected Hat processed on 2025-11-08,gray-hat-1762578041.png,public
Gray Hat,Hat,accessory,,,gray,black,,,all-season,AI-detected Hat processed on 2025-11-08,gray-hat-1762578415.png,public
Gray Hat,Hat,accessory,,,gray,black,,,all-season,AI-detected Hat processed on 2025-11-08,gray-hat-1762578712.png,public
Gray Hat,Hat,accessory,,,gray,black,,,all-season,AI-detected Hat processed on 2025-11-08,gray-hat-1762578745.png,public
Gray Hat,Hat,accessory,,,gray,black,,,all-season,AI-detected Hat processed on 2025-11-08,gray-hat-1762578818.png,public
Gray Hat,Hat,accessory,,,gray,black,,,all-season,AI-detected Hat processed on 2025-11-08,gray-hat-1762579351.png,public
Gray Hat,Hat,accessory,,,gray,black,,,all-season,AI-detected Hat processed on 2025-11-08,gray-hat-1762580205.png,public
Gray Hat,Hat,accessory,,,gray,black,,,all-season,AI-detected Hat processed on 2025-11-08,gray-hat-1762580617.png,public
Gray Hat,Hat,accessory,,,gray,black,,,all-season,AI-detected Hat processed on 2025-11-08,gray-hat-1762580831.png,public
Gray Hat,Hat,accessory,,,gray,black,,,all-season,AI-detected Hat processed on 2025-11-08,gray-hat-1762581816.png,public
Gray Hat,Hat,accessory,,,gray,black,,,all-season,AI-detected Hat processed on 2025-11-08,gray-hat-1762581999.png,public
Gray Hat,Hat,accessory,,,gray,black,,,all-season,AI-detected Hat processed on 2025-11-08,gray-hat-1762582080.png,public
Gray Hat,Hat,accessory,,,gray,black,,,all-season,AI-detected Hat processed on 2025-11-08,gray-hat-1762582781.png,public
Gray Hat,Hat,accessory,,,gray,black,,,all-season,AI-detected Hat processed on 2025-11-08,gray-hat-1762582913.png,public
Gray Hat,Hat,accessory,,,gray,black,,,all-season,AI-detected Hat processed on 2025-11-08,gray-hat-1762583298.png,public
Gray Hat,Hat,accessory,,,gray,black,,,all-season,AI-detected Hat processed on 2025-11-08,gray-hat-1762585070.png,public
Gray Hat,Hat,accessory,,,gray,black,,,all-season,AI-detected Hat processed on 2025-11-08,gray-hat-1762585838.png,public
Gray Hat,Hat,accessory,,,gray,black,,,all-season,AI-detected Hat processed on 2025-11-08,gray-hat-1762586209.png,public
Gray Hat,Hat,accessory,,,gray,black,,,all-season,AI-detected Hat processed on 2025-11-08,gray-hat-1762586586.png,public
Gray Hat,Hat,accessory,,,gray,black,,,all-season,AI-detected Hat processed on 2025-11-08,gray-hat-1762586885.png,public
Gray Hat,Hat,accessory,,,gray,black,,,all-season,AI-detected Hat processed on 2025-11-08,gray-hat-1762586925.png,public
Gray Hat,Hat,accessory,,,gray,black,,,all-season,AI-detected Hat processed on 2025-11-08,gray-hat-1762587207.png,public
Gray Hat,Hat,accessory,,,gray,black,,,all-season,AI-detected Hat processed on 2025-11-08,gray-hat-1762587337.png,public
Gray Hat,Hat,accessory,,,gray,black,,,all-season,AI-detected Hat processed on 2025-11-08,gray-hat-1762587524.png,public
Gray Hat,Hat,accessory,,,gray,black,,,all-season,AI-detected Hat processed on 2025-11-08,gray-hat-1762588286.png,public
Gray Hat,Hat,accessory,,,gray,black,,,all-season,AI-detected Hat processed on 2025-11-08,gray-hat-1762588823.png,public
Gray Hat,Hat,accessory,,,gray,black,,,all-season,AI-detected Hat processed on 2025-11-08,gray-hat-1762588924.png,public
Gray Hat,Hat,accessory,,,gray,black,,,all-season,AI-detected Hat processed on 2025-11-08,gray-hat-1762589177.png,public
Gray Hat,Hat,accessory,,,gray,black,,,all-season,AI-detected Hat processed on 2025-11-08,gray-hat-1762589222.png,public
Gray Hat,Hat,accessory,,,gray,black,,,all-season,AI-detected Hat processed on 2025-11-08,gray-hat-1762589314.png,public
Gray Hat,Hat,accessory,,,gray,black,,,all-season,AI-detected Hat processed on 2025-11-08,gray-hat-1762589564.png,public
Gray Hat,Hat,accessory,,,gray,black,,,all-season,AI-detected Hat processed on 2025-11-08,gray-hat-1762589828.png,public
Gray Hat,Hat,accessory,,,gray,black,,,all-season,AI-detected Hat processed on 2025-11-08,gray-hat-1762589965.png,public
Gray Hat,Hat,accessory,,,gray,black,,,all-season,AI-detected Hat processed on 2025-11-08,gray-hat-1762590011.png,public
Gray Hat,Hat,accessory,,,gray,black,,,all-season,AI-detected Hat processed on 2025-11-08,gray-hat-1762591274.png,public
Gray Hat,Hat,accessory,,,gray,black,,,all-season,AI-detected Hat processed on 2025-11-08,gray-hat-1762591357.png,public
Gray Hat,Hat,accessory,,,gray,black,,,all-season,AI-detected Hat processed on 2025-11-08,gray-hat-1762591476.png,public
Gray Hat,Hat,accessory,,,gray,black,,,all-season,AI-detected Hat processed on 2025-11-08,gray-hat-1762591813.png,public
Gray Hat,Hat,accessory,,,gray,black,,,all-season,AI-detected Hat processed on 2025-11-08,gray-hat-1762591965.png,public
Gray Hat,Hat,accessory,,,gray,black,,,all-season,AI-detected Hat processed on 2025-11-08,gray-hat-1762592042.png,public
Gray Hat,Hat,accessory,,,gray,black,,,all-season,AI-detected Hat processed on 2025-11-08,gray-hat-1762595348.png,public
Gray Hat,Hat,accessory,,,gray,black,,,all-season,AI-detected Hat processed on 2025-11-08,gray-hat-1762595825.png,public
Gray Hat,Hat,accessory,,,gray,black,,,all-season,AI-detected Hat processed on 2025-11-08,gray-hat-1762595898.png,public
Gray Hat,Hat,accessory,,,gray,black,,,all-season,AI-detected Hat processed on 2025-11-08,gray-hat-1762596317.png,public
Gray Hat,Hat,accessory,,,gray,black,,,all-season,AI-detected Hat processed on 2025-11-08,gray-hat-1762597030.png,public
Gray Hat,Hat,accessory,,,gray,black,,,all-season,AI-detected Hat processed on 2025-11-08,gray-hat-1762598433.png,public
Gray Hat,Hat,accessory,,,gray,black,,,all-season,AI-detected Hat processed on 2025-11-08,gray-hat-1762598582.png,public
Gray Hat,Hat,accessory,,,gray,black,,,all-season,AI-detected Hat processed on 2025-11-08,gray-hat-1762598785.png,public
Gray Hat,Hat,accessory,,,gray,black,,,all-season,AI-detected Hat processed on 2025-11-08,gray-hat-1762598819.png,public
Gray Hat,Hat,accessory,,,gray,black,,,all-season,AI-detected Hat processed on 2025-11-08,gray-hat-1762598940.png,public
Gray Hat,Hat,accessory,,,gray,black,,,all-season,AI-detected Hat processed on 2025-11-08,gray-hat-1762600024.png,public
Gray Hat,Hat,accessory,,,gray,black,,,all-season,AI-detected Hat processed on 2025-11-08,gray-hat-1762600324.png,public
Gray Hat,Hat,accessory,,,gray,black,,,all-season,AI-detected Hat processed on 2025-11-08,gray-hat-1762600825.png,public
Gray Hat,Hat,accessory,,,gray,black,,,all-season,AI-detected Hat processed on 2025-11-08,gray-hat-1762601147.png,public
Gray Hat,Hat,accessory,,,gray,black,,,all-season,AI-detected Hat processed on 2025-11-08,gray-hat-1762601820.png,public
Gray Hat,Hat,accessory,,,gray,black,,,all-season,AI-detected Hat processed on 2025-11-08,gray-hat-1762601847.png,public
Gray Hat,Hat,accessory,,,gray,black,,,all-season,AI-detected Hat processed on 2025-11-08,gray-hat-1762602706.png,public
Gray Hat,Hat,accessory,,,gray,black,,,all-season,AI-detected Hat processed on 2025-11-08,gray-hat-1762602806.png,public
Gray Hat,Hat,accessory,,,gray,black,,,all-season,AI-detected Hat processed on 2025-11-08,gray-hat-1762602854.png,public
Gray Hat,Hat,accessory,,,gray,black,,,all-season,AI-detected Hat processed on 2025-11-08,gray-hat-1762602922.png,public
Gray Hat,Hat,accessory,,,gray,black,,,all-season,AI-detected Hat processed on 2025-11-08,gray-hat-1762604112.png,public
Gray Hat,Hat,accessory,,,gray,black,,,all-season,AI-detected Hat processed on 2025-11-08,gray-hat-1762604180.png,public
Gray Hat,Hat,accessory,,,gray,black,,,all-season,AI-detected Hat processed on 2025-11-08,gray-hat-1762604253.png,public
Gray Hat,Hat,accessory,,,gray,black,,,all-season,AI-detected Hat processed on 2025-11-08,gray-hat-1762604954.png,public
Gray Hat,Hat,accessory,,,gray,black,,,all-season,AI-detected Hat processed on 2025-11-08,gray-hat-1762605086.png,public
Gray Hat,Hat,accessory,,,gray,black,,,all-season,AI-detected Hat processed on 2025-11-08,gray-hat-1762605523.png,public
Gray Hat,Hat,accessory,,,gray,black,,,all-season,AI-detected Hat processed on 2025-11-08,gray-hat-1762605858.png,public
Gray Hat,Hat,accessory,,,gray,black,,,all-season,AI-detected Hat processed on 2025-11-08,gray-hat-1762606371.png,public
Gray Hat,Hat,accessory,,,gray,black,,,all-season,AI-detected Hat processed on 2025-11-08,gray-hat-1762606545.png,public
Gray Hat,Hat,accessory,,,gray,black,,,all-season,AI-detected Hat processed on 2025-11-08,gray-hat-1762606603.png,public
Gray Hat,Hat,accessory,,,gray,black,,,all-season,AI-detected Hat processed on 2025-11-08,gray-hat-1762606827.png,public
Gray Hat,Hat,accessory,,,gray,black,,,all-season,AI-detected Hat processed on 2025-11-08,gray-hat-1762607310.png,public
Gray Hat,Hat,accessory,,,gray,black,,,all-season,AI-detected Hat processed on 2025-11-08,gray-hat-1762607626.png,public
Gray Hat,Hat,accessory,,,gray,black,,,all-season,AI-detected Hat processed on 2025-11-08,gray-hat-1762607640.png,public
Gray Hat,Hat,accessory,,,gray,black|beige,,,all-season,AI-detected Hat processed on 2025-11-08,gray-hat-1762571421.png,public
Gray Hat,Hat,accessory,,,gray,black|beige,,,all-season,AI-detected Hat processed on 2025-11-08,gray-hat-1762571642.png,public
Gray Hat,Hat,accessory,,,gray,black|beige,,,all-season,AI-detected Hat processed on 2025-11-08,gray-hat-1762573256.png,public
Gray Hat,Hat,accessory,,,gray,black|beige,,,all-season,AI-detected Hat processed on 2025-11-08,gray-hat-1762575339.png,public
Gray Hat,Hat,accessory,,,gray,black|beige,,,all-season,AI-detected Hat processed on 2025-11-08,gray-hat-1762582951.png,public
Gray Hat,Hat,accessory,,,gray,black|beige,,,all-season,AI-detected Hat processed on 2025-11-08,gray-hat-1762583713.png,public
Gray Hat,Hat,accessory,,,gray,black|beige,,,all-season,AI-detected Hat processed on 2025-11-08,gray-hat-1762593844.png,public
Gray Hat,Hat,accessory,,,gray,black|beige,,,all-season,AI-detected Hat processed on 2025-11-08,gray-hat-1762594519.png,public
Gray Hat,Hat,accessory,,,gray,black|beige,,,all-season,AI-detected Hat processed on 2025-11-08,gray-hat-1762601174.png,public
Gray Hat,Hat,accessory,,,gray,black|beige,,,all-season,AI-detected Hat processed on 2025-11-08,gray-hat-1762601668.png,public
Gray Hat,Hat,accessory,,,gray,black|beige,,,all-season,AI-detected Hat processed on 2025-11-08,gray-hat-1762602825.png,public
Gray Hat,Hat,accessory,,,gray,black|brown,,,all-season,AI-detected Hat processed on 2025-11-08,gray-hat-1762568808.png,public
Gray Hat,Hat,accessory,,,gray,black|brown,,,all-season,AI-detected Hat processed on 2025-11-08,gray-hat-1762569446.png,public
Gray Hat,Hat,accessory,,,gray,black|brown,,,all-season,AI-detected Hat processed on 2025-11-08,gray-hat-1762569559.png,public
Gray Hat,Hat,accessory,,,gray,black|brown,,,all-season,AI-detected Hat processed on 2025-11-08,gray-hat-1762570660.png,public
Gray Hat,Hat,accessory,,,gray,black|brown,,,all-season,AI-detected Hat processed on 2025-11-08,gray-hat-1762570896.png,public
Gray Hat,Hat,accessory,,,gray,black|brown,,,all-season,AI-detected Hat processed on 2025-11-08,gray-hat-1762578360.png,public
Gray Hat,Hat,accessory,,,gray,black|brown,,,all-season,AI-detected Hat processed on 2025-11-08,gray-hat-1762578925.png,public
Gray Hat,Hat,accessory,,,gray,black|brown,,,all-season,AI-detected Hat processed on 2025-11-08,gray-hat-1762579012.png,public
Gray Hat,Hat,accessory,,,gray,black|brown,,,all-season,AI-detected Hat processed on 2025-11-08,gray-hat-1762581266.png,public
Gray Hat,Hat,accessory,,,gray,black|brown,,,all-season,AI-detected Hat processed on 2025-11-08,gray-hat-1762583280.png,public
Gray Hat,Hat,accessory,,,gray,black|brown,,,all-season,AI-detected Hat processed on 2025-11-08,gray-hat-1762585327.png,public
Gray Hat,Hat,accessory,,,gray,black|brown,,,all-season,AI-detected Hat processed on 2025-11-08,gray-hat-1762587421.png,public
Gray Hat,Hat,accessory,,,gray,black|brown,,,all-season,AI-detected Hat processed on 2025-11-08,gray-hat-1762587979.png,public
Gray Hat,Hat,accessory,,,gray,black|brown,,,all-season,AI-detected Hat processed on 2025-11-08,gray-hat-1762588587.png,public
Gray Hat,Hat,accessory,,,gray,black|brown,,,all-season,AI-detected Hat processed on 2025-11-08,gray-hat-1762590141.png,public
Gray Hat,Hat,accessory,,,gray,black|brown,,,all-season,AI-detected Hat processed on 2025-11-08,gray-hat-1762591320.png,public
Gray Hat,Hat,accessory,,,gray,black|brown,,,all-season,AI-detected Hat processed on 2025-11-08,gray-hat-1762591558.png,public
Gray Hat,Hat,accessory,,,gray,black|brown,,,all-season,AI-detected Hat processed on 2025-11-08,gray-hat-1762591664.png,public
Gray Hat,Hat,accessory,,,gray,black|brown,,,all-season,AI-detected Hat processed on 2025-11-08,gray-hat-1762592312.png,public
Gray Hat,Hat,accessory,,,gray,black|brown,,,all-season,AI-detected Hat processed on 2025-11-08,gray-hat-1762593068.png,public
Gray Hat,Hat,accessory,,,gray,black|brown,,,all-season,AI-detected Hat processed on 2025-11-08,gray-hat-1762594016.png,public
Gray Hat,Hat,accessory,,,gray,black|brown,,,all-season,AI-detected Hat processed on 2025-11-08,gray-hat-1762595773.png,public
Gray Hat,Hat,accessory,,,gray,black|brown,,,all-season,AI-detected Hat processed on 2025-11-08,gray-hat-1762598075.png,public
Gray Hat,Hat,accessory,,,gray,black|brown,,,all-season,AI-detected Hat processed on 2025-11-08,gray-hat-1762599081.png,public
Gray Hat,Hat,accessory,,,gray,black|brown,,,all-season,AI-detected Hat processed on 2025-11-08,gray-hat-1762601226.png,public
Gray Hat,Hat,accessory,,,gray,black|brown,,,all-season,AI-detected Hat processed on 2025-11-08,gray-hat-1762602633.png,public
Gray Hat,Hat,accessory,,,gray,black|brown,,,all-season,AI-detected Hat processed on 2025-11-08,gray-hat-1762605534.png,public
Gray Hat,Hat,accessory,,,gray,black|brown,,,all-season,AI-detected Hat processed on 2025-11-08,gray-hat-1762606778.png,public
Gray Hat,Hat,accessory,,,gray,black|brown,,,all-season,AI-detected Hat processed on 2025-11-08,gray-hat-1762607255.png,public
Gray Hat,Hat,accessory,,,gray,black|brown,,,all-season,AI-detected Hat processed on 2025-11-08,gray-hat-1762607543.png,public
Gray Hat,Hat,accessory,,,gray,black|maroon,,,all-season,AI-detected Hat processed on 2025-11-08,gray-hat-1762592489.png,public
Gray Hat,Hat,accessory,,,gray,black|maroon,,,all-season,AI-detected Hat processed on 2025-11-08,gray-hat-1762597196.png,public
Gray Hat,Hat,accessory,,,gray,black|maroon,,,all-season,AI-detected Hat processed on 2025-11-08,gray-hat-1762597557.png,public
Gray Hat,Hat,accessory,,,gray,black|maroon,,,all-season,AI-detected Hat processed on 2025-11-08,gray-hat-1762600204.png,public
Gray Hat,Hat,accessory,,,gray,black|maroon,,,all-season,AI-detected Hat processed on 2025-11-08,gray-hat-1762603362.png,public
Gray Hat,Hat,accessory,,,gray,black|navy,,,all-season,AI-detected Hat processed on 2025-11-08,gray-hat-1762575277.png,public
Gray Hat,Hat,accessory,,,gray,black|olive,,,all-season,AI-detected Hat processed on 2025-11-08,gray-hat-1762575077.png,public
Gray Hat,Hat,accessory,,,gray,black|olive,,,all-season,AI-detected Hat processed on 2025-11-08,gray-hat-1762577498.png,public
Gray Hat,Hat,accessory,,,gray,black|olive,,,all-season,AI-detected Hat processed on 2025-11-08,gray-hat-1762603130.png,public
Gray Hat,Hat,accessory,,,gray,black|pink,,,all-season,AI-detected Hat processed on 2025-11-08,gray-hat-1762569987.png,public
Gray Hat,Hat,accessory,,,gray,black|pink,,,all-season,AI-detected Hat processed on 2025-11-08,gray-hat-1762570457.png,public
Gray Hat,Hat,accessory,,,gray,black|pink,,,all-season,AI-detected Hat processed on 2025-11-08,gray-hat-1762570787.png,public
Gray Hat,Hat,accessory,,,gray,black|pink,,,all-season,AI-detected Hat processed on 2025-11-08,gray-hat-1762570824.png,public
Gray Hat,Hat,accessory,,,gray,black|pink,,,all-season,AI-detected Hat processed on 2025-11-08,gray-hat-1762571467.png,public
Gray Hat,Hat,accessory,,,gray,black|pink,,,all-season,AI-detected Hat processed on 2025-11-08,gray-hat-1762571994.png,public
Gray Hat,Hat,accessory,,,gray,black|pink,,,all-season,AI-detected Hat processed on 2025-11-08,gray-hat-1762572637.png,public
Gray Hat,Hat,accessory,,,gray,black|pink,,,all-season,AI-detected Hat processed on 2025-11-08,gray-hat-1762573061.png,public
Gray Hat,Hat,accessory,,,gray,black|pink,,,all-season,AI-detected Hat processed on 2025-11-08,gray-hat-1762573719.png,public
Gray Hat,Hat,accessory,,,gray,black|pink,,,all-season,AI-detected Hat processed on 2025-11-08,gray-hat-1762574009.png,public
Gray Hat,Hat,accessory,,,gray,black|pink,,,all-season,AI-detected Hat processed on 2025-11-08,gray-hat-1762575964.png,public
Gray Hat,Hat,accessory,,,gray,black|pink,,,all-season,AI-detected Hat processed on 2025-11-08,gray-hat-1762576786.png,public
Gray Hat,Hat,accessory,,,gray,black|pink,,,all-season,AI-detected Hat processed on 2025-11-08,gray-hat-1762576964.png,public
Gray Hat,Hat,accessory,,,gray,black|pink,,,all-season,AI-detected Hat processed on 2025-11-08,gray-hat-1762577417.png,public
Gray Hat,Hat,accessory,,,gray,black|pink,,,all-season,AI-detected Hat processed on 2025-11-08,gray-hat-1762578861.png,public
Gray Hat,Hat,accessory,,,gray,black|pink,,,all-season,AI-detected Hat processed on 2025-11-08,gray-hat-1762580069.png,public
Gray Hat,Hat,accessory,,,gray,black|pink,,,all-season,AI-detected Hat processed on 2025-11-08,gray-hat-1762580300.png,public
Gray Hat,Hat,accessory,,,gray,black|pink,,,all-season,AI-detected Hat processed on 2025-11-08,gray-hat-1762580748.png,public
Gray Hat,Hat,accessory,,,gray,black|pink,,,all-season,AI-detected Hat processed on 2025-11-08,gray-hat-1762581696.png,public
Gray Hat,Hat,accessory,,,gray,black|pink,,,all-season,AI-detected Hat processed on 2025-11-08,gray-hat-1762581759.png,public
Gray Hat,Hat,accessory,,,gray,black|pink,,,all-season,AI-detected Hat processed on 2025-11-08,gray-hat-1762582344.png,public
Gray Hat,Hat,accessory,,,gray,black|pink,,,all-season,AI-detected Hat processed on 2025-11-08,gray-hat-1762582510.png,public
Gray Hat,Hat,accessory,,,gray,black|pink,,,all-season,AI-detected Hat processed on 2025-11-08,gray-hat-1762582643.png,public
Gray Hat,Hat,accessory,,,gray,black|pink,,,all-season,AI-detected Hat processed on 2025-11-08,gray-hat-1762583244.png,public
Gray Hat,Hat,accessory,,,gray,black|pink,,,all-season,AI-detected Hat processed on 2025-11-08,gray-hat-1762583620.png,public
Gray Hat,Hat,accessory,,,gray,black|pink,,,all-season,AI-detected Hat processed on 2025-11-08,gray-hat-1762583846.png,public
Gray Hat,Hat,accessory,,,gray,black|pink,,,all-season,AI-detected Hat processed on 2025-11-08,gray-hat-1762584340.png,public
Gray Hat,Hat,accessory,,,gray,black|pink,,,all-season,AI-detected Hat processed on 2025-11-08,gray-hat-1762584736.png,public
Gray Hat,Hat,accessory,,,gray,black|pink,,,all-season,AI-detected Hat processed on 2025-11-08,gray-hat-1762584989.png,public
Gray Hat,Hat,accessory,,,gray,black|pink,,,all-season,AI-detected Hat processed on 2025-11-08,gray-hat-1762588331.png,public
Gray Hat,Hat,accessory,,,gray,black|pink,,,all-season,AI-detected Hat processed on 2025-11-08,gray-hat-1762588621.png,public
Gray Hat,Hat,accessory,,,gray,black|pink,,,all-season,AI-detected Hat processed on 2025-11-08,gray-hat-1762588807.png,public
Gray Hat,Hat,accessory,,,gray,black|pink,,,all-season,AI-detected Hat processed on 2025-11-08,gray-hat-1762590068.png,public
Gray Hat,Hat,accessory,,,gray,black|pink,,,all-season,AI-detected Hat processed on 2025-11-08,gray-hat-1762592722.png,public
Gray Hat,Hat,accessory,,,gray,black|pink,,,all-season,AI-detected Hat processed on 2025-11-08,gray-hat-1762593632.png,public
Gray Hat,Hat,accessory,,,gray,black|pink,,,all-season,AI-detected Hat processed on 2025-11-08,gray-hat-1762595316.png,public
Gray Hat,Hat,accessory,,,gray,black|pink,,,all-season,AI-detected Hat processed on 2025-11-08,gray-hat-1762596448.png,public
Gray Hat,Hat,accessory,,,gray,black|pink,,,all-season,AI-detected Hat processed on 2025-11-08,gray-hat-1762596467.png,public
Gray Hat,Hat,accessory,,,gray,black|pink,,,all-season,AI-detected Hat processed on 2025-11-08,gray-hat-1762596497.png,public
Gray Hat,Hat,accessory,,,gray,black|pink,,,all-season,AI-detected Hat processed on 2025-11-08,gray-hat-1762596766.png,public
Gray Hat,Hat,accessory,,,gray,black|pink,,,all-season,AI-detected Hat processed on 2025-11-08,gray-hat-1762597326.png,public
Gray Hat,Hat,accessory,,,gray,black|pink,,,all-season,AI-detected Hat processed on 2025-11-08,gray-hat-1762597928.png,public
Gray Hat,Hat,accessory,,,gray,black|pink,,,all-season,AI-detected Hat processed on 2025-11-08,gray-hat-1762598586.png,public
Gray Hat,Hat,accessory,,,gray,black|pink,,,all-season,AI-detected Hat processed on 2025-11-08,gray-hat-1762598612.png,public
Gray Hat,Hat,accessory,,,gray,black|pink,,,all-season,AI-detected Hat processed on 2025-11-08,gray-hat-1762598659.png,public
Gray Hat,Hat,accessory,,,gray,black|pink,,,all-season,AI-detected Hat processed on 2025-11-08,gray-hat-1762599592.png,public
Gray Hat,Hat,accessory,,,gray,black|pink,,,all-season,AI-detected Hat processed on 2025-11-08,gray-hat-1762599776.png,public
Gray Hat,Hat,accessory,,,gray,black|pink,,,all-season,AI-detected Hat processed on 2025-11-08,gray-hat-1762601263.png,public
Gray Hat,Hat,accessory,,,gray,black|pink,,,all-season,AI-detected Hat processed on 2025-11-08,gray-hat-1762601441.png,public
Gray Hat,Hat,accessory,,,gray,black|pink,,,all-season,AI-detected Hat processed on 2025-11-08,gray-hat-1762601588.png,public
Gray Hat,Hat,accessory,,,gray,black|pink,,,all-season,AI-detected Hat processed on 2025-11-08,gray-hat-1762602022.png,public
Gray Hat,Hat,accessory,,,gray,black|pink,,,all-season,AI-detected Hat processed on 2025-11-08,gray-hat-1762602318.png,public
Gray Hat,Hat,accessory,,,gray,black|pink,,,all-season,AI-detected Hat processed on 2025-11-08,gray-hat-1762602444.png,public
Gray Hat,Hat,accessory,,,gray,black|pink,,,all-season,AI-detected Hat processed on 2025-11-08,gray-hat-1762602528.png,public
Gray Hat,Hat,accessory,,,gray,black|pink,,,all-season,AI-detected Hat processed on 2025-11-08,gray-hat-1762603013.png,public
Gray Hat,Hat,accessory,,,gray,black|pink,,,all-season,AI-detected Hat processed on 2025-11-08,gray-hat-1762603477.png,public
Gray Hat,Hat,accessory,,,gray,black|pink,,,all-season,AI-detected Hat processed on 2025-11-08,gray-hat-1762604149.png,public
Gray Hat,Hat,accessory,,,gray,black|pink,,,all-season,AI-detected Hat processed on 2025-11-08,gray-hat-1762604355.png,public
Gray Hat,Hat,accessory,,,gray,black|pink,,,all-season,AI-detected Hat processed on 2025-11-08,gray-hat-1762605013.png,public
Gray Hat,Hat,accessory,,,gray,black|pink,,,all-season,AI-detected Hat processed on 2025-11-08,gray-hat-1762606691.png,public
Gray Hat,Hat,accessory,,,gray,black|pink,,,all-season,AI-detected Hat processed on 2025-11-08,gray-hat-1762606912.png,public
Gray Hat,Hat,accessory,,,gray,black|pink,,,all-season,AI-detected Hat processed on 2025-11-08,gray-hat-1762607266.png,public
Gray Hat,Hat,accessory,,,gray,black|pink,,,all-season,AI-detected Hat processed on 2025-11-08,gray-hat-1762607378.png,public
Gray Hat,Hat,accessory,,,gray,black|teal,,,all-season,AI-detected Hat processed on 2025-11-08,gray-hat-1762571347.png,public
Gray Hat,Hat,accessory,,,gray,black|teal,,,all-season,AI-detected Hat processed on 2025-11-08,gray-hat-1762592583.png,public
Gray Hat,Hat,accessory,,,gray,black|white,,,all-season,AI-detected Hat processed on 2025-11-08,gray-hat-1762604400.png,public
Gray Hat,Hat,accessory,,,gray,brown|black,,,all-season,AI-detected Hat processed on 2025-11-08,gray-hat-1762589329.png,public
Gray Hat,Hat,accessory,,,gray,brown|black,,,all-season,AI-detected Hat processed on 2025-11-08,gray-hat-1762590886.png,public
Gray Hat,Hat,accessory,,,gray,brown|black,,,all-season,AI-detected Hat processed on 2025-11-08,gray-hat-1762592126.png,public
Gray Hat,Hat,accessory,,,gray,brown|black,,,all-season,AI-detected Hat processed on 2025-11-08,gray-hat-1762592994.png,public
Gray Hat,Hat,accessory,,,gray,brown|black,,,all-season,AI-detected Hat processed on 2025-11-08,gray-hat-1762593326.png,public
Gray Hat,Hat,accessory,,,gray,brown|black,,,all-season,AI-detected Hat processed on 2025-11-08,gray-hat-1762595669.png,public
Gray Hat,Hat,accessory,,,gray,brown|black,,,all-season,AI-detected Hat processed on 2025-11-08,gray-hat-1762597268.png,public
Gray Hat,Hat,accessory,,,gray,brown|black,,,all-season,AI-detected Hat processed on 2025-11-08,gray-hat-1762601867.png,public
Gray Hat,Hat,accessory,,,gray,brown|black,,,all-season,AI-detected Hat processed on 2025-11-08,gray-hat-1762606081.png,public
Gray Hat,Hat,accessory,,,gray,navy|beige,,,all-season,AI-detected Hat processed on 2025-11-08,gray-hat-1762584141.png,public
Gray Hat,Hat,accessory,,,gray,olive|black,,,all-season,AI-detected Hat processed on 2025-11-08,gray-hat-1762605793.png,public
Gray Hat,Hat,accessory,,,gray,orange|black,,,all-season,AI-detected Hat processed on 2025-11-08,gray-hat-1762604897.png,public
Gray Hat,Hat,accessory,,,gray,pink|black,,,all-season,AI-detected Hat processed on 2025-11-08,gray-hat-1762571637.png,public
Gray Hat,Hat,accessory,,,gray,pink|black,,,all-season,AI-detected Hat processed on 2025-11-08,gray-hat-1762575238.png,public
Gray Hat,Hat,accessory,,,gray,pink|black,,,all-season,AI-detected Hat processed on 2025-11-08,gray-hat-1762575643.png,public
Gray Hat,Hat,accessory,,,gray,pink|black,,,all-season,AI-detected Hat processed on 2025-11-08,gray-hat-1762576285.png,public
Gray Hat,Hat,accessory,,,gray,pink|black,,,all-season,AI-detected Hat processed on 2025-11-08,gray-hat-1762577382.png,public
Gray Hat,Hat,accessory,,,gray,pink|black,,,all-season,AI-detected Hat processed on 2025-11-08,gray-hat-1762577626.png,public
Gray Hat,Hat,accessory,,,gray,pink|black,,,all-season,AI-detected Hat processed on 2025-11-08,gray-hat-1762580429.png,public
Gray Hat,Hat,accessory,,,gray,pink|black,,,all-season,AI-detected Hat processed on 2025-11-08,gray-hat-1762582049.png,public
Gray Hat,Hat,accessory,,,gray,pink|black,,,all-season,AI-detected Hat processed on 2025-11-08,gray-hat-1762584870.png,public
Gray Hat,Hat,accessory,,,gray,pink|black,,,all-season,AI-detected Hat processed on 2025-11-08,gray-hat-1762589574.png,public
Gray Hat,Hat,accessory,,,gray,pink|black,,,all-season,AI-detected Hat processed on 2025-11-08,gray-hat-1762589871.png,public
Gray Hat,Hat,accessory,,,gray,pink|black,,,all-season,AI-detected Hat processed on 2025-11-08,gray-hat-1762594105.png,public
Gray Hat,Hat,accessory,,,gray,pink|black,,,all-season,AI-detected Hat processed on 2025-11-08,gray-hat-1762594277.png,public
Gray Hat,Hat,accessory,,,gray,pink|black,,,all-season,AI-detected Hat processed on 2025-11-08,gray-hat-1762594475.png,public
Gray Hat,Hat,accessory,,,gray,pink|black,,,all-season,AI-detected Hat processed on 2025-11-08,gray-hat-1762594701.png,public
Gray Hat,Hat,accessory,,,gray,pink|black,,,all-season,AI-detected Hat processed on 2025-11-08,gray-hat-1762594777.png,public
Gray Hat,Hat,accessory,,,gray,pink|black,,,all-season,AI-detected Hat processed on 2025-11-08,gray-hat-1762595665.png,public
Gray Hat,Hat,accessory,,,gray,pink|black,,,all-season,AI-detected Hat processed on 2025-11-08,gray-hat-1762596047.png,public
Gray Hat,Hat,accessory,,,gray,pink|black,,,all-season,AI-detected Hat processed on 2025-11-08,gray-hat-1762597498.png,public
Gray Hat,Hat,accessory,,,gray,pink|black,,,all-season,AI-detected Hat processed on 2025-11-08,gray-hat-1762598167.png,public
Gray Hat,Hat,accessory,,,gray,pink|black,,,all-season,AI-detected Hat processed on 2025-11-08,gray-hat-1762598911.png,public
Gray Hat,Hat,accessory,,,gray,pink|black,,,all-season,AI-detected Hat processed on 2025-11-08,gray-hat-1762598946.png,public
Gray Hat,Hat,accessory,,,gray,pink|black,,,all-season,AI-detected Hat processed on 2025-11-08,gray-hat-1762599469.png,public
Gray Hat,Hat,accessory,,,gray,pink|black,,,all-season,AI-detected Hat processed on 2025-11-08,gray-hat-1762599499.png,public
Gray Hat,Hat,accessory,,,gray,pink|black,,,all-season,AI-detected Hat processed on 2025-11-08,gray-hat-1762599818.png,public
Gray Hat,Hat,accessory,,,gray,pink|black,,,all-season,AI-detected Hat processed on 2025-11-08,gray-hat-1762600464.png,public
Gray Hat,Hat,accessory,,,gray,pink|black,,,all-season,AI-detected Hat processed on 2025-11-08,gray-hat-1762601311.png,public
Gray Hat,Hat,accessory,,,gray,pink|black,,,all-season,AI-detected Hat processed on 2025-11-08,gray-hat-1762601910.png,public
Gray Hat,Hat,accessory,,,gray,pink|black,,,all-season,AI-detected Hat processed on 2025-11-08,gray-hat-1762603797.png,public
Gray Hat,Hat,accessory,,,gray,pink|black,,,all-season,AI-detected Hat processed on 2025-11-08,gray-hat-1762604434.png,public
Gray Hat,Hat,accessory,,,gray,pink|black,,,all-season,AI-detected Hat processed on 2025-11-08,gray-hat-1762606999.png,public
Gray Hat,Hat,accessory,,,gray,teal|black,,,all-season,AI-detected Hat processed on 2025-11-08,gray-hat-1762577213.png,public
Gray Hoodie,Hoodie,outerwear,,,gray,black,,,all-season,AI-detected Hoodie processed on 2025-11-08,gray-hoodie-1762569113.png,public
Gray Hoodie,Hoodie,outerwear,,,gray,black,,,all-season,AI-detected Hoodie processed on 2025-11-08,gray-hoodie-1762570401.png,public
Gray Hoodie,Hoodie,outerwear,,,gray,black,,,all-season,AI-detected Hoodie processed on 2025-11-08,gray-hoodie-1762572038.png,public
Gray Hoodie,Hoodie,outerwear,,,gray,black,,,all-season,AI-detected Hoodie processed on 2025-11-08,gray-hoodie-1762573747.png,public
Gray Hoodie,Hoodie,outerwear,,,gray,black,,,all-season,AI-detected Hoodie processed on 2025-11-08,gray-hoodie-1762573757.png,public
Gray Hoodie,Hoodie,outerwear,,,gray,black,,,all-season,AI-detected Hoodie processed on 2025-11-08,gray-hoodie-1762585293.png,public
Gray Hoodie,Hoodie,outerwear,,,gray,black,,,all-season,AI-detected Hoodie processed on 2025-11-08,gray-hoodie-1762607695.png,public
Gray Hoodie,Hoodie,outerwear,,,gray,black|brown,,,all-season,AI-detected Hoodie processed on 2025-11-08,gray-hoodie-1762577800.png,public
Gray Longsleeve,Longsleeve,top,,,gray,beige|black,,,all-season,AI-detected Longsleeve processed on 2025-11-08,gray-longsleeve-1762569668.png,public
Gray Longsleeve,Longsleeve,top,,,gray,beige|black,,,all-season,AI-detected Longsleeve processed on 2025-11-08,gray-longsleeve-1762594732.png,public
Gray Longsleeve,Longsleeve,top,,,gray,black,,,all-season,AI-detected Longsleeve processed on 2025-11-08,gray-longsleeve-1762568436.png,public
Gray Longsleeve,Longsleeve,top,,,gray,black,,,all-season,AI-detected Longsleeve processed on 2025-11-08,gray-longsleeve-1762571929.png,public
Gray Longsleeve,Longsleeve,top,,,gray,black,,,all-season,AI-detected Longsleeve processed on 2025-11-08,gray-longsleeve-1762572055.png,public
Gray Longsleeve,Longsleeve,top,,,gray,black,,,all-season,AI-detected Longsleeve processed on 2025-11-08,gray-longsleeve-1762572382.png,public
Gray Longsleeve,Longsleeve,top,,,gray,black,,,all-season,AI-detected Longsleeve processed on 2025-11-08,gray-longsleeve-1762576600.png,public
Gray Longsleeve,Longsleeve,top,,,gray,black,,,all-season,AI-detected Longsleeve processed on 2025-11-08,gray-longsleeve-1762584750.png,public
Gray Longsleeve,Longsleeve,top,,,gray,black,,,all-season,AI-detected Longsleeve processed on 2025-11-08,gray-longsleeve-1762586613.png,public
Gray Longsleeve,Longsleeve,top,,,gray,black,,,all-season,AI-detected Longsleeve processed on 2025-11-08,gray-longsleeve-1762588848.png,public
Gray Longsleeve,Longsleeve,top,,,gray,black,,,all-season,AI-detected Longsleeve processed on 2025-11-08,gray-longsleeve-1762592604.png,public
Gray Longsleeve,Longsleeve,top,,,gray,black,,,all-season,AI-detected Longsleeve processed on 2025-11-08,gray-longsleeve-1762594231.png,public
Gray Longsleeve,Longsleeve,top,,,gray,black,,,all-season,AI-detected Longsleeve processed on 2025-11-08,gray-longsleeve-1762597631.png,public
Gray Longsleeve,Longsleeve,top,,,gray,black,,,all-season,AI-detected Longsleeve processed on 2025-11-08,gray-longsleeve-1762598961.png,public
Gray Longsleeve,Longsleeve,top,,,gray,black,,,all-season,AI-detected Longsleeve processed on 2025-11-08,gray-longsleeve-1762599072.png,public
Gray Longsleeve,Longsleeve,top,,,gray,black,,,all-season,AI-detected Longsleeve processed on 2025-11-08,gray-longsleeve-1762600020.png,public
Gray Longsleeve,Longsleeve,top,,,gray,black,,,all-season,AI-detected Longsleeve processed on 2025-11-08,gray-longsleeve-1762601957.png,public
Gray Longsleeve,Longsleeve,top,,,gray,black,,,all-season,AI-detected Longsleeve processed on 2025-11-08,gray-longsleeve-1762602272.png,public
Gray Longsleeve,Longsleeve,top,,,gray,black|beige,,,all-season,AI-detected Longsleeve processed on 2025-11-08,gray-longsleeve-1762599454.png,public
Gray Longsleeve,Longsleeve,top,,,gray,black|brown,,,all-season,AI-detected Longsleeve processed on 2025-11-08,gray-longsleeve-1762588665.png,public
Gray Longsleeve,Longsleeve,top,,,gray,black|pink,,,all-season,AI-detected Longsleeve processed on 2025-11-08,gray-longsleeve-1762568504.png,public
Gray Longsleeve,Longsleeve,top,,,gray,black|pink,,,all-season,AI-detected Longsleeve processed on 2025-11-08,gray-longsleeve-1762573110.png,public
Gray Longsleeve,Longsleeve,top,,,gray,black|pink,,,all-season,AI-detected Longsleeve processed on 2025-11-08,gray-longsleeve-1762577300.png,public
Gray Longsleeve,Longsleeve,top,,,gray,black|pink,,,all-season,AI-detected Longsleeve processed on 2025-11-08,gray-longsleeve-1762585825.png,public
Gray Longsleeve,Longsleeve,top,,,gray,black|pink,,,all-season,AI-detected Longsleeve processed on 2025-11-08,gray-longsleeve-1762588591.png,public
Gray Longsleeve,Longsleeve,top,,,gray,black|pink,,,all-season,AI-detected Longsleeve processed on 2025-11-08,gray-longsleeve-1762590121.png,public
Gray Longsleeve,Longsleeve,top,,,gray,black|pink,,,all-season,AI-detected Longsleeve processed on 2025-11-08,gray-longsleeve-1762599397.png,public
Gray Longsleeve,Longsleeve,top,,,gray,black|pink,,,all-season,AI-detected Longsleeve processed on 2025-11-08,gray-longsleeve-1762603655.png,public
Gray Longsleeve,Longsleeve,top,,,gray,black|pink,,,all-season,AI-detected Longsleeve processed on 2025-11-08,gray-longsleeve-1762604031.png,public
Gray Longsleeve,Longsleeve,top,,,gray,black|pink,,,all-season,AI-detected Longsleeve processed on 2025-11-08,gray-longsleeve-1762605748.png,public
Gray Longsleeve,Longsleeve,top,,,gray,black|pink,,,all-season,AI-detected Longsleeve processed on 2025-11-08,gray-longsleeve-1762606215.png,public
Gray Longsleeve,Longsleeve,top,,,gray,black|pink,,,all-season,AI-detected Longsleeve processed on 2025-11-08,gray-longsleeve-1762606561.png,public
Gray Longsleeve,Longsleeve,top,,,gray,black|teal,,,all-season,AI-detected Longsleeve processed on 2025-11-08,gray-longsleeve-1762576934.png,public
Gray Longsleeve,Longsleeve,top,,,gray,navy|black,,,all-season,AI-detected Longsleeve processed on 2025-11-08,gray-longsleeve-1762592306.png,public
Gray Longsleeve,Longsleeve,top,,,gray,olive|black,,,all-season,AI-detected Longsleeve processed on 2025-11-08,gray-longsleeve-1762576569.png,public
Gray Longsleeve,Longsleeve,top,,,gray,pink|black,,,all-season,AI-detected Longsleeve processed on 2025-11-08,gray-longsleeve-1762570595.png,public
Gray Longsleeve,Longsleeve,top,,,gray,pink|black,,,all-season,AI-detected Longsleeve processed on 2025-11-08,gray-longsleeve-1762571595.png,public
Gray Longsleeve,Longsleeve,top,,,gray,pink|black,,,all-season,AI-detected Longsleeve processed on 2025-11-08,gray-longsleeve-1762586417.png,public
Gray Longsleeve,Longsleeve,top,,,gray,pink|black,,,all-season,AI-detected Longsleeve processed on 2025-11-08,gray-longsleeve-1762597170.png,public
Gray Longsleeve,Longsleeve,top,,,gray,pink|black,,,all-season,AI-detected Longsleeve processed on 2025-11-08,gray-longsleeve-1762603537.png,public
Gray Outwear,Outwear,outerwear,,,gray,black,,,all-season,AI-detected Outwear processed on 2025-11-08,gray-outwear-1762569385.png,public
Gray Outwear,Outwear,outerwear,,,gray,black,,,all-season,AI-detected Outwear processed on 2025-11-08,gray-outwear-1762569835.png,public
Gray Outwear,Outwear,outerwear,,,gray,black,,,all-season,AI-detected Outwear processed on 2025-11-08,gray-outwear-1762570292.png,public
Gray Outwear,Outwear,outerwear,,,gray,black,,,all-season,AI-detected Outwear processed on 2025-11-08,gray-outwear-1762571616.png,public
Gray Outwear,Outwear,outerwear,,,gray,black,,,all-season,AI-detected Outwear processed on 2025-11-08,gray-outwear-1762571809.png,public
Gray Outwear,Outwear,outerwear,,,gray,black,,,all-season,AI-detected Outwear processed on 2025-11-08,gray-outwear-1762572084.png,public
Gray Outwear,Outwear,outerwear,,,gray,black,,,all-season,AI-detected Outwear processed on 2025-11-08,gray-outwear-1762572965.png,public
Gray Outwear,Outwear,outerwear,,,gray,black,,,all-season,AI-detected Outwear processed on 2025-11-08,gray-outwear-1762581095.png,public
Gray Outwear,Outwear,outerwear,,,gray,black,,,all-season,AI-detected Outwear processed on 2025-11-08,gray-outwear-1762581124.png,public
Gray Outwear,Outwear,outerwear,,,gray,black,,,all-season,AI-detected Outwear processed on 2025-11-08,gray-outwear-1762583546.png,public
Gray Outwear,Outwear,outerwear,,,gray,black,,,all-season,AI-detected Outwear processed on 2025-11-08,gray-outwear-1762595508.png,public
Gray Outwear,Outwear,outerwear,,,gray,black,,,all-season,AI-detected Outwear processed on 2025-11-08,gray-outwear-1762597849.png,public
Gray Outwear,Outwear,outerwear,,,gray,black|brown,,,all-season,AI-detected Outwear processed on 2025-11-08,gray-outwear-1762568862.png,public
Gray Outwear,Outwear,outerwear,,,gray,black|brown,,,all-season,AI-detected Outwear processed on 2025-11-08,gray-outwear-1762571205.png,public
Gray Outwear,Outwear,outerwear,,,gray,black|brown,,,all-season,AI-detected Outwear processed on 2025-11-08,gray-outwear-1762572943.png,public
Gray Outwear,Outwear,outerwear,,,gray,black|brown,,,all-season,AI-detected Outwear processed on 2025-11-08,gray-outwear-1762593420.png,public
Gray Outwear,Outwear,outerwear,,,gray,black|brown,,,all-season,AI-detected Outwear processed on 2025-11-08,gray-outwear-1762595855.png,public
Gray Outwear,Outwear,outerwear,,,gray,black|brown,,,all-season,AI-detected Outwear processed on 2025-11-08,gray-outwear-1762598145.png,public
Gray Outwear,Outwear,outerwear,,,gray,black|brown,,,all-season,AI-detected Outwear processed on 2025-11-08,gray-outwear-1762600238.png,public
Gray Outwear,Outwear,outerwear,,,gray,black|olive,,,all-season,AI-detected Outwear processed on 2025-11-08,gray-outwear-1762589450.png,public
Gray Outwear,Outwear,outerwear,,,gray,black|orange,,,all-season,AI-detected Outwear processed on 2025-11-08,gray-outwear-1762602038.png,public
Gray Outwear,Outwear,outerwear,,,gray,black|pink,,,all-season,AI-detected Outwear processed on 2025-11-08,gray-outwear-1762574668.png,public
Gray Outwear,Outwear,outerwear,,,gray,black|pink,,,all-season,AI-detected Outwear processed on 2025-11-08,gray-outwear-1762585253.png,public
Gray Outwear,Outwear,outerwear,,,gray,black|pink,,,all-season,AI-detected Outwear processed on 2025-11-08,gray-outwear-1762607073.png,public
Gray Outwear,Outwear,outerwear,,,gray,brown|black,,,all-season,AI-detected Outwear processed on 2025-11-08,gray-outwear-1762602135.png,public
Gray Pants,Pants,bottom,,,gray,beige|black,,,all-season,AI-detected Pants processed on 2025-11-08,gray-pants-1762575082.png,public
Gray Pants,Pants,bottom,,,gray,beige|black,,,all-season,AI-detected Pants processed on 2025-11-08,gray-pants-1762584370.png,public
Gray Pants,Pants,bottom,,,gray,beige|black,,,all-season,AI-detected Pants processed on 2025-11-08,gray-pants-1762591652.png,public
Gray Pants,Pants,bottom,,,gray,black,,,all-season,AI-detected Pants processed on 2025-11-08,gray-pants-1762568455.png,public
Gray Pants,Pants,bottom,,,gray,black,,,all-season,AI-detected Pants processed on 2025-11-08,gray-pants-1762569425.png,public
Gray Pants,Pants,bottom,,,gray,black,,,all-season,AI-detected Pants processed on 2025-11-08,gray-pants-1762571053.png,public
Gray Pants,Pants,bottom,,,gray,black,,,all-season,AI-detected Pants processed on 2025-11-08,gray-pants-1762571273.png,public
Gray Pants,Pants,bottom,,,gray,black,,,all-season,AI-detected Pants processed on 2025-11-08,gray-pants-1762571358.png,public
Gray Pants,Pants,bottom,,,gray,black,,,all-season,AI-detected Pants processed on 2025-11-08,gray-pants-1762571506.png,public
Gray Pants,Pants,bottom,,,gray,black,,,all-season,AI-detected Pants processed on 2025-11-08,gray-pants-1762573681.png,public
Gray Pants,Pants,bottom,,,gray,black,,,all-season,AI-detected Pants processed on 2025-11-08,gray-pants-1762577965.png,public
Gray Pants,Pants,bottom,,,gray,black,,,all-season,AI-detected Pants processed on 2025-11-08,gray-pants-1762580444.png,public
Gray Pants,Pants,bottom,,,gray,black,,,all-season,AI-detected Pants processed on 2025-11-08,gray-pants-1762581272.png,public
Gray Pants,Pants,bottom,,,gray,black,,,all-season,AI-detected Pants processed on 2025-11-08,gray-pants-1762581337.png,public
Gray Pants,Pants,bottom,,,gray,black,,,all-season,AI-detected Pants processed on 2025-11-08,gray-pants-1762581653.png,public
Gray Pants,Pants,bottom,,,gray,black,,,all-season,AI-detected Pants processed on 2025-11-08,gray-pants-1762581790.png,public
Gray Pants,Pants,bottom,,,gray,black,,,all-season,AI-detected Pants processed on 2025-11-08,gray-pants-1762585384.png,public
Gray Pants,Pants,bottom,,,gray,black,,,all-season,AI-detected Pants processed on 2025-11-08,gray-pants-1762586257.png,public
Gray Pants,Pants,bottom,,,gray,black,,,all-season,AI-detected Pants processed on 2025-11-08,gray-pants-1762587214.png,public
Gray Pants,Pants,bottom,,,gray,black,,,all-season,AI-detected Pants processed on 2025-11-08,gray-pants-1762588170.png,public
Gray Pants,Pants,bottom,,,gray,black,,,all-season,AI-detected Pants processed on 2025-11-08,gray-pants-1762588364.png,public
Gray Pants,Pants,bottom,,,gray,black,,,all-season,AI-detected Pants processed on 2025-11-08,gray-pants-1762589305.png,public
Gray Pants,Pants,bottom,,,gray,black,,,all-season,AI-detected Pants processed on 2025-11-08,gray-pants-1762591864.png,public
Gray Pants,Pants,bottom,,,gray,black,,,all-season,AI-detected Pants processed on 2025-11-08,gray-pants-1762593243.png,public
Gray Pants,Pants,bottom,,,gray,black,,,all-season,AI-detected Pants processed on 2025-11-08,gray-pants-1762595941.png,public
Gray Pants,Pants,bottom,,,gray,black,,,all-season,AI-detected Pants processed on 2025-11-08,gray-pants-1762596512.png,public
Gray Pants,Pants,bottom,,,gray,black,,,all-season,AI-detected Pants processed on 2025-11-08,gray-pants-1762599228.png,public
Gray Pants,Pants,bottom,,,gray,black,,,all-season,AI-detected Pants processed on 2025-11-08,gray-pants-1762602713.png,public
Gray Pants,Pants,bottom,,,gray,black,,,all-season,AI-detected Pants processed on 2025-11-08,gray-pants-1762603161.png,public
Gray Pants,Pants,bottom,,,gray,black,,,all-season,AI-detected Pants processed on 2025-11-08,gray-pants-1762606348.png,public
Gray Pants,Pants,bottom,,,gray,black,,,all-season,AI-detected Pants processed on 2025-11-08,gray-pants-1762607535.png,public
Gray Pants,Pants,bottom,,,gray,black|beige,,,all-season,AI-detected Pants processed on 2025-11-08,gray-pants-1762577950.png,public
Gray Pants,Pants,bottom,,,gray,black|beige,,,all-season,AI-detected Pants processed on 2025-11-08,gray-pants-1762598383.png,public
Gray Pants,Pants,bottom,,,gray,black|beige,,,all-season,AI-detected Pants processed on 2025-11-08,gray-pants-1762600568.png,public
Gray Pants,Pants,bottom,,,gray,black|beige,,,all-season,AI-detected Pants processed on 2025-11-08,gray-pants-1762604316.png,public
Gray Pants,Pants,bottom,,,gray,black|beige,,,all-season,AI-detected Pants processed on 2025-11-08,gray-pants-1762604620.png,public
Gray Pants,Pants,bottom,,,gray,black|beige,,,all-season,AI-detected Pants processed on 2025-11-08,gray-pants-1762605527.png,public
Gray Pants,Pants,bottom,,,gray,black|beige,,,all-season,AI-detected Pants processed on 2025-11-08,gray-pants-1762607193.png,public
Gray Pants,Pants,bottom,,,gray,black|brown,,,all-season,AI-detected Pants processed on 2025-11-08,gray-pants-1762570749.png,public
Gray Pants,Pants,bottom,,,gray,black|navy,,,all-season,AI-detected Pants processed on 2025-11-08,gray-pants-1762579207.png,public
Gray Pants,Pants,bottom,,,gray,black|navy,,,all-season,AI-detected Pants processed on 2025-11-08,gray-pants-1762586798.png,public
Gray Pants,Pants,bottom,,,gray,black|olive,,,all-season,AI-detected Pants processed on 2025-11-08,gray-pants-1762601657.png,public
Gray Pants,Pants,bottom,,,gray,black|pink,,,all-season,AI-detected Pants processed on 2025-11-08,gray-pants-1762569745.png,public
Gray Pants,Pants,bottom,,,gray,black|pink,,,all-season,AI-detected Pants processed on 2025-11-08,gray-pants-1762571155.png,public
Gray Pants,Pants,bottom,,,gray,black|pink,,,all-season,AI-detected Pants processed on 2025-11-08,gray-pants-1762575214.png,public
Gray Pants,Pants,bottom,,,gray,black|pink,,,all-season,AI-detected Pants processed on 2025-11-08,gray-pants-1762577540.png,public
Gray Pants,Pants,bottom,,,gray,black|pink,,,all-season,AI-detected Pants processed on 2025-11-08,gray-pants-1762588602.png,public
Gray Pants,Pants,bottom,,,gray,black|pink,,,all-season,AI-detected Pants processed on 2025-11-08,gray-pants-1762595294.png,public
Gray Pants,Pants,bottom,,,gray,black|pink,,,all-season,AI-detected Pants processed on 2025-11-08,gray-pants-1762605690.png,public
Gray Pants,Pants,bottom,,,gray,black|pink,,,all-season,AI-detected Pants processed on 2025-11-08,gray-pants-1762605714.png,public
Gray Pants,Pants,bottom,,,gray,black|pink,,,all-season,AI-detected Pants processed on 2025-11-08,gray-pants-1762607555.png,public
Gray Pants,Pants,bottom,,,gray,black|teal,,,all-season,AI-detected Pants processed on 2025-11-08,gray-pants-1762573338.png,public
Gray Pants,Pants,bottom,,,gray,black|teal,,,all-season,AI-detected Pants processed on 2025-11-08,gray-pants-1762578065.png,public
Gray Pants,Pants,bottom,,,gray,black|teal,,,all-season,AI-detected Pants processed on 2025-11-08,gray-pants-1762581315.png,public
Gray Pants,Pants,bottom,,,gray,black|teal,,,all-season,AI-detected Pants processed on 2025-11-08,gray-pants-1762588323.png,public
Gray Pants,Pants,bottom,,,gray,black|teal,,,all-season,AI-detected Pants processed on 2025-11-08,gray-pants-1762592539.png,public
Gray Pants,Pants,bottom,,,gray,black|teal,,,all-season,AI-detected Pants processed on 2025-11-08,gray-pants-1762606401.png,public
Gray Pants,Pants,bottom,,,gray,brown|black,,,all-season,AI-detected Pants processed on 2025-11-08,gray-pants-1762594902.png,public
Gray Pants,Pants,bottom,,,gray,navy|black,,,all-season,AI-detected Pants processed on 2025-11-08,gray-pants-1762573941.png,public
Gray Pants,Pants,bottom,,,gray,pink|black,,,all-season,AI-detected Pants processed on 2025-11-08,gray-pants-1762569682.png,public
Gray Pants,Pants,bottom,,,gray,pink|black,,,all-season,AI-detected Pants processed on 2025-11-08,gray-pants-1762570508.png,public
Gray Pants,Pants,bottom,,,gray,pink|black,,,all-season,AI-detected Pants processed on 2025-11-08,gray-pants-1762581515.png,public
Gray Pants,Pants,bottom,,,gray,pink|black,,,all-season,AI-detected Pants processed on 2025-11-08,gray-pants-1762584661.png,public
Gray Pants,Pants,bottom,,,gray,pink|black,,,all-season,AI-detected Pants processed on 2025-11-08,gray-pants-1762603792.png,public
Gray Pants,Pants,bottom,,,gray,pink|black,,,all-season,AI-detected Pants processed on 2025-11-08,gray-pants-1762604016.png,public
Gray Pants,Pants,bottom,,,gray,pink|black,,,all-season,AI-detected Pants processed on 2025-11-08,gray-pants-1762605645.png,public
Gray Pants,Pants,bottom,,,gray,teal|black,,,all-season,AI-detected Pants processed on 2025-11-08,gray-pants-1762572764.png,public
Gray Pants,Pants,bottom,,,gray,teal|black,,,all-season,AI-detected Pants processed on 2025-11-08,gray-pants-1762573706.png,public
Gray Pants,Pants,bottom,,,gray,teal|black,,,all-season,AI-detected Pants processed on 2025-11-08,gray-pants-1762579780.png,public
Gray Pants,Pants,bottom,,,gray,teal|black,,,all-season,AI-detected Pants processed on 2025-11-08,gray-pants-1762607077.png,public
Gray Polo,Polo,top,,,gray,black,,,all-season,AI-detected Polo processed on 2025-11-08,gray-polo-1762568812.png,public
Gray Polo,Polo,top,,,gray,black|beige,,,all-season,AI-detected Polo processed on 2025-11-08,gray-polo-1762581910.png,public
Gray Polo,Polo,top,,,gray,pink|black,,,all-season,AI-detected Polo processed on 2025-11-08,gray-polo-1762574156.png,public
Gray Shirt,Shirt,top,,,gray,beige|black,,,all-season,AI-detected Shirt processed on 2025-11-08,gray-shirt-1762583873.png,public
Gray Shirt,Shirt,top,,,gray,beige|black,,,all-season,AI-detected Shirt processed on 2025-11-08,gray-shirt-1762583931.png,public
Gray Shirt,Shirt,top,,,gray,beige|black,,,all-season,AI-detected Shirt processed on 2025-11-08,gray-shirt-1762589216.png,public
Gray Shirt,Shirt,top,,,gray,beige|black,,,all-season,AI-detected Shirt processed on 2025-11-08,gray-shirt-1762603995.png,public
Gray Shirt,Shirt,top,,,gray,black,,,all-season,AI-detected Shirt processed on 2025-11-08,gray-shirt-1762568957.png,public
Gray Shirt,Shirt,top,,,gray,black,,,all-season,AI-detected Shirt processed on 2025-11-08,gray-shirt-1762570330.png,public
Gray Shirt,Shirt,top,,,gray,black,,,all-season,AI-detected Shirt processed on 2025-11-08,gray-shirt-1762571353.png,public
Gray Shirt,Shirt,top,,,gray,black,,,all-season,AI-detected Shirt processed on 2025-11-08,gray-shirt-1762573454.png,public
Gray Shirt,Shirt,top,,,gray,black,,,all-season,AI-detected Shirt processed on 2025-11-08,gray-shirt-1762573870.png,public
Gray Shirt,Shirt,top,,,gray,black,,,all-season,AI-detected Shirt processed on 2025-11-08,gray-shirt-1762574601.png,public
Gray Shirt,Shirt,top,,,gray,black,,,all-season,AI-detected Shirt processed on 2025-11-08,gray-shirt-1762574770.png,public
Gray Shirt,Shirt,top,,,gray,black,,,all-season,AI-detected Shirt processed on 2025-11-08,gray-shirt-1762576456.png,public
Gray Shirt,Shirt,top,,,gray,black,,,all-season,AI-detected Shirt processed on 2025-11-08,gray-shirt-1762579139.png,public
Gray Shirt,Shirt,top,,,gray,black,,,all-season,AI-detected Shirt processed on 2025-11-08,gray-shirt-1762580800.png,public
Gray Shirt,Shirt,top,,,gray,black,,,all-season,AI-detected Shirt processed on 2025-11-08,gray-shirt-1762583000.png,public
Gray Shirt,Shirt,top,,,gray,black,,,all-season,AI-detected Shirt processed on 2025-11-08,gray-shirt-1762584974.png,public
Gray Shirt,Shirt,top,,,gray,black,,,all-season,AI-detected Shirt processed on 2025-11-08,gray-shirt-1762585819.png,public
Gray Shirt,Shirt,top,,,gray,black,,,all-season,AI-detected Shirt processed on 2025-11-08,gray-shirt-1762586002.png,public
Gray Shirt,Shirt,top,,,gray,black,,,all-season,AI-detected Shirt processed on 2025-11-08,gray-shirt-1762586343.png,public
Gray Shirt,Shirt,top,,,gray,black,,,all-season,AI-detected Shirt processed on 2025-11-08,gray-shirt-1762586450.png,public
Gray Shirt,Shirt,top,,,gray,black,,,all-season,AI-detected Shirt processed on 2025-11-08,gray-shirt-1762588891.png,public
Gray Shirt,Shirt,top,,,gray,black,,,all-season,AI-detected Shirt processed on 2025-11-08,gray-shirt-1762594444.png,public
Gray Shirt,Shirt,top,,,gray,black,,,all-season,AI-detected Shirt processed on 2025-11-08,gray-shirt-1762594686.png,public
Gray Shirt,Shirt,top,,,gray,black,,,all-season,AI-detected Shirt processed on 2025-11-08,gray-shirt-1762594795.png,public
Gray Shirt,Shirt,top,,,gray,black,,,all-season,AI-detected Shirt processed on 2025-11-08,gray-shirt-1762595246.png,public
Gray Shirt,Shirt,top,,,gray,black,,,all-season,AI-detected Shirt processed on 2025-11-08,gray-shirt-1762595515.png,public
Gray Shirt,Shirt,top,,,gray,black,,,all-season,AI-detected Shirt processed on 2025-11-08,gray-shirt-1762597996.png,public
Gray Shirt,Shirt,top,,,gray,black,,,all-season,AI-detected Shirt processed on 2025-11-08,gray-shirt-1762598201.png,public
Gray Shirt,Shirt,top,,,gray,black,,,all-season,AI-detected Shirt processed on 2025-11-08,gray-shirt-1762600037.png,public
Gray Shirt,Shirt,top,,,gray,black,,,all-season,AI-detected Shirt processed on 2025-11-08,gray-shirt-1762602466.png,public
Gray Shirt,Shirt,top,,,gray,black,,,all-season,AI-detected Shirt processed on 2025-11-08,gray-shirt-1762604563.png,public
Gray Shirt,Shirt,top,,,gray,black,,,all-season,AI-detected Shirt processed on 2025-11-08,gray-shirt-1762604581.png,public
Gray Shirt,Shirt,top,,,gray,black,,,all-season,AI-detected Shirt processed on 2025-11-08,gray-shirt-1762605400.png,public
Gray Shirt,Shirt,top,,,gray,black,,,all-season,AI-detected Shirt processed on 2025-11-08,gray-shirt-1762606025.png,public
Gray Shirt,Shirt,top,,,gray,black|beige,,,all-season,AI-detected Shirt processed on 2025-11-08,gray-shirt-1762593580.png,public
Gray Shirt,Shirt,top,,,gray,black|beige,,,all-season,AI-detected Shirt processed on 2025-11-08,gray-shirt-1762606624.png,public
Gray Shirt,Shirt,top,,,gray,black|brown,,,all-season,AI-detected Shirt processed on 2025-11-08,gray-shirt-1762570866.png,public
Gray Shirt,Shirt,top,,,gray,black|maroon,,,all-season,AI-detected Shirt processed on 2025-11-08,gray-shirt-1762569735.png,public
Gray Shirt,Shirt,top,,,gray,black|navy,,,all-season,AI-detected Shirt processed on 2025-11-08,gray-shirt-1762585926.png,public
Gray Shirt,Shirt,top,,,gray,black|pink,,,all-season,AI-detected Shirt processed on 2025-11-08,gray-shirt-1762571849.png,public
Gray Shirt,Shirt,top,,,gray,black|pink,,,all-season,AI-detected Shirt processed on 2025-11-08,gray-shirt-1762572674.png,public
Gray Shirt,Shirt,top,,,gray,black|pink,,,all-season,AI-detected Shirt processed on 2025-11-08,gray-shirt-1762574460.png,public
Gray Shirt,Shirt,top,,,gray,black|pink,,,all-season,AI-detected Shirt processed on 2025-11-08,gray-shirt-1762577204.png,public
Gray Shirt,Shirt,top,,,gray,black|pink,,,all-season,AI-detected Shirt processed on 2025-11-08,gray-shirt-1762585193.png,public
Gray Shirt,Shirt,top,,,gray,black|pink,,,all-season,AI-detected Shirt processed on 2025-11-08,gray-shirt-1762586067.png,public
Gray Shirt,Shirt,top,,,gray,black|pink,,,all-season,AI-detected Shirt processed on 2025-11-08,gray-shirt-1762586489.png,public
Gray Shirt,Shirt,top,,,gray,black|pink,,,all-season,AI-detected Shirt processed on 2025-11-08,gray-shirt-1762587857.png,public
Gray Shirt,Shirt,top,,,gray,black|pink,,,all-season,AI-detected Shirt processed on 2025-11-08,gray-shirt-1762589424.png,public
Gray Shirt,Shirt,top,,,gray,black|pink,,,all-season,AI-detected Shirt processed on 2025-11-08,gray-shirt-1762591955.png,public
Gray Shirt,Shirt,top,,,gray,black|pink,,,all-season,AI-detected Shirt processed on 2025-11-08,gray-shirt-1762594991.png,public
Gray Shirt,Shirt,top,,,gray,black|pink,,,all-season,AI-detected Shirt processed on 2025-11-08,gray-shirt-1762595201.png,public
Gray Shirt,Shirt,top,,,gray,black|pink,,,all-season,AI-detected Shirt processed on 2025-11-08,gray-shirt-1762595547.png,public
Gray Shirt,Shirt,top,,,gray,black|pink,,,all-season,AI-detected Shirt processed on 2025-11-08,gray-shirt-1762596773.png,public
Gray Shirt,Shirt,top,,,gray,black|pink,,,all-season,AI-detected Shirt processed on 2025-11-08,gray-shirt-1762598799.png,public
Gray Shirt,Shirt,top,,,gray,black|pink,,,all-season,AI-detected Shirt processed on 2025-11-08,gray-shirt-1762599693.png,public
Gray Shirt,Shirt,top,,,gray,black|teal,,,all-season,AI-detected Shirt processed on 2025-11-08,gray-shirt-1762584693.png,public
Gray Shirt,Shirt,top,,,gray,black|teal,,,all-season,AI-detected Shirt processed on 2025-11-08,gray-shirt-1762600409.png,public
Gray Shirt,Shirt,top,,,gray,brown|black,,,all-season,AI-detected Shirt processed on 2025-11-08,gray-shirt-1762582823.png,public
Gray Shirt,Shirt,top,,,gray,brown|black,,,all-season,AI-detected Shirt processed on 2025-11-08,gray-shirt-1762606069.png,public
Gray Shirt,Shirt,top,,,gray,maroon|black,,,all-season,AI-detected Shirt processed on 2025-11-08,gray-shirt-1762572248.png,public
Gray Shirt,Shirt,top,,,gray,maroon|black,,,all-season,AI-detected Shirt processed on 2025-11-08,gray-shirt-1762575446.png,public
Gray Shirt,Shirt,top,,,gray,navy|black,,,all-season,AI-detected Shirt processed on 2025-11-08,gray-shirt-1762604667.png,public
Gray Shirt,Shirt,top,,,gray,pink|black,,,all-season,AI-detected Shirt processed on 2025-11-08,gray-shirt-1762573617.png,public
Gray Shirt,Shirt,top,,,gray,pink|black,,,all-season,AI-detected Shirt processed on 2025-11-08,gray-shirt-1762575441.png,public
Gray Shirt,Shirt,top,,,gray,pink|black,,,all-season,AI-detected Shirt processed on 2025-11-08,gray-shirt-1762581936.png,public
Gray Shirt,Shirt,top,,,gray,pink|black,,,all-season,AI-detected Shirt processed on 2025-11-08,gray-shirt-1762583854.png,public
Gray Shirt,Shirt,top,,,gray,pink|black,,,all-season,AI-detected Shirt processed on 2025-11-08,gray-shirt-1762584020.png,public
Gray Shirt,Shirt,top,,,gray,pink|black,,,all-season,AI-detected Shirt processed on 2025-11-08,gray-shirt-1762584303.png,public
Gray Shirt,Shirt,top,,,gray,pink|black,,,all-season,AI-detected Shirt processed on 2025-11-08,gray-shirt-1762591145.png,public
Gray Shirt,Shirt,top,,,gray,pink|black,,,all-season,AI-detected Shirt processed on 2025-11-08,gray-shirt-1762591690.png,public
Gray Shirt,Shirt,top,,,gray,pink|black,,,all-season,AI-detected Shirt processed on 2025-11-08,gray-shirt-1762595381.png,public
Gray Shirt,Shirt,top,,,gray,pink|navy,,,all-season,AI-detected Shirt processed on 2025-11-08,gray-shirt-1762575026.png,public
Gray Shirt,Shirt,top,,,gray,purple|black,,,all-season,AI-detected Shirt processed on 2025-11-08,gray-shirt-1762599889.png,public
Gray Shirt,Shirt,top,,,gray,teal|black,,,all-season,AI-detected Shirt processed on 2025-11-08,gray-shirt-1762569971.png,public
Gray Shirt,Shirt,top,,,gray,teal|black,,,all-season,AI-detected Shirt processed on 2025-11-08,gray-shirt-1762606675.png,public
Gray Shirt,Shirt,top,,,gray,teal|black,,,all-season,AI-detected Shirt processed on 2025-11-08,gray-shirt-1762607120.png,public
Gray Shirt,Shirt,top,,,gray,teal|black,,,all-season,AI-detected Shirt processed on 2025-11-08,gray-shirt-1762607392.png,public
Gray Shoes,Shoes,shoes,,,gray,beige|black,,,all-season,AI-detected Shoes processed on 2025-11-08,gray-shoes-1762572373.png,public
Gray Shoes,Shoes,shoes,,,gray,beige|black,,,all-season,AI-detected Shoes processed on 2025-11-08,gray-shoes-1762587566.png,public
Gray Shoes,Shoes,shoes,,,gray,beige|black,,,all-season,AI-detected Shoes processed on 2025-11-08,gray-shoes-1762593098.png,public
Gray Shoes,Shoes,shoes,,,gray,beige|black,,,all-season,AI-detected Shoes processed on 2025-11-08,gray-shoes-1762599154.png,public
Gray Shoes,Shoes,shoes,,,gray,beige|black,,,all-season,AI-detected Shoes processed on 2025-11-08,gray-shoes-1762603346.png,public
Gray Shoes,Shoes,shoes,,,gray,beige|black,,,all-season,AI-detected Shoes processed on 2025-11-08,gray-shoes-1762604528.png,public
Gray Shoes,Shoes,shoes,,,gray,beige|black,,,all-season,AI-detected Shoes processed on 2025-11-08,gray-shoes-1762606509.png,public
Gray Shoes,Shoes,shoes,,,gray,beige|black,,,all-season,AI-detected Shoes processed on 2025-11-08,gray-shoes-1762607284.png,public
Gray Shoes,Shoes,shoes,,,gray,black,,,all-season,AI-detected Shoes processed on 2025-11-08,gray-shoes-1762569301.png,public
Gray Shoes,Shoes,shoes,,,gray,black,,,all-season,AI-detected Shoes processed on 2025-11-08,gray-shoes-1762569893.png,public
Gray Shoes,Shoes,shoes,,,gray,black,,,all-season,AI-detected Shoes processed on 2025-11-08,gray-shoes-1762570370.png,public
Gray Shoes,Shoes,shoes,,,gray,black,,,all-season,AI-detected Shoes processed on 2025-11-08,gray-shoes-1762570465.png,public
Gray Shoes,Shoes,shoes,,,gray,black,,,all-season,AI-detected Shoes processed on 2025-11-08,gray-shoes-1762570612.png,public
Gray Shoes,Shoes,shoes,,,gray,black,,,all-season,AI-detected Shoes processed on 2025-11-08,gray-shoes-1762570637.png,public
Gray Shoes,Shoes,shoes,,,gray,black,,,all-season,AI-detected Shoes processed on 2025-11-08,gray-shoes-1762571126.png,public
Gray Shoes,Shoes,shoes,,,gray,black,,,all-season,AI-detected Shoes processed on 2025-11-08,gray-shoes-1762572907.png,public
Gray Shoes,Shoes,shoes,,,gray,black,,,all-season,AI-detected Shoes processed on 2025-11-08,gray-shoes-1762573296.png,public
Gray Shoes,Shoes,shoes,,,gray,black,,,all-season,AI-detected Shoes processed on 2025-11-08,gray-shoes-1762573881.png,public
Gray Shoes,Shoes,shoes,,,gray,black,,,all-season,AI-detected Shoes processed on 2025-11-08,gray-shoes-1762574295.png,public
Gray Shoes,Shoes,shoes,,,gray,black,,,all-season,AI-detected Shoes processed on 2025-11-08,gray-shoes-1762574442.png,public
Gray Shoes,Shoes,shoes,,,gray,black,,,all-season,AI-detected Shoes processed on 2025-11-08,gray-shoes-1762574609.png,public
Gray Shoes,Shoes,shoes,,,gray,black,,,all-season,AI-detected Shoes processed on 2025-11-08,gray-shoes-1762575112.png,public
Gray Shoes,Shoes,shoes,,,gray,black,,,all-season,AI-detected Shoes processed on 2025-11-08,gray-shoes-1762575298.png,public
Gray Shoes,Shoes,shoes,,,gray,black,,,all-season,AI-detected Shoes processed on 2025-11-08,gray-shoes-1762575970.png,public
Gray Shoes,Shoes,shoes,,,gray,black,,,all-season,AI-detected Shoes processed on 2025-11-08,gray-shoes-1762576130.png,public
Gray Shoes,Shoes,shoes,,,gray,black,,,all-season,AI-detected Shoes processed on 2025-11-08,gray-shoes-1762577978.png,public
Gray Shoes,Shoes,shoes,,,gray,black,,,all-season,AI-detected Shoes processed on 2025-11-08,gray-shoes-1762578683.png,public
Gray Shoes,Shoes,shoes,,,gray,black,,,all-season,AI-detected Shoes processed on 2025-11-08,gray-shoes-1762578792.png,public
Gray Shoes,Shoes,shoes,,,gray,black,,,all-season,AI-detected Shoes processed on 2025-11-08,gray-shoes-1762579776.png,public
Gray Shoes,Shoes,shoes,,,gray,black,,,all-season,AI-detected Shoes processed on 2025-11-08,gray-shoes-1762580518.png,public
Gray Shoes,Shoes,shoes,,,gray,black,,,all-season,AI-detected Shoes processed on 2025-11-08,gray-shoes-1762580820.png,public
Gray Shoes,Shoes,shoes,,,gray,black,,,all-season,AI-detected Shoes processed on 2025-11-08,gray-shoes-1762581754.png,public
Gray Shoes,Shoes,shoes,,,gray,black,,,all-season,AI-detected Shoes processed on 2025-11-08,gray-shoes-1762582687.png,public
Gray Shoes,Shoes,shoes,,,gray,black,,,all-season,AI-detected Shoes processed on 2025-11-08,gray-shoes-1762584112.png,public
Gray Shoes,Shoes,shoes,,,gray,black,,,all-season,AI-detected Shoes processed on 2025-11-08,gray-shoes-1762584469.png,public
Gray Shoes,Shoes,shoes,,,gray,black,,,all-season,AI-detected Shoes processed on 2025-11-08,gray-shoes-1762585350.png,public
Gray Shoes,Shoes,shoes,,,gray,black,,,all-season,AI-detected Shoes processed on 2025-11-08,gray-shoes-1762586248.png,public
Gray Shoes,Shoes,shoes,,,gray,black,,,all-season,AI-detected Shoes processed on 2025-11-08,gray-shoes-1762586294.png,public
Gray Shoes,Shoes,shoes,,,gray,black,,,all-season,AI-detected Shoes processed on 2025-11-08,gray-shoes-1762587667.png,public
Gray Shoes,Shoes,shoes,,,gray,black,,,all-season,AI-detected Shoes processed on 2025-11-08,gray-shoes-1762588257.png,public
Gray Shoes,Shoes,shoes,,,gray,black,,,all-season,AI-detected Shoes processed on 2025-11-08,gray-shoes-1762589818.png,public
Gray Shoes,Shoes,shoes,,,gray,black,,,all-season,AI-detected Shoes processed on 2025-11-08,gray-shoes-1762590504.png,public
Gray Shoes,Shoes,shoes,,,gray,black,,,all-season,AI-detected Shoes processed on 2025-11-08,gray-shoes-1762590547.png,public
Gray Shoes,Shoes,shoes,,,gray,black,,,all-season,AI-detected Shoes processed on 2025-11-08,gray-shoes-1762590794.png,public
Gray Shoes,Shoes,shoes,,,gray,black,,,all-season,AI-detected Shoes processed on 2025-11-08,gray-shoes-1762591451.png,public
Gray Shoes,Shoes,shoes,,,gray,black,,,all-season,AI-detected Shoes processed on 2025-11-08,gray-shoes-1762592924.png,public
Gray Shoes,Shoes,shoes,,,gray,black,,,all-season,AI-detected Shoes processed on 2025-11-08,gray-shoes-1762593596.png,public
Gray Shoes,Shoes,shoes,,,gray,black,,,all-season,AI-detected Shoes processed on 2025-11-08,gray-shoes-1762593701.png,public
Gray Shoes,Shoes,shoes,,,gray,black,,,all-season,AI-detected Shoes processed on 2025-11-08,gray-shoes-1762594909.png,public
Gray Shoes,Shoes,shoes,,,gray,black,,,all-season,AI-detected Shoes processed on 2025-11-08,gray-shoes-1762594946.png,public
Gray Shoes,Shoes,shoes,,,gray,black,,,all-season,AI-detected Shoes processed on 2025-11-08,gray-shoes-1762595105.png,public
Gray Shoes,Shoes,shoes,,,gray,black,,,all-season,AI-detected Shoes processed on 2025-11-08,gray-shoes-1762595511.png,public
Gray Shoes,Shoes,shoes,,,gray,black,,,all-season,AI-detected Shoes processed on 2025-11-08,gray-shoes-1762596323.png,public
Gray Shoes,Shoes,shoes,,,gray,black,,,all-season,AI-detected Shoes processed on 2025-11-08,gray-shoes-1762596516.png,public
Gray Shoes,Shoes,shoes,,,gray,black,,,all-season,AI-detected Shoes processed on 2025-11-08,gray-shoes-1762596855.png,public
Gray Shoes,Shoes,shoes,,,gray,black,,,all-season,AI-detected Shoes processed on 2025-11-08,gray-shoes-1762596910.png,public
Gray Shoes,Shoes,shoes,,,gray,black,,,all-season,AI-detected Shoes processed on 2025-11-08,gray-shoes-1762598121.png,public
Gray Shoes,Shoes,shoes,,,gray,black,,,all-season,AI-detected Shoes processed on 2025-11-08,gray-shoes-1762598163.png,public
Gray Shoes,Shoes,shoes,,,gray,black,,,all-season,AI-detected Shoes processed on 2025-11-08,gray-shoes-1762600456.png,public
Gray Shoes,Shoes,shoes,,,gray,black,,,all-season,AI-detected Shoes processed on 2025-11-08,gray-shoes-1762601237.png,public
Gray Shoes,Shoes,shoes,,,gray,black,,,all-season,AI-detected Shoes processed on 2025-11-08,gray-shoes-1762601651.png,public
Gray Shoes,Shoes,shoes,,,gray,black,,,all-season,AI-detected Shoes processed on 2025-11-08,gray-shoes-1762602053.png,public
Gray Shoes,Shoes,shoes,,,gray,black,,,all-season,AI-detected Shoes processed on 2025-11-08,gray-shoes-1762602688.png,public
Gray Shoes,Shoes,shoes,,,gray,black,,,all-season,AI-detected Shoes processed on 2025-11-08,gray-shoes-1762603141.png,public
Gray Shoes,Shoes,shoes,,,gray,black,,,all-season,AI-detected Shoes processed on 2025-11-08,gray-shoes-1762603643.png,public
Gray Shoes,Shoes,shoes,,,gray,black,,,all-season,AI-detected Shoes processed on 2025-11-08,gray-shoes-1762603970.png,public
Gray Shoes,Shoes,shoes,,,gray,black,,,all-season,AI-detected Shoes processed on 2025-11-08,gray-shoes-1762605976.png,public
Gray Shoes,Shoes,shoes,,,gray,black,,,all-season,AI-detected Shoes processed on 2025-11-08,gray-shoes-1762606854.png,public
Gray Shoes,Shoes,shoes,,,gray,black|beige,,,all-season,AI-detected Shoes processed on 2025-11-08,gray-shoes-1762572343.png,public
Gray Shoes,Shoes,shoes,,,gray,black|beige,,,all-season,AI-detected Shoes processed on 2025-11-08,gray-shoes-1762573550.png,public
Gray Shoes,Shoes,shoes,,,gray,black|beige,,,all-season,AI-detected Shoes processed on 2025-11-08,gray-shoes-1762574116.png,public
Gray Shoes,Shoes,shoes,,,gray,black|beige,,,all-season,AI-detected Shoes processed on 2025-11-08,gray-shoes-1762574551.png,public
Gray Shoes,Shoes,shoes,,,gray,black|beige,,,all-season,AI-detected Shoes processed on 2025-11-08,gray-shoes-1762577778.png,public
Gray Shoes,Shoes,shoes,,,gray,black|beige,,,all-season,AI-detected Shoes processed on 2025-11-08,gray-shoes-1762580316.png,public
Gray Shoes,Shoes,shoes,,,gray,black|beige,,,all-season,AI-detected Shoes processed on 2025-11-08,gray-shoes-1762580349.png,public
Gray Shoes,Shoes,shoes,,,gray,black|beige,,,all-season,AI-detected Shoes processed on 2025-11-08,gray-shoes-1762587993.png,public
Gray Shoes,Shoes,shoes,,,gray,black|beige,,,all-season,AI-detected Shoes processed on 2025-11-08,gray-shoes-1762588205.png,public
Gray Shoes,Shoes,shoes,,,gray,black|beige,,,all-season,AI-detected Shoes processed on 2025-11-08,gray-shoes-1762589969.png,public
Gray Shoes,Shoes,shoes,,,gray,black|beige,,,all-season,AI-detected Shoes processed on 2025-11-08,gray-shoes-1762591127.png,public
Gray Shoes,Shoes,shoes,,,gray,black|beige,,,all-season,AI-detected Shoes processed on 2025-11-08,gray-shoes-1762594215.png,public
Gray Shoes,Shoes,shoes,,,gray,black|beige,,,all-season,AI-detected Shoes processed on 2025-11-08,gray-shoes-1762599495.png,public
Gray Shoes,Shoes,shoes,,,gray,black|beige,,,all-season,AI-detected Shoes processed on 2025-11-08,gray-shoes-1762603109.png,public
Gray Shoes,Shoes,shoes,,,gray,black|beige,,,all-season,AI-detected Shoes processed on 2025-11-08,gray-shoes-1762604913.png,public
Gray Shoes,Shoes,shoes,,,gray,black|beige,,,all-season,AI-detected Shoes processed on 2025-11-08,gray-shoes-1762606610.png,public
Gray Shoes,Shoes,shoes,,,gray,black|beige,,,all-season,AI-detected Shoes processed on 2025-11-08,gray-shoes-1762607065.png,public
Gray Shoes,Shoes,shoes,,,gray,black|beige,,,all-season,AI-detected Shoes processed on 2025-11-08,gray-shoes-1762607471.png,public
Gray Shoes,Shoes,shoes,,,gray,black|brown,,,all-season,AI-detected Shoes processed on 2025-11-08,gray-shoes-1762569851.png,public
Gray Shoes,Shoes,shoes,,,gray,black|brown,,,all-season,AI-detected Shoes processed on 2025-11-08,gray-shoes-1762570189.png,public
Gray Shoes,Shoes,shoes,,,gray,black|brown,,,all-season,AI-detected Shoes processed on 2025-11-08,gray-shoes-1762570567.png,public
Gray Shoes,Shoes,shoes,,,gray,black|brown,,,all-season,AI-detected Shoes processed on 2025-11-08,gray-shoes-1762571886.png,public
Gray Shoes,Shoes,shoes,,,gray,black|brown,,,all-season,AI-detected Shoes processed on 2025-11-08,gray-shoes-1762571910.png,public
Gray Shoes,Shoes,shoes,,,gray,black|brown,,,all-season,AI-detected Shoes processed on 2025-11-08,gray-shoes-1762572784.png,public
Gray Shoes,Shoes,shoes,,,gray,black|brown,,,all-season,AI-detected Shoes processed on 2025-11-08,gray-shoes-1762575011.png,public
Gray Shoes,Shoes,shoes,,,gray,black|brown,,,all-season,AI-detected Shoes processed on 2025-11-08,gray-shoes-1762579747.png,public
Gray Shoes,Shoes,shoes,,,gray,black|brown,,,all-season,AI-detected Shoes processed on 2025-11-08,gray-shoes-1762580536.png,public
Gray Shoes,Shoes,shoes,,,gray,black|brown,,,all-season,AI-detected Shoes processed on 2025-11-08,gray-shoes-1762581493.png,public
Gray Shoes,Shoes,shoes,,,gray,black|brown,,,all-season,AI-detected Shoes processed on 2025-11-08,gray-shoes-1762583123.png,public
Gray Shoes,Shoes,shoes,,,gray,black|brown,,,all-season,AI-detected Shoes processed on 2025-11-08,gray-shoes-1762584044.png,public
Gray Shoes,Shoes,shoes,,,gray,black|brown,,,all-season,AI-detected Shoes processed on 2025-11-08,gray-shoes-1762586140.png,public
Gray Shoes,Shoes,shoes,,,gray,black|brown,,,all-season,AI-detected Shoes processed on 2025-11-08,gray-shoes-1762586244.png,public
Gray Shoes,Shoes,shoes,,,gray,black|brown,,,all-season,AI-detected Shoes processed on 2025-11-08,gray-shoes-1762593617.png,public
Gray Shoes,Shoes,shoes,,,gray,black|brown,,,all-season,AI-detected Shoes processed on 2025-11-08,gray-shoes-1762597227.png,public
Gray Shoes,Shoes,shoes,,,gray,black|brown,,,all-season,AI-detected Shoes processed on 2025-11-08,gray-shoes-1762597794.png,public
Gray Shoes,Shoes,shoes,,,gray,black|brown,,,all-season,AI-detected Shoes processed on 2025-11-08,gray-shoes-1762600034.png,public
Gray Shoes,Shoes,shoes,,,gray,black|brown,,,all-season,AI-detected Shoes processed on 2025-11-08,gray-shoes-1762600045.png,public
Gray Shoes,Shoes,shoes,,,gray,black|brown,,,all-season,AI-detected Shoes processed on 2025-11-08,gray-shoes-1762603417.png,public
Gray Shoes,Shoes,shoes,,,gray,black|brown,,,all-season,AI-detected Shoes processed on 2025-11-08,gray-shoes-1762605871.png,public
Gray Shoes,Shoes,shoes,,,gray,black|brown,,,all-season,AI-detected Shoes processed on 2025-11-08,gray-shoes-1762607683.png,public
Gray Shoes,Shoes,shoes,,,gray,black|maroon,,,all-season,AI-detected Shoes processed on 2025-11-08,gray-shoes-1762582269.png,public
Gray Shoes,Shoes,shoes,,,gray,black|maroon,,,all-season,AI-detected Shoes processed on 2025-11-08,gray-shoes-1762605601.png,public
Gray Shoes,Shoes,shoes,,,gray,black|olive,,,all-season,AI-detected Shoes processed on 2025-11-08,gray-shoes-1762601860.png,public
Gray Shoes,Shoes,shoes,,,gray,black|pink,,,all-season,AI-detected Shoes processed on 2025-11-08,gray-shoes-1762569331.png,public
Gray Shoes,Shoes,shoes,,,gray,black|pink,,,all-season,AI-detected Shoes processed on 2025-11-08,gray-shoes-1762569625.png,public
Gray Shoes,Shoes,shoes,,,gray,black|pink,,,all-season,AI-detected Shoes processed on 2025-11-08,gray-shoes-1762570541.png,public
Gray Shoes,Shoes,shoes,,,gray,black|pink,,,all-season,AI-detected Shoes processed on 2025-11-08,gray-shoes-1762570859.png,public
Gray Shoes,Shoes,shoes,,,gray,black|pink,,,all-season,AI-detected Shoes processed on 2025-11-08,gray-shoes-1762571331.png,public
Gray Shoes,Shoes,shoes,,,gray,black|pink,,,all-season,AI-detected Shoes processed on 2025-11-08,gray-shoes-1762571438.png,public
Gray Shoes,Shoes,shoes,,,gray,black|pink,,,all-season,AI-detected Shoes processed on 2025-11-08,gray-shoes-1762571942.png,public
Gray Shoes,Shoes,shoes,,,gray,black|pink,,,all-season,AI-detected Shoes processed on 2025-11-08,gray-shoes-1762573081.png,public
Gray Shoes,Shoes,shoes,,,gray,black|pink,,,all-season,AI-detected Shoes processed on 2025-11-08,gray-shoes-1762573529.png,public
Gray Shoes,Shoes,shoes,,,gray,black|pink,,,all-season,AI-detected Shoes processed on 2025-11-08,gray-shoes-1762574302.png,public
Gray Shoes,Shoes,shoes,,,gray,black|pink,,,all-season,AI-detected Shoes processed on 2025-11-08,gray-shoes-1762575783.png,public
Gray Shoes,Shoes,shoes,,,gray,black|pink,,,all-season,AI-detected Shoes processed on 2025-11-08,gray-shoes-1762577209.png,public
Gray Shoes,Shoes,shoes,,,gray,black|pink,,,all-season,AI-detected Shoes processed on 2025-11-08,gray-shoes-1762580476.png,public
Gray Shoes,Shoes,shoes,,,gray,black|pink,,,all-season,AI-detected Shoes processed on 2025-11-08,gray-shoes-1762580913.png,public
Gray Shoes,Shoes,shoes,,,gray,black|pink,,,all-season,AI-detected Shoes processed on 2025-11-08,gray-shoes-1762580938.png,public
Gray Shoes,Shoes,shoes,,,gray,black|pink,,,all-season,AI-detected Shoes processed on 2025-11-08,gray-shoes-1762581034.png,public
Gray Shoes,Shoes,shoes,,,gray,black|pink,,,all-season,AI-detected Shoes processed on 2025-11-08,gray-shoes-1762582719.png,public
Gray Shoes,Shoes,shoes,,,gray,black|pink,,,all-season,AI-detected Shoes processed on 2025-11-08,gray-shoes-1762583783.png,public
Gray Shoes,Shoes,shoes,,,gray,black|pink,,,all-season,AI-detected Shoes processed on 2025-11-08,gray-shoes-1762584896.png,public
Gray Shoes,Shoes,shoes,,,gray,black|pink,,,all-season,AI-detected Shoes processed on 2025-11-08,gray-shoes-1762585078.png,public
Gray Shoes,Shoes,shoes,,,gray,black|pink,,,all-season,AI-detected Shoes processed on 2025-11-08,gray-shoes-1762585123.png,public
Gray Shoes,Shoes,shoes,,,gray,black|pink,,,all-season,AI-detected Shoes processed on 2025-11-08,gray-shoes-1762585209.png,public
Gray Shoes,Shoes,shoes,,,gray,black|pink,,,all-season,AI-detected Shoes processed on 2025-11-08,gray-shoes-1762585224.png,public
Gray Shoes,Shoes,shoes,,,gray,black|pink,,,all-season,AI-detected Shoes processed on 2025-11-08,gray-shoes-1762586387.png,public
Gray Shoes,Shoes,shoes,,,gray,black|pink,,,all-season,AI-detected Shoes processed on 2025-11-08,gray-shoes-1762587702.png,public
Gray Shoes,Shoes,shoes,,,gray,black|pink,,,all-season,AI-detected Shoes processed on 2025-11-08,gray-shoes-1762588502.png,public
Gray Shoes,Shoes,shoes,,,gray,black|pink,,,all-season,AI-detected Shoes processed on 2025-11-08,gray-shoes-1762589283.png,public
Gray Shoes,Shoes,shoes,,,gray,black|pink,,,all-season,AI-detected Shoes processed on 2025-11-08,gray-shoes-1762589507.png,public
Gray Shoes,Shoes,shoes,,,gray,black|pink,,,all-season,AI-detected Shoes processed on 2025-11-08,gray-shoes-1762589617.png,public
Gray Shoes,Shoes,shoes,,,gray,black|pink,,,all-season,AI-detected Shoes processed on 2025-11-08,gray-shoes-1762589823.png,public
Gray Shoes,Shoes,shoes,,,gray,black|pink,,,all-season,AI-detected Shoes processed on 2025-11-08,gray-shoes-1762590251.png,public
Gray Shoes,Shoes,shoes,,,gray,black|pink,,,all-season,AI-detected Shoes processed on 2025-11-08,gray-shoes-1762590950.png,public
Gray Shoes,Shoes,shoes,,,gray,black|pink,,,all-season,AI-detected Shoes processed on 2025-11-08,gray-shoes-1762591261.png,public
Gray Shoes,Shoes,shoes,,,gray,black|pink,,,all-season,AI-detected Shoes processed on 2025-11-08,gray-shoes-1762594072.png,public
Gray Shoes,Shoes,shoes,,,gray,black|pink,,,all-season,AI-detected Shoes processed on 2025-11-08,gray-shoes-1762594268.png,public
Gray Shoes,Shoes,shoes,,,gray,black|pink,,,all-season,AI-detected Shoes processed on 2025-11-08,gray-shoes-1762594866.png,public
Gray Shoes,Shoes,shoes,,,gray,black|pink,,,all-season,AI-detected Shoes processed on 2025-11-08,gray-shoes-1762595344.png,public
Gray Shoes,Shoes,shoes,,,gray,black|pink,,,all-season,AI-detected Shoes processed on 2025-11-08,gray-shoes-1762596108.png,public
Gray Shoes,Shoes,shoes,,,gray,black|pink,,,all-season,AI-detected Shoes processed on 2025-11-08,gray-shoes-1762596493.png,public
Gray Shoes,Shoes,shoes,,,gray,black|pink,,,all-season,AI-detected Shoes processed on 2025-11-08,gray-shoes-1762597311.png,public
Gray Shoes,Shoes,shoes,,,gray,black|pink,,,all-season,AI-detected Shoes processed on 2025-11-08,gray-shoes-1762598777.png,public
Gray Shoes,Shoes,shoes,,,gray,black|pink,,,all-season,AI-detected Shoes processed on 2025-11-08,gray-shoes-1762598866.png,public
Gray Shoes,Shoes,shoes,,,gray,black|pink,,,all-season,AI-detected Shoes processed on 2025-11-08,gray-shoes-1762600165.png,public
Gray Shoes,Shoes,shoes,,,gray,black|pink,,,all-season,AI-detected Shoes processed on 2025-11-08,gray-shoes-1762600610.png,public
Gray Shoes,Shoes,shoes,,,gray,black|pink,,,all-season,AI-detected Shoes processed on 2025-11-08,gray-shoes-1762600949.png,public
Gray Shoes,Shoes,shoes,,,gray,black|pink,,,all-season,AI-detected Shoes processed on 2025-11-08,gray-shoes-1762601695.png,public
Gray Shoes,Shoes,shoes,,,gray,black|pink,,,all-season,AI-detected Shoes processed on 2025-11-08,gray-shoes-1762602161.png,public
Gray Shoes,Shoes,shoes,,,gray,black|pink,,,all-season,AI-detected Shoes processed on 2025-11-08,gray-shoes-1762602223.png,public
Gray Shoes,Shoes,shoes,,,gray,black|pink,,,all-season,AI-detected Shoes processed on 2025-11-08,gray-shoes-1762602429.png,public
Gray Shoes,Shoes,shoes,,,gray,black|pink,,,all-season,AI-detected Shoes processed on 2025-11-08,gray-shoes-1762602494.png,public
Gray Shoes,Shoes,shoes,,,gray,black|pink,,,all-season,AI-detected Shoes processed on 2025-11-08,gray-shoes-1762602574.png,public
Gray Shoes,Shoes,shoes,,,gray,black|pink,,,all-season,AI-detected Shoes processed on 2025-11-08,gray-shoes-1762602737.png,public
Gray Shoes,Shoes,shoes,,,gray,black|pink,,,all-season,AI-detected Shoes processed on 2025-11-08,gray-shoes-1762603542.png,public
Gray Shoes,Shoes,shoes,,,gray,black|pink,,,all-season,AI-detected Shoes processed on 2025-11-08,gray-shoes-1762604260.png,public
Gray Shoes,Shoes,shoes,,,gray,black|pink,,,all-season,AI-detected Shoes processed on 2025-11-08,gray-shoes-1762604720.png,public
Gray Shoes,Shoes,shoes,,,gray,black|pink,,,all-season,AI-detected Shoes processed on 2025-11-08,gray-shoes-1762604849.png,public
Gray Shoes,Shoes,shoes,,,gray,black|pink,,,all-season,AI-detected Shoes processed on 2025-11-08,gray-shoes-1762604919.png,public
Gray Shoes,Shoes,shoes,,,gray,black|pink,,,all-season,AI-detected Shoes processed on 2025-11-08,gray-shoes-1762606237.png,public
Gray Shoes,Shoes,shoes,,,gray,black|pink,,,all-season,AI-detected Shoes processed on 2025-11-08,gray-shoes-1762606926.png,public
Gray Shoes,Shoes,shoes,,,gray,black|pink,,,all-season,AI-detected Shoes processed on 2025-11-08,gray-shoes-1762607211.png,public
Gray Shoes,Shoes,shoes,,,gray,black|purple,,,all-season,AI-detected Shoes processed on 2025-11-08,gray-shoes-1762587717.png,public
Gray Shoes,Shoes,shoes,,,gray,black|red,,,all-season,AI-detected Shoes processed on 2025-11-08,gray-shoes-1762578281.png,public
Gray Shoes,Shoes,shoes,,,gray,black|teal,,,all-season,AI-detected Shoes processed on 2025-11-08,gray-shoes-1762578454.png,public
Gray Shoes,Shoes,shoes,,,gray,black|teal,,,all-season,AI-detected Shoes processed on 2025-11-08,gray-shoes-1762605832.png,public
Gray Shoes,Shoes,shoes,,,gray,brown|black,,,all-season,AI-detected Shoes processed on 2025-11-08,gray-shoes-1762569777.png,public
Gray Shoes,Shoes,shoes,,,gray,brown|black,,,all-season,AI-detected Shoes processed on 2025-11-08,gray-shoes-1762569831.png,public
Gray Shoes,Shoes,shoes,,,gray,brown|black,,,all-season,AI-detected Shoes processed on 2025-11-08,gray-shoes-1762570268.png,public
Gray Shoes,Shoes,shoes,,,gray,brown|black,,,all-season,AI-detected Shoes processed on 2025-11-08,gray-shoes-1762575855.png,public
Gray Shoes,Shoes,shoes,,,gray,brown|black,,,all-season,AI-detected Shoes processed on 2025-11-08,gray-shoes-1762586422.png,public
Gray Shoes,Shoes,shoes,,,gray,brown|black,,,all-season,AI-detected Shoes processed on 2025-11-08,gray-shoes-1762589577.png,public
Gray Shoes,Shoes,shoes,,,gray,brown|black,,,all-season,AI-detected Shoes processed on 2025-11-08,gray-shoes-1762591623.png,public
Gray Shoes,Shoes,shoes,,,gray,brown|black,,,all-season,AI-detected Shoes processed on 2025-11-08,gray-shoes-1762591681.png,public
Gray Shoes,Shoes,shoes,,,gray,brown|black,,,all-season,AI-detected Shoes processed on 2025-11-08,gray-shoes-1762596264.png,public
Gray Shoes,Shoes,shoes,,,gray,brown|black,,,all-season,AI-detected Shoes processed on 2025-11-08,gray-shoes-1762598044.png,public
Gray Shoes,Shoes,shoes,,,gray,brown|black,,,all-season,AI-detected Shoes processed on 2025-11-08,gray-shoes-1762600146.png,public
Gray Shoes,Shoes,shoes,,,gray,brown|black,,,all-season,AI-detected Shoes processed on 2025-11-08,gray-shoes-1762601514.png,public
Gray Shoes,Shoes,shoes,,,gray,brown|black,,,all-season,AI-detected Shoes processed on 2025-11-08,gray-shoes-1762606393.png,public
Gray Shoes,Shoes,shoes,,,gray,brown|black,,,all-season,AI-detected Shoes processed on 2025-11-08,gray-shoes-1762606664.png,public
Gray Shoes,Shoes,shoes,,,gray,navy|black,,,all-season,AI-detected Shoes processed on 2025-11-08,gray-shoes-1762571517.png,public
Gray Shoes,Shoes,shoes,,,gray,navy|black,,,all-season,AI-detected Shoes processed on 2025-11-08,gray-shoes-1762581069.png,public
Gray Shoes,Shoes,shoes,,,gray,navy|black,,,all-season,AI-detected Shoes processed on 2025-11-08,gray-shoes-1762599056.png,public
Gray Shoes,Shoes,shoes,,,gray,olive|black,,,all-season,AI-detected Shoes processed on 2025-11-08,gray-shoes-1762584912.png,public
Gray Shoes,Shoes,shoes,,,gray,pink|black,,,all-season,AI-detected Shoes processed on 2025-11-08,gray-shoes-1762569430.png,public
Gray Shoes,Shoes,shoes,,,gray,pink|black,,,all-season,AI-detected Shoes processed on 2025-11-08,gray-shoes-1762569678.png,public
Gray Shoes,Shoes,shoes,,,gray,pink|black,,,all-season,AI-detected Shoes processed on 2025-11-08,gray-shoes-1762571350.png,public
Gray Shoes,Shoes,shoes,,,gray,pink|black,,,all-season,AI-detected Shoes processed on 2025-11-08,gray-shoes-1762571480.png,public
Gray Shoes,Shoes,shoes,,,gray,pink|black,,,all-season,AI-detected Shoes processed on 2025-11-08,gray-shoes-1762574628.png,public
Gray Shoes,Shoes,shoes,,,gray,pink|black,,,all-season,AI-detected Shoes processed on 2025-11-08,gray-shoes-1762574816.png,public
Gray Shoes,Shoes,shoes,,,gray,pink|black,,,all-season,AI-detected Shoes processed on 2025-11-08,gray-shoes-1762575379.png,public
Gray Shoes,Shoes,shoes,,,gray,pink|black,,,all-season,AI-detected Shoes processed on 2025-11-08,gray-shoes-1762579725.png,public
Gray Shoes,Shoes,shoes,,,gray,pink|black,,,all-season,AI-detected Shoes processed on 2025-11-08,gray-shoes-1762583066.png,public
Gray Shoes,Shoes,shoes,,,gray,pink|black,,,all-season,AI-detected Shoes processed on 2025-11-08,gray-shoes-1762584755.png,public
Gray Shoes,Shoes,shoes,,,gray,pink|black,,,all-season,AI-detected Shoes processed on 2025-11-08,gray-shoes-1762590157.png,public
Gray Shoes,Shoes,shoes,,,gray,pink|black,,,all-season,AI-detected Shoes processed on 2025-11-08,gray-shoes-1762590329.png,public
Gray Shoes,Shoes,shoes,,,gray,pink|black,,,all-season,AI-detected Shoes processed on 2025-11-08,gray-shoes-1762595710.png,public
Gray Shoes,Shoes,shoes,,,gray,pink|black,,,all-season,AI-detected Shoes processed on 2025-11-08,gray-shoes-1762595952.png,public
Gray Shoes,Shoes,shoes,,,gray,pink|black,,,all-season,AI-detected Shoes processed on 2025-11-08,gray-shoes-1762596228.png,public
Gray Shoes,Shoes,shoes,,,gray,pink|black,,,all-season,AI-detected Shoes processed on 2025-11-08,gray-shoes-1762598228.png,public
Gray Shoes,Shoes,shoes,,,gray,pink|black,,,all-season,AI-detected Shoes processed on 2025-11-08,gray-shoes-1762598710.png,public
Gray Shoes,Shoes,shoes,,,gray,pink|black,,,all-season,AI-detected Shoes processed on 2025-11-08,gray-shoes-1762600984.png,public
Gray Shoes,Shoes,shoes,,,gray,pink|black,,,all-season,AI-detected Shoes processed on 2025-11-08,gray-shoes-1762601160.png,public
Gray Shoes,Shoes,shoes,,,gray,pink|black,,,all-season,AI-detected Shoes processed on 2025-11-08,gray-shoes-1762601255.png,public
Gray Shoes,Shoes,shoes,,,gray,pink|black,,,all-season,AI-detected Shoes processed on 2025-11-08,gray-shoes-1762607655.png,public
Gray Shoes,Shoes,shoes,,,gray,teal|black,,,all-season,AI-detected Shoes processed on 2025-11-08,gray-shoes-1762569043.png,public
Gray Shoes,Shoes,shoes,,,gray,teal|black,,,all-season,AI-detected Shoes processed on 2025-11-08,gray-shoes-1762581324.png,public
Gray Shorts,Shorts,bottom,,,gray,beige|black,,,all-season,AI-detected Shorts processed on 2025-11-08,gray-shorts-1762570564.png,public
Gray Shorts,Shorts,bottom,,,gray,beige|black,,,all-season,AI-detected Shorts processed on 2025-11-08,gray-shorts-1762587932.png,public
Gray Shorts,Shorts,bottom,,,gray,black,,,all-season,AI-detected Shorts processed on 2025-11-08,gray-shorts-1762568659.png,public
Gray Shorts,Shorts,bottom,,,gray,black,,,all-season,AI-detected Shorts processed on 2025-11-08,gray-shorts-1762569345.png,public
Gray Shorts,Shorts,bottom,,,gray,black,,,all-season,AI-detected Shorts processed on 2025-11-08,gray-shorts-1762569398.png,public
Gray Shorts,Shorts,bottom,,,gray,black,,,all-season,AI-detected Shorts processed on 2025-11-08,gray-shorts-1762569700.png,public
Gray Shorts,Shorts,bottom,,,gray,black,,,all-season,AI-detected Shorts processed on 2025-11-08,gray-shorts-1762569821.png,public
Gray Shorts,Shorts,bottom,,,gray,black,,,all-season,AI-detected Shorts processed on 2025-11-08,gray-shorts-1762570253.png,public
Gray Shorts,Shorts,bottom,,,gray,black,,,all-season,AI-detected Shorts processed on 2025-11-08,gray-shorts-1762570622.png,public
Gray Shorts,Shorts,bottom,,,gray,black,,,all-season,AI-detected Shorts processed on 2025-11-08,gray-shorts-1762570680.png,public
Gray Shorts,Shorts,bottom,,,gray,black,,,all-season,AI-detected Shorts processed on 2025-11-08,gray-shorts-1762571333.png,public
Gray Shorts,Shorts,bottom,,,gray,black,,,all-season,AI-detected Shorts processed on 2025-11-08,gray-shorts-1762571682.png,public
Gray Shorts,Shorts,bottom,,,gray,black,,,all-season,AI-detected Shorts processed on 2025-11-08,gray-shorts-1762571705.png,public
Gray Shorts,Shorts,bottom,,,gray,black,,,all-season,AI-detected Shorts processed on 2025-11-08,gray-shorts-1762571805.png,public
Gray Shorts,Shorts,bottom,,,gray,black,,,all-season,AI-detected Shorts processed on 2025-11-08,gray-shorts-1762571912.png,public
Gray Shorts,Shorts,bottom,,,gray,black,,,all-season,AI-detected Shorts processed on 2025-11-08,gray-shorts-1762572557.png,public
Gray Shorts,Shorts,bottom,,,gray,black,,,all-season,AI-detected Shorts processed on 2025-11-08,gray-shorts-1762573726.png,public
Gray Shorts,Shorts,bottom,,,gray,black,,,all-season,AI-detected Shorts processed on 2025-11-08,gray-shorts-1762573831.png,public
Gray Shorts,Shorts,bottom,,,gray,black,,,all-season,AI-detected Shorts processed on 2025-11-08,gray-shorts-1762573990.png,public
Gray Shorts,Shorts,bottom,,,gray,black,,,all-season,AI-detected Shorts processed on 2025-11-08,gray-shorts-1762574369.png,public
Gray Shorts,Shorts,bottom,,,gray,black,,,all-season,AI-detected Shorts processed on 2025-11-08,gray-shorts-1762574878.png,public
Gray Shorts,Shorts,bottom,,,gray,black,,,all-season,AI-detected Shorts processed on 2025-11-08,gray-shorts-1762575914.png,public
Gray Shorts,Shorts,bottom,,,gray,black,,,all-season,AI-detected Shorts processed on 2025-11-08,gray-shorts-1762576414.png,public
Gray Shorts,Shorts,bottom,,,gray,black,,,all-season,AI-detected Shorts processed on 2025-11-08,gray-shorts-1762576451.png,public
Gray Shorts,Shorts,bottom,,,gray,black,,,all-season,AI-detected Shorts processed on 2025-11-08,gray-shorts-1762577224.png,public
Gray Shorts,Shorts,bottom,,,gray,black,,,all-season,AI-detected Shorts processed on 2025-11-08,gray-shorts-1762577843.png,public
Gray Shorts,Shorts,bottom,,,gray,black,,,all-season,AI-detected Shorts processed on 2025-11-08,gray-shorts-1762578264.png,public
Gray Shorts,Shorts,bottom,,,gray,black,,,all-season,AI-detected Shorts processed on 2025-11-08,gray-shorts-1762578333.png,public
Gray Shorts,Shorts,bottom,,,gray,black,,,all-season,AI-detected Shorts processed on 2025-11-08,gray-shorts-1762578996.png,public
Gray Shorts,Shorts,bottom,,,gray,black,,,all-season,AI-detected Shorts processed on 2025-11-08,gray-shorts-1762579472.png,public
Gray Shorts,Shorts,bottom,,,gray,black,,,all-season,AI-detected Shorts processed on 2025-11-08,gray-shorts-1762580320.png,public
Gray Shorts,Shorts,bottom,,,gray,black,,,all-season,AI-detected Shorts processed on 2025-11-08,gray-shorts-1762580461.png,public
Gray Shorts,Shorts,bottom,,,gray,black,,,all-season,AI-detected Shorts processed on 2025-11-08,gray-shorts-1762580860.png,public
Gray Shorts,Shorts,bottom,,,gray,black,,,all-season,AI-detected Shorts processed on 2025-11-08,gray-shorts-1762581073.png,public
Gray Shorts,Shorts,bottom,,,gray,black,,,all-season,AI-detected Shorts processed on 2025-11-08,gray-shorts-1762581504.png,public
Gray Shorts,Shorts,bottom,,,gray,black,,,all-season,AI-detected Shorts processed on 2025-11-08,gray-shorts-1762581634.png,public
Gray Shorts,Shorts,bottom,,,gray,black,,,all-season,AI-detected Shorts processed on 2025-11-08,gray-shorts-1762583469.png,public
Gray Shorts,Shorts,bottom,,,gray,black,,,all-season,AI-detected Shorts processed on 2025-11-08,gray-shorts-1762584194.png,public
Gray Shorts,Shorts,bottom,,,gray,black,,,all-season,AI-detected Shorts processed on 2025-11-08,gray-shorts-1762584587.png,public
Gray Shorts,Shorts,bottom,,,gray,black,,,all-season,AI-detected Shorts processed on 2025-11-08,gray-shorts-1762584703.png,public
Gray Shorts,Shorts,bottom,,,gray,black,,,all-season,AI-detected Shorts processed on 2025-11-08,gray-shorts-1762584721.png,public
Gray Shorts,Shorts,bottom,,,gray,black,,,all-season,AI-detected Shorts processed on 2025-11-08,gray-shorts-1762585741.png,public
Gray Shorts,Shorts,bottom,,,gray,black,,,all-season,AI-detected Shorts processed on 2025-11-08,gray-shorts-1762586699.png,public
Gray Shorts,Shorts,bottom,,,gray,black,,,all-season,AI-detected Shorts processed on 2025-11-08,gray-shorts-1762587392.png,public
Gray Shorts,Shorts,bottom,,,gray,black,,,all-season,AI-detected Shorts processed on 2025-11-08,gray-shorts-1762587521.png,public
Gray Shorts,Shorts,bottom,,,gray,black,,,all-season,AI-detected Shorts processed on 2025-11-08,gray-shorts-1762587629.png,public
Gray Shorts,Shorts,bottom,,,gray,black,,,all-season,AI-detected Shorts processed on 2025-11-08,gray-shorts-1762588661.png,public
Gray Shorts,Shorts,bottom,,,gray,black,,,all-season,AI-detected Shorts processed on 2025-11-08,gray-shorts-1762589011.png,public
Gray Shorts,Shorts,bottom,,,gray,black,,,all-season,AI-detected Shorts processed on 2025-11-08,gray-shorts-1762593063.png,public
Gray Shorts,Shorts,bottom,,,gray,black,,,all-season,AI-detected Shorts processed on 2025-11-08,gray-shorts-1762595235.png,public
Gray Shorts,Shorts,bottom,,,gray,black,,,all-season,AI-detected Shorts processed on 2025-11-08,gray-shorts-1762597657.png,public
Gray Shorts,Shorts,bottom,,,gray,black,,,all-season,AI-detected Shorts processed on 2025-11-08,gray-shorts-1762599092.png,public
Gray Shorts,Shorts,bottom,,,gray,black,,,all-season,AI-detected Shorts processed on 2025-11-08,gray-shorts-1762599936.png,public
Gray Shorts,Shorts,bottom,,,gray,black,,,all-season,AI-detected Shorts processed on 2025-11-08,gray-shorts-1762600340.png,public
Gray Shorts,Shorts,bottom,,,gray,black,,,all-season,AI-detected Shorts processed on 2025-11-08,gray-shorts-1762601573.png,public
Gray Shorts,Shorts,bottom,,,gray,black,,,all-season,AI-detected Shorts processed on 2025-11-08,gray-shorts-1762602127.png,public
Gray Shorts,Shorts,bottom,,,gray,black,,,all-season,AI-detected Shorts processed on 2025-11-08,gray-shorts-1762602368.png,public
Gray Shorts,Shorts,bottom,,,gray,black,,,all-season,AI-detected Shorts processed on 2025-11-08,gray-shorts-1762603634.png,public
Gray Shorts,Shorts,bottom,,,gray,black,,,all-season,AI-detected Shorts processed on 2025-11-08,gray-shorts-1762604198.png,public
Gray Shorts,Shorts,bottom,,,gray,black,,,all-season,AI-detected Shorts processed on 2025-11-08,gray-shorts-1762605098.png,public
Gray Shorts,Shorts,bottom,,,gray,black,,,all-season,AI-detected Shorts processed on 2025-11-08,gray-shorts-1762605308.png,public
Gray Shorts,Shorts,bottom,,,gray,black,,,all-season,AI-detected Shorts processed on 2025-11-08,gray-shorts-1762606234.png,public
Gray Shorts,Shorts,bottom,,,gray,black,,,all-season,AI-detected Shorts processed on 2025-11-08,gray-shorts-1762607385.png,public
Gray Shorts,Shorts,bottom,,,gray,black,,,all-season,AI-detected Shorts processed on 2025-11-08,gray-shorts-1762607601.png,public
Gray Shorts,Shorts,bottom,,,gray,black|beige,,,all-season,AI-detected Shorts processed on 2025-11-08,gray-shorts-1762571434.png,public
Gray Shorts,Shorts,bottom,,,gray,black|beige,,,all-season,AI-detected Shorts processed on 2025-11-08,gray-shorts-1762606557.png,public
Gray Shorts,Shorts,bottom,,,gray,black|brown,,,all-season,AI-detected Shorts processed on 2025-11-08,gray-shorts-1762585342.png,public
Gray Shorts,Shorts,bottom,,,gray,black|navy,,,all-season,AI-detected Shorts processed on 2025-11-08,gray-shorts-1762603854.png,public
Gray Shorts,Shorts,bottom,,,gray,black|pink,,,all-season,AI-detected Shorts processed on 2025-11-08,gray-shorts-1762570412.png,public
Gray Shorts,Shorts,bottom,,,gray,black|pink,,,all-season,AI-detected Shorts processed on 2025-11-08,gray-shorts-1762570732.png,public
Gray Shorts,Shorts,bottom,,,gray,black|pink,,,all-season,AI-detected Shorts processed on 2025-11-08,gray-shorts-1762573526.png,public
Gray Shorts,Shorts,bottom,,,gray,black|pink,,,all-season,AI-detected Shorts processed on 2025-11-08,gray-shorts-1762574113.png,public
Gray Shorts,Shorts,bottom,,,gray,black|pink,,,all-season,AI-detected Shorts processed on 2025-11-08,gray-shorts-1762581029.png,public
Gray Shorts,Shorts,bottom,,,gray,black|pink,,,all-season,AI-detected Shorts processed on 2025-11-08,gray-shorts-1762585032.png,public
Gray Shorts,Shorts,bottom,,,gray,black|pink,,,all-season,AI-detected Shorts processed on 2025-11-08,gray-shorts-1762585451.png,public
Gray Shorts,Shorts,bottom,,,gray,black|pink,,,all-season,AI-detected Shorts processed on 2025-11-08,gray-shorts-1762585608.png,public
Gray Shorts,Shorts,bottom,,,gray,black|pink,,,all-season,AI-detected Shorts processed on 2025-11-08,gray-shorts-1762587958.png,public
Gray Shorts,Shorts,bottom,,,gray,black|pink,,,all-season,AI-detected Shorts processed on 2025-11-08,gray-shorts-1762588039.png,public
Gray Shorts,Shorts,bottom,,,gray,black|pink,,,all-season,AI-detected Shorts processed on 2025-11-08,gray-shorts-1762588232.png,public
Gray Shorts,Shorts,bottom,,,gray,black|pink,,,all-season,AI-detected Shorts processed on 2025-11-08,gray-shorts-1762588695.png,public
Gray Shorts,Shorts,bottom,,,gray,black|pink,,,all-season,AI-detected Shorts processed on 2025-11-08,gray-shorts-1762589982.png,public
Gray Shorts,Shorts,bottom,,,gray,black|pink,,,all-season,AI-detected Shorts processed on 2025-11-08,gray-shorts-1762590473.png,public
Gray Shorts,Shorts,bottom,,,gray,black|pink,,,all-season,AI-detected Shorts processed on 2025-11-08,gray-shorts-1762590816.png,public
Gray Shorts,Shorts,bottom,,,gray,black|pink,,,all-season,AI-detected Shorts processed on 2025-11-08,gray-shorts-1762592296.png,public
Gray Shorts,Shorts,bottom,,,gray,black|pink,,,all-season,AI-detected Shorts processed on 2025-11-08,gray-shorts-1762592689.png,public
Gray Shorts,Shorts,bottom,,,gray,black|pink,,,all-season,AI-detected Shorts processed on 2025-11-08,gray-shorts-1762592875.png,public
Gray Shorts,Shorts,bottom,,,gray,black|pink,,,all-season,AI-detected Shorts processed on 2025-11-08,gray-shorts-1762596929.png,public
Gray Shorts,Shorts,bottom,,,gray,black|pink,,,all-season,AI-detected Shorts processed on 2025-11-08,gray-shorts-1762601977.png,public
Gray Shorts,Shorts,bottom,,,gray,black|pink,,,all-season,AI-detected Shorts processed on 2025-11-08,gray-shorts-1762605105.png,public
Gray Shorts,Shorts,bottom,,,gray,black|teal,,,all-season,AI-detected Shorts processed on 2025-11-08,gray-shorts-1762571532.png,public
Gray Shorts,Shorts,bottom,,,gray,black|teal,,,all-season,AI-detected Shorts processed on 2025-11-08,gray-shorts-1762571736.png,public
Gray Shorts,Shorts,bottom,,,gray,black|teal,,,all-season,AI-detected Shorts processed on 2025-11-08,gray-shorts-1762586060.png,public
Gray Shorts,Shorts,bottom,,,gray,black|teal,,,all-season,AI-detected Shorts processed on 2025-11-08,gray-shorts-1762590527.png,public
Gray Shorts,Shorts,bottom,,,gray,brown|black,,,all-season,AI-detected Shorts processed on 2025-11-08,gray-shorts-1762591992.png,public
Gray Shorts,Shorts,bottom,,,gray,navy|black,,,all-season,AI-detected Shorts processed on 2025-11-08,gray-shorts-1762571776.png,public
Gray Shorts,Shorts,bottom,,,gray,pink|black,,,all-season,AI-detected Shorts processed on 2025-11-08,gray-shorts-1762569502.png,public
Gray Shorts,Shorts,bottom,,,gray,pink|black,,,all-season,AI-detected Shorts processed on 2025-11-08,gray-shorts-1762576649.png,public
Gray Shorts,Shorts,bottom,,,gray,pink|black,,,all-season,AI-detected Shorts processed on 2025-11-08,gray-shorts-1762577513.png,public
Gray Shorts,Shorts,bottom,,,gray,pink|black,,,all-season,AI-detected Shorts processed on 2025-11-08,gray-shorts-1762583072.png,public
Gray Shorts,Shorts,bottom,,,gray,pink|black,,,all-season,AI-detected Shorts processed on 2025-11-08,gray-shorts-1762583738.png,public
Gray Shorts,Shorts,bottom,,,gray,pink|black,,,all-season,AI-detected Shorts processed on 2025-11-08,gray-shorts-1762587177.png,public
Gray Shorts,Shorts,bottom,,,gray,pink|black,,,all-season,AI-detected Shorts processed on 2025-11-08,gray-shorts-1762588445.png,public
Gray Shorts,Shorts,bottom,,,gray,pink|black,,,all-season,AI-detected Shorts processed on 2025-11-08,gray-shorts-1762589169.png,public
Gray Shorts,Shorts,bottom,,,gray,pink|black,,,all-season,AI-detected Shorts processed on 2025-11-08,gray-shorts-1762599324.png,public
Gray Shorts,Shorts,bottom,,,gray,pink|black,,,all-season,AI-detected Shorts processed on 2025-11-08,gray-shorts-1762603303.png,public
Gray Shorts,Shorts,bottom,,,gray,pink|black,,,all-season,AI-detected Shorts processed on 2025-11-08,gray-shorts-1762605353.png,public
Gray Shorts,Shorts,bottom,,,gray,pink|black,,,all-season,AI-detected Shorts processed on 2025-11-08,gray-shorts-1762605769.png,public
Gray Shorts,Shorts,bottom,,,gray,teal|black,,,all-season,AI-detected Shorts processed on 2025-11-08,gray-shorts-1762577637.png,public
Gray Shorts,Shorts,bottom,,,gray,teal|black,,,all-season,AI-detected Shorts processed on 2025-11-08,gray-shorts-1762584561.png,public
Gray Shorts,Shorts,bottom,,,gray,teal|black,,,all-season,AI-detected Shorts processed on 2025-11-08,gray-shorts-1762588613.png,public
Gray Shorts,Shorts,bottom,,,gray,teal|black,,,all-season,AI-detected Shorts processed on 2025-11-08,gray-shorts-1762597563.png,public
Gray Shorts,Shorts,bottom,,,gray,teal|black,,,all-season,AI-detected Shorts processed on 2025-11-08,gray-shorts-1762600118.png,public
Gray Shorts,Shorts,bottom,,,gray,teal|black,,,all-season,AI-detected Shorts processed on 2025-11-08,gray-shorts-1762602965.png,public
Gray Skirt,Skirt,bottom,,,gray,beige|black,,,all-season,AI-detected Skirt processed on 2025-11-08,gray-skirt-1762580653.png,public
Gray Skirt,Skirt,bottom,,,gray,beige|black,,,all-season,AI-detected Skirt processed on 2025-11-08,gray-skirt-1762588546.png,public
Gray Skirt,Skirt,bottom,,,gray,beige|black,,,all-season,AI-detected Skirt processed on 2025-11-08,gray-skirt-1762598752.png,public
Gray Skirt,Skirt,bottom,,,gray,beige|black,,,all-season,AI-detected Skirt processed on 2025-11-08,gray-skirt-1762601832.png,public
Gray Skirt,Skirt,bottom,,,gray,black,,,all-season,AI-detected Skirt processed on 2025-11-08,gray-skirt-1762568674.png,public
Gray Skirt,Skirt,bottom,,,gray,black,,,all-season,AI-detected Skirt processed on 2025-11-08,gray-skirt-1762569269.png,public
Gray Skirt,Skirt,bottom,,,gray,black,,,all-season,AI-detected Skirt processed on 2025-11-08,gray-skirt-1762569707.png,public
Gray Skirt,Skirt,bottom,,,gray,black,,,all-season,AI-detected Skirt processed on 2025-11-08,gray-skirt-1762569876.png,public
Gray Skirt,Skirt,bottom,,,gray,black,,,all-season,AI-detected Skirt processed on 2025-11-08,gray-skirt-1762570257.png,public
Gray Skirt,Skirt,bottom,,,gray,black,,,all-season,AI-detected Skirt processed on 2025-11-08,gray-skirt-1762571150.png,public
Gray Skirt,Skirt,bottom,,,gray,black,,,all-season,AI-detected Skirt processed on 2025-11-08,gray-skirt-1762571779.png,public
Gray Skirt,Skirt,bottom,,,gray,black,,,all-season,AI-detected Skirt processed on 2025-11-08,gray-skirt-1762571874.png,public
Gray Skirt,Skirt,bottom,,,gray,black,,,all-season,AI-detected Skirt processed on 2025-11-08,gray-skirt-1762571932.png,public
Gray Skirt,Skirt,bottom,,,gray,black,,,all-season,AI-detected Skirt processed on 2025-11-08,gray-skirt-1762572052.png,public
Gray Skirt,Skirt,bottom,,,gray,black,,,all-season,AI-detected Skirt processed on 2025-11-08,gray-skirt-1762572496.png,public
Gray Skirt,Skirt,bottom,,,gray,black,,,all-season,AI-detected Skirt processed on 2025-11-08,gray-skirt-1762572977.png,public
Gray Skirt,Skirt,bottom,,,gray,black,,,all-season,AI-detected Skirt processed on 2025-11-08,gray-skirt-1762573669.png,public
Gray Skirt,Skirt,bottom,,,gray,black,,,all-season,AI-detected Skirt processed on 2025-11-08,gray-skirt-1762573978.png,public
Gray Skirt,Skirt,bottom,,,gray,black,,,all-season,AI-detected Skirt processed on 2025-11-08,gray-skirt-1762574119.png,public
Gray Skirt,Skirt,bottom,,,gray,black,,,all-season,AI-detected Skirt processed on 2025-11-08,gray-skirt-1762574233.png,public
Gray Skirt,Skirt,bottom,,,gray,black,,,all-season,AI-detected Skirt processed on 2025-11-08,gray-skirt-1762574350.png,public
Gray Skirt,Skirt,bottom,,,gray,black,,,all-season,AI-detected Skirt processed on 2025-11-08,gray-skirt-1762574418.png,public
Gray Skirt,Skirt,bottom,,,gray,black,,,all-season,AI-detected Skirt processed on 2025-11-08,gray-skirt-1762574534.png,public
Gray Skirt,Skirt,bottom,,,gray,black,,,all-season,AI-detected Skirt processed on 2025-11-08,gray-skirt-1762574691.png,public
Gray Skirt,Skirt,bottom,,,gray,black,,,all-season,AI-detected Skirt processed on 2025-11-08,gray-skirt-1762574906.png,public
Gray Skirt,Skirt,bottom,,,gray,black,,,all-season,AI-detected Skirt processed on 2025-11-08,gray-skirt-1762574981.png,public
Gray Skirt,Skirt,bottom,,,gray,black,,,all-season,AI-detected Skirt processed on 2025-11-08,gray-skirt-1762577362.png,public
Gray Skirt,Skirt,bottom,,,gray,black,,,all-season,AI-detected Skirt processed on 2025-11-08,gray-skirt-1762578060.png,public
Gray Skirt,Skirt,bottom,,,gray,black,,,all-season,AI-detected Skirt processed on 2025-11-08,gray-skirt-1762578547.png,public
Gray Skirt,Skirt,bottom,,,gray,black,,,all-season,AI-detected Skirt processed on 2025-11-08,gray-skirt-1762578848.png,public
Gray Skirt,Skirt,bottom,,,gray,black,,,all-season,AI-detected Skirt processed on 2025-11-08,gray-skirt-1762579367.png,public
Gray Skirt,Skirt,bottom,,,gray,black,,,all-season,AI-detected Skirt processed on 2025-11-08,gray-skirt-1762579673.png,public
Gray Skirt,Skirt,bottom,,,gray,black,,,all-season,AI-detected Skirt processed on 2025-11-08,gray-skirt-1762580199.png,public
Gray Skirt,Skirt,bottom,,,gray,black,,,all-season,AI-detected Skirt processed on 2025-11-08,gray-skirt-1762581417.png,public
Gray Skirt,Skirt,bottom,,,gray,black,,,all-season,AI-detected Skirt processed on 2025-11-08,gray-skirt-1762581763.png,public
Gray Skirt,Skirt,bottom,,,gray,black,,,all-season,AI-detected Skirt processed on 2025-11-08,gray-skirt-1762582489.png,public
Gray Skirt,Skirt,bottom,,,gray,black,,,all-season,AI-detected Skirt processed on 2025-11-08,gray-skirt-1762582683.png,public
Gray Skirt,Skirt,bottom,,,gray,black,,,all-season,AI-detected Skirt processed on 2025-11-08,gray-skirt-1762583403.png,public
Gray Skirt,Skirt,bottom,,,gray,black,,,all-season,AI-detected Skirt processed on 2025-11-08,gray-skirt-1762583533.png,public
Gray Skirt,Skirt,bottom,,,gray,black,,,all-season,AI-detected Skirt processed on 2025-11-08,gray-skirt-1762584135.png,public
Gray Skirt,Skirt,bottom,,,gray,black,,,all-season,AI-detected Skirt processed on 2025-11-08,gray-skirt-1762585675.png,public
Gray Skirt,Skirt,bottom,,,gray,black,,,all-season,AI-detected Skirt processed on 2025-11-08,gray-skirt-1762585795.png,public
Gray Skirt,Skirt,bottom,,,gray,black,,,all-season,AI-detected Skirt processed on 2025-11-08,gray-skirt-1762586195.png,public
Gray Skirt,Skirt,bottom,,,gray,black,,,all-season,AI-detected Skirt processed on 2025-11-08,gray-skirt-1762587088.png,public
Gray Skirt,Skirt,bottom,,,gray,black,,,all-season,AI-detected Skirt processed on 2025-11-08,gray-skirt-1762587307.png,public
Gray Skirt,Skirt,bottom,,,gray,black,,,all-season,AI-detected Skirt processed on 2025-11-08,gray-skirt-1762587677.png,public
Gray Skirt,Skirt,bottom,,,gray,black,,,all-season,AI-detected Skirt processed on 2025-11-08,gray-skirt-1762588081.png,public
Gray Skirt,Skirt,bottom,,,gray,black,,,all-season,AI-detected Skirt processed on 2025-11-08,gray-skirt-1762588844.png,public
Gray Skirt,Skirt,bottom,,,gray,black,,,all-season,AI-detected Skirt processed on 2025-11-08,gray-skirt-1762589240.png,public
Gray Skirt,Skirt,bottom,,,gray,black,,,all-season,AI-detected Skirt processed on 2025-11-08,gray-skirt-1762589525.png,public
Gray Skirt,Skirt,bottom,,,gray,black,,,all-season,AI-detected Skirt processed on 2025-11-08,gray-skirt-1762589861.png,public
Gray Skirt,Skirt,bottom,,,gray,black,,,all-season,AI-detected Skirt processed on 2025-11-08,gray-skirt-1762589950.png,public
Gray Skirt,Skirt,bottom,,,gray,black,,,all-season,AI-detected Skirt processed on 2025-11-08,gray-skirt-1762590151.png,public
Gray Skirt,Skirt,bottom,,,gray,black,,,all-season,AI-detected Skirt processed on 2025-11-08,gray-skirt-1762590276.png,public
Gray Skirt,Skirt,bottom,,,gray,black,,,all-season,AI-detected Skirt processed on 2025-11-08,gray-skirt-1762590511.png,public
Gray Skirt,Skirt,bottom,,,gray,black,,,all-season,AI-detected Skirt processed on 2025-11-08,gray-skirt-1762591236.png,public
Gray Skirt,Skirt,bottom,,,gray,black,,,all-season,AI-detected Skirt processed on 2025-11-08,gray-skirt-1762591283.png,public
Gray Skirt,Skirt,bottom,,,gray,black,,,all-season,AI-detected Skirt processed on 2025-11-08,gray-skirt-1762591443.png,public
Gray Skirt,Skirt,bottom,,,gray,black,,,all-season,AI-detected Skirt processed on 2025-11-08,gray-skirt-1762591497.png,public
Gray Skirt,Skirt,bottom,,,gray,black,,,all-season,AI-detected Skirt processed on 2025-11-08,gray-skirt-1762592074.png,public
Gray Skirt,Skirt,bottom,,,gray,black,,,all-season,AI-detected Skirt processed on 2025-11-08,gray-skirt-1762592427.png,public
Gray Skirt,Skirt,bottom,,,gray,black,,,all-season,AI-detected Skirt processed on 2025-11-08,gray-skirt-1762592700.png,public
Gray Skirt,Skirt,bottom,,,gray,black,,,all-season,AI-detected Skirt processed on 2025-11-08,gray-skirt-1762593269.png,public
Gray Skirt,Skirt,bottom,,,gray,black,,,all-season,AI-detected Skirt processed on 2025-11-08,gray-skirt-1762593340.png,public
Gray Skirt,Skirt,bottom,,,gray,black,,,all-season,AI-detected Skirt processed on 2025-11-08,gray-skirt-1762593389.png,public
Gray Skirt,Skirt,bottom,,,gray,black,,,all-season,AI-detected Skirt processed on 2025-11-08,gray-skirt-1762593487.png,public
Gray Skirt,Skirt,bottom,,,gray,black,,,all-season,AI-detected Skirt processed on 2025-11-08,gray-skirt-1762593812.png,public
Gray Skirt,Skirt,bottom,,,gray,black,,,all-season,AI-detected Skirt processed on 2025-11-08,gray-skirt-1762594025.png,public
Gray Skirt,Skirt,bottom,,,gray,black,,,all-season,AI-detected Skirt processed on 2025-11-08,gray-skirt-1762594451.png,public
Gray Skirt,Skirt,bottom,,,gray,black,,,all-season,AI-detected Skirt processed on 2025-11-08,gray-skirt-1762595367.png,public
Gray Skirt,Skirt,bottom,,,gray,black,,,all-season,AI-detected Skirt processed on 2025-11-08,gray-skirt-1762595404.png,public
Gray Skirt,Skirt,bottom,,,gray,black,,,all-season,AI-detected Skirt processed on 2025-11-08,gray-skirt-1762596410.png,public
Gray Skirt,Skirt,bottom,,,gray,black,,,all-season,AI-detected Skirt processed on 2025-11-08,gray-skirt-1762596621.png,public
Gray Skirt,Skirt,bottom,,,gray,black,,,all-season,AI-detected Skirt processed on 2025-11-08,gray-skirt-1762596720.png,public
Gray Skirt,Skirt,bottom,,,gray,black,,,all-season,AI-detected Skirt processed on 2025-11-08,gray-skirt-1762597223.png,public
Gray Skirt,Skirt,bottom,,,gray,black,,,all-season,AI-detected Skirt processed on 2025-11-08,gray-skirt-1762597822.png,public
Gray Skirt,Skirt,bottom,,,gray,black,,,all-season,AI-detected Skirt processed on 2025-11-08,gray-skirt-1762597873.png,public
Gray Skirt,Skirt,bottom,,,gray,black,,,all-season,AI-detected Skirt processed on 2025-11-08,gray-skirt-1762598071.png,public
Gray Skirt,Skirt,bottom,,,gray,black,,,all-season,AI-detected Skirt processed on 2025-11-08,gray-skirt-1762598600.png,public
Gray Skirt,Skirt,bottom,,,gray,black,,,all-season,AI-detected Skirt processed on 2025-11-08,gray-skirt-1762598680.png,public
Gray Skirt,Skirt,bottom,,,gray,black,,,all-season,AI-detected Skirt processed on 2025-11-08,gray-skirt-1762599450.png,public
Gray Skirt,Skirt,bottom,,,gray,black,,,all-season,AI-detected Skirt processed on 2025-11-08,gray-skirt-1762599515.png,public
Gray Skirt,Skirt,bottom,,,gray,black,,,all-season,AI-detected Skirt processed on 2025-11-08,gray-skirt-1762599727.png,public
Gray Skirt,Skirt,bottom,,,gray,black,,,all-season,AI-detected Skirt processed on 2025-11-08,gray-skirt-1762600308.png,public
Gray Skirt,Skirt,bottom,,,gray,black,,,all-season,AI-detected Skirt processed on 2025-11-08,gray-skirt-1762600870.png,public
Gray Skirt,Skirt,bottom,,,gray,black,,,all-season,AI-detected Skirt processed on 2025-11-08,gray-skirt-1762601115.png,public
Gray Skirt,Skirt,bottom,,,gray,black,,,all-season,AI-detected Skirt processed on 2025-11-08,gray-skirt-1762601340.png,public
Gray Skirt,Skirt,bottom,,,gray,black,,,all-season,AI-detected Skirt processed on 2025-11-08,gray-skirt-1762601388.png,public
Gray Skirt,Skirt,bottom,,,gray,black,,,all-season,AI-detected Skirt processed on 2025-11-08,gray-skirt-1762601521.png,public
Gray Skirt,Skirt,bottom,,,gray,black,,,all-season,AI-detected Skirt processed on 2025-11-08,gray-skirt-1762601619.png,public
Gray Skirt,Skirt,bottom,,,gray,black,,,all-season,AI-detected Skirt processed on 2025-11-08,gray-skirt-1762601712.png,public
Gray Skirt,Skirt,bottom,,,gray,black,,,all-season,AI-detected Skirt processed on 2025-11-08,gray-skirt-1762602426.png,public
Gray Skirt,Skirt,bottom,,,gray,black,,,all-season,AI-detected Skirt processed on 2025-11-08,gray-skirt-1762602760.png,public
Gray Skirt,Skirt,bottom,,,gray,black,,,all-season,AI-detected Skirt processed on 2025-11-08,gray-skirt-1762602836.png,public
Gray Skirt,Skirt,bottom,,,gray,black,,,all-season,AI-detected Skirt processed on 2025-11-08,gray-skirt-1762603106.png,public
Gray Skirt,Skirt,bottom,,,gray,black,,,all-season,AI-detected Skirt processed on 2025-11-08,gray-skirt-1762603585.png,public
Gray Skirt,Skirt,bottom,,,gray,black,,,all-season,AI-detected Skirt processed on 2025-11-08,gray-skirt-1762604130.png,public
Gray Skirt,Skirt,bottom,,,gray,black,,,all-season,AI-detected Skirt processed on 2025-11-08,gray-skirt-1762604242.png,public
Gray Skirt,Skirt,bottom,,,gray,black,,,all-season,AI-detected Skirt processed on 2025-11-08,gray-skirt-1762604342.png,public
Gray Skirt,Skirt,bottom,,,gray,black,,,all-season,AI-detected Skirt processed on 2025-11-08,gray-skirt-1762604511.png,public
Gray Skirt,Skirt,bottom,,,gray,black,,,all-season,AI-detected Skirt processed on 2025-11-08,gray-skirt-1762604531.png,public
Gray Skirt,Skirt,bottom,,,gray,black,,,all-season,AI-detected Skirt processed on 2025-11-08,gray-skirt-1762604576.png,public
Gray Skirt,Skirt,bottom,,,gray,black,,,all-season,AI-detected Skirt processed on 2025-11-08,gray-skirt-1762604612.png,public
Gray Skirt,Skirt,bottom,,,gray,black,,,all-season,AI-detected Skirt processed on 2025-11-08,gray-skirt-1762604650.png,public
Gray Skirt,Skirt,bottom,,,gray,black,,,all-season,AI-detected Skirt processed on 2025-11-08,gray-skirt-1762604821.png,public
Gray Skirt,Skirt,bottom,,,gray,black,,,all-season,AI-detected Skirt processed on 2025-11-08,gray-skirt-1762604905.png,public
Gray Skirt,Skirt,bottom,,,gray,black,,,all-season,AI-detected Skirt processed on 2025-11-08,gray-skirt-1762605073.png,public
Gray Skirt,Skirt,bottom,,,gray,black,,,all-season,AI-detected Skirt processed on 2025-11-08,gray-skirt-1762605241.png,public
Gray Skirt,Skirt,bottom,,,gray,black,,,all-season,AI-detected Skirt processed on 2025-11-08,gray-skirt-1762605397.png,public
Gray Skirt,Skirt,bottom,,,gray,black,,,all-season,AI-detected Skirt processed on 2025-11-08,gray-skirt-1762605417.png,public
Gray Skirt,Skirt,bottom,,,gray,black,,,all-season,AI-detected Skirt processed on 2025-11-08,gray-skirt-1762605782.png,public
Gray Skirt,Skirt,bottom,,,gray,black,,,all-season,AI-detected Skirt processed on 2025-11-08,gray-skirt-1762605824.png,public
Gray Skirt,Skirt,bottom,,,gray,black,,,all-season,AI-detected Skirt processed on 2025-11-08,gray-skirt-1762605993.png,public
Gray Skirt,Skirt,bottom,,,gray,black,,,all-season,AI-detected Skirt processed on 2025-11-08,gray-skirt-1762606492.png,public
Gray Skirt,Skirt,bottom,,,gray,black,,,all-season,AI-detected Skirt processed on 2025-11-08,gray-skirt-1762606682.png,public
Gray Skirt,Skirt,bottom,,,gray,black,,,all-season,AI-detected Skirt processed on 2025-11-08,gray-skirt-1762606922.png,public
Gray Skirt,Skirt,bottom,,,gray,black,,,all-season,AI-detected Skirt processed on 2025-11-08,gray-skirt-1762606948.png,public
Gray Skirt,Skirt,bottom,,,gray,black,,,all-season,AI-detected Skirt processed on 2025-11-08,gray-skirt-1762607198.png,public
Gray Skirt,Skirt,bottom,,,gray,black,,,all-season,AI-detected Skirt processed on 2025-11-08,gray-skirt-1762607317.png,public
Gray Skirt,Skirt,bottom,,,gray,black,,,all-season,AI-detected Skirt processed on 2025-11-08,gray-skirt-1762607463.png,public
Gray Skirt,Skirt,bottom,,,gray,black,,,all-season,AI-detected Skirt processed on 2025-11-08,gray-skirt-1762607548.png,public
Gray Skirt,Skirt,bottom,,,gray,black|beige,,,all-season,AI-detected Skirt processed on 2025-11-08,gray-skirt-1762574480.png,public
Gray Skirt,Skirt,bottom,,,gray,black|beige,,,all-season,AI-detected Skirt processed on 2025-11-08,gray-skirt-1762590585.png,public
Gray Skirt,Skirt,bottom,,,gray,black|beige,,,all-season,AI-detected Skirt processed on 2025-11-08,gray-skirt-1762593176.png,public
Gray Skirt,Skirt,bottom,,,gray,black|beige,,,all-season,AI-detected Skirt processed on 2025-11-08,gray-skirt-1762595109.png,public
Gray Skirt,Skirt,bottom,,,gray,black|beige,,,all-season,AI-detected Skirt processed on 2025-11-08,gray-skirt-1762595253.png,public
Gray Skirt,Skirt,bottom,,,gray,black|beige,,,all-season,AI-detected Skirt processed on 2025-11-08,gray-skirt-1762597569.png,public
Gray Skirt,Skirt,bottom,,,gray,black|brown,,,all-season,AI-detected Skirt processed on 2025-11-08,gray-skirt-1762568987.png,public
Gray Skirt,Skirt,bottom,,,gray,black|brown,,,all-season,AI-detected Skirt processed on 2025-11-08,gray-skirt-1762570031.png,public
Gray Skirt,Skirt,bottom,,,gray,black|brown,,,all-season,AI-detected Skirt processed on 2025-11-08,gray-skirt-1762572581.png,public
Gray Skirt,Skirt,bottom,,,gray,black|brown,,,all-season,AI-detected Skirt processed on 2025-11-08,gray-skirt-1762574698.png,public
Gray Skirt,Skirt,bottom,,,gray,black|brown,,,all-season,AI-detected Skirt processed on 2025-11-08,gray-skirt-1762574843.png,public
Gray Skirt,Skirt,bottom,,,gray,black|brown,,,all-season,AI-detected Skirt processed on 2025-11-08,gray-skirt-1762579414.png,public
Gray Skirt,Skirt,bottom,,,gray,black|brown,,,all-season,AI-detected Skirt processed on 2025-11-08,gray-skirt-1762582007.png,public
Gray Skirt,Skirt,bottom,,,gray,black|brown,,,all-season,AI-detected Skirt processed on 2025-11-08,gray-skirt-1762583247.png,public
Gray Skirt,Skirt,bottom,,,gray,black|brown,,,all-season,AI-detected Skirt processed on 2025-11-08,gray-skirt-1762584231.png,public
Gray Skirt,Skirt,bottom,,,gray,black|brown,,,all-season,AI-detected Skirt processed on 2025-11-08,gray-skirt-1762585645.png,public
Gray Skirt,Skirt,bottom,,,gray,black|brown,,,all-season,AI-detected Skirt processed on 2025-11-08,gray-skirt-1762586395.png,public
Gray Skirt,Skirt,bottom,,,gray,black|brown,,,all-season,AI-detected Skirt processed on 2025-11-08,gray-skirt-1762588048.png,public
Gray Skirt,Skirt,bottom,,,gray,black|brown,,,all-season,AI-detected Skirt processed on 2025-11-08,gray-skirt-1762591638.png,public
Gray Skirt,Skirt,bottom,,,gray,black|brown,,,all-season,AI-detected Skirt processed on 2025-11-08,gray-skirt-1762593008.png,public
Gray Skirt,Skirt,bottom,,,gray,black|brown,,,all-season,AI-detected Skirt processed on 2025-11-08,gray-skirt-1762594431.png,public
Gray Skirt,Skirt,bottom,,,gray,black|brown,,,all-season,AI-detected Skirt processed on 2025-11-08,gray-skirt-1762595286.png,public
Gray Skirt,Skirt,bottom,,,gray,black|brown,,,all-season,AI-detected Skirt processed on 2025-11-08,gray-skirt-1762596962.png,public
Gray Skirt,Skirt,bottom,,,gray,black|brown,,,all-season,AI-detected Skirt processed on 2025-11-08,gray-skirt-1762597358.png,public
Gray Skirt,Skirt,bottom,,,gray,black|brown,,,all-season,AI-detected Skirt processed on 2025-11-08,gray-skirt-1762597900.png,public
Gray Skirt,Skirt,bottom,,,gray,black|brown,,,all-season,AI-detected Skirt processed on 2025-11-08,gray-skirt-1762604730.png,public
Gray Skirt,Skirt,bottom,,,gray,black|brown,,,all-season,AI-detected Skirt processed on 2025-11-08,gray-skirt-1762604838.png,public
Gray Skirt,Skirt,bottom,,,gray,black|brown,,,all-season,AI-detected Skirt processed on 2025-11-08,gray-skirt-1762604978.png,public
Gray Skirt,Skirt,bottom,,,gray,black|maroon,,,all-season,AI-detected Skirt processed on 2025-11-08,gray-skirt-1762594051.png,public
Gray Skirt,Skirt,bottom,,,gray,black|navy,,,all-season,AI-detected Skirt processed on 2025-11-08,gray-skirt-1762569968.png,public
Gray Skirt,Skirt,bottom,,,gray,black|navy,,,all-season,AI-detected Skirt processed on 2025-11-08,gray-skirt-1762573655.png,public
Gray Skirt,Skirt,bottom,,,gray,black|navy,,,all-season,AI-detected Skirt processed on 2025-11-08,gray-skirt-1762587757.png,public
Gray Skirt,Skirt,bottom,,,gray,black|navy,,,all-season,AI-detected Skirt processed on 2025-11-08,gray-skirt-1762599006.png,public
Gray Skirt,Skirt,bottom,,,gray,black|pink,,,all-season,AI-detected Skirt processed on 2025-11-08,gray-skirt-1762569123.png,public
Gray Skirt,Skirt,bottom,,,gray,black|pink,,,all-season,AI-detected Skirt processed on 2025-11-08,gray-skirt-1762570419.png,public
Gray Skirt,Skirt,bottom,,,gray,black|pink,,,all-season,AI-detected Skirt processed on 2025-11-08,gray-skirt-1762572986.png,public
Gray Skirt,Skirt,bottom,,,gray,black|pink,,,all-season,AI-detected Skirt processed on 2025-11-08,gray-skirt-1762576271.png,public
Gray Skirt,Skirt,bottom,,,gray,black|pink,,,all-season,AI-detected Skirt processed on 2025-11-08,gray-skirt-1762578955.png,public
Gray Skirt,Skirt,bottom,,,gray,black|pink,,,all-season,AI-detected Skirt processed on 2025-11-08,gray-skirt-1762580373.png,public
Gray Skirt,Skirt,bottom,,,gray,black|pink,,,all-season,AI-detected Skirt processed on 2025-11-08,gray-skirt-1762582493.png,public
Gray Skirt,Skirt,bottom,,,gray,black|pink,,,all-season,AI-detected Skirt processed on 2025-11-08,gray-skirt-1762583325.png,public
Gray Skirt,Skirt,bottom,,,gray,black|pink,,,all-season,AI-detected Skirt processed on 2025-11-08,gray-skirt-1762583850.png,public
Gray Skirt,Skirt,bottom,,,gray,black|pink,,,all-season,AI-detected Skirt processed on 2025-11-08,gray-skirt-1762584003.png,public
Gray Skirt,Skirt,bottom,,,gray,black|pink,,,all-season,AI-detected Skirt processed on 2025-11-08,gray-skirt-1762586566.png,public
Gray Skirt,Skirt,bottom,,,gray,black|pink,,,all-season,AI-detected Skirt processed on 2025-11-08,gray-skirt-1762586607.png,public
Gray Skirt,Skirt,bottom,,,gray,black|pink,,,all-season,AI-detected Skirt processed on 2025-11-08,gray-skirt-1762586678.png,public
Gray Skirt,Skirt,bottom,,,gray,black|pink,,,all-season,AI-detected Skirt processed on 2025-11-08,gray-skirt-1762587149.png,public
Gray Skirt,Skirt,bottom,,,gray,black|pink,,,all-season,AI-detected Skirt processed on 2025-11-08,gray-skirt-1762587538.png,public
Gray Skirt,Skirt,bottom,,,gray,black|pink,,,all-season,AI-detected Skirt processed on 2025-11-08,gray-skirt-1762587651.png,public
Gray Skirt,Skirt,bottom,,,gray,black|pink,,,all-season,AI-detected Skirt processed on 2025-11-08,gray-skirt-1762587871.png,public
Gray Skirt,Skirt,bottom,,,gray,black|pink,,,all-season,AI-detected Skirt processed on 2025-11-08,gray-skirt-1762590619.png,public
Gray Skirt,Skirt,bottom,,,gray,black|pink,,,all-season,AI-detected Skirt processed on 2025-11-08,gray-skirt-1762593644.png,public
Gray Skirt,Skirt,bottom,,,gray,black|pink,,,all-season,AI-detected Skirt processed on 2025-11-08,gray-skirt-1762595679.png,public
Gray Skirt,Skirt,bottom,,,gray,black|pink,,,all-season,AI-detected Skirt processed on 2025-11-08,gray-skirt-1762596635.png,public
Gray Skirt,Skirt,bottom,,,gray,black|pink,,,all-season,AI-detected Skirt processed on 2025-11-08,gray-skirt-1762599504.png,public
Gray Skirt,Skirt,bottom,,,gray,black|pink,,,all-season,AI-detected Skirt processed on 2025-11-08,gray-skirt-1762599900.png,public
Gray Skirt,Skirt,bottom,,,gray,black|pink,,,all-season,AI-detected Skirt processed on 2025-11-08,gray-skirt-1762600980.png,public
Gray Skirt,Skirt,bottom,,,gray,black|pink,,,all-season,AI-detected Skirt processed on 2025-11-08,gray-skirt-1762602179.png,public
Gray Skirt,Skirt,bottom,,,gray,black|pink,,,all-season,AI-detected Skirt processed on 2025-11-08,gray-skirt-1762603410.png,public
Gray Skirt,Skirt,bottom,,,gray,black|pink,,,all-season,AI-detected Skirt processed on 2025-11-08,gray-skirt-1762604048.png,public
Gray Skirt,Skirt,bottom,,,gray,black|pink,,,all-season,AI-detected Skirt processed on 2025-11-08,gray-skirt-1762605069.png,public
Gray Skirt,Skirt,bottom,,,gray,black|pink,,,all-season,AI-detected Skirt processed on 2025-11-08,gray-skirt-1762607573.png,public
Gray Skirt,Skirt,bottom,,,gray,black|purple,,,all-season,AI-detected Skirt processed on 2025-11-08,gray-skirt-1762581507.png,public
Gray Skirt,Skirt,bottom,,,gray,black|teal,,,all-season,AI-detected Skirt processed on 2025-11-08,gray-skirt-1762570215.png,public
Gray Skirt,Skirt,bottom,,,gray,black|teal,,,all-season,AI-detected Skirt processed on 2025-11-08,gray-skirt-1762572101.png,public
Gray Skirt,Skirt,bottom,,,gray,black|teal,,,all-season,AI-detected Skirt processed on 2025-11-08,gray-skirt-1762590028.png,public
Gray Skirt,Skirt,bottom,,,gray,black|teal,,,all-season,AI-detected Skirt processed on 2025-11-08,gray-skirt-1762594079.png,public
Gray Skirt,Skirt,bottom,,,gray,black|teal,,,all-season,AI-detected Skirt processed on 2025-11-08,gray-skirt-1762597330.png,public
Gray Skirt,Skirt,bottom,,,gray,black|teal,,,all-season,AI-detected Skirt processed on 2025-11-08,gray-skirt-1762599109.png,public
Gray Skirt,Skirt,bottom,,,gray,black|teal,,,all-season,AI-detected Skirt processed on 2025-11-08,gray-skirt-1762605034.png,public
Gray Skirt,Skirt,bottom,,,gray,black|teal,,,all-season,AI-detected Skirt processed on 2025-11-08,gray-skirt-1762607636.png,public
Gray Skirt,Skirt,bottom,,,gray,brown|black,,,all-season,AI-detected Skirt processed on 2025-11-08,gray-skirt-1762568647.png,public
Gray Skirt,Skirt,bottom,,,gray,brown|black,,,all-season,AI-detected Skirt processed on 2025-11-08,gray-skirt-1762570096.png,public
Gray Skirt,Skirt,bottom,,,gray,brown|black,,,all-season,AI-detected Skirt processed on 2025-11-08,gray-skirt-1762573900.png,public
Gray Skirt,Skirt,bottom,,,gray,brown|black,,,all-season,AI-detected Skirt processed on 2025-11-08,gray-skirt-1762578235.png,public
Gray Skirt,Skirt,bottom,,,gray,brown|black,,,all-season,AI-detected Skirt processed on 2025-11-08,gray-skirt-1762579004.png,public
Gray Skirt,Skirt,bottom,,,gray,brown|black,,,all-season,AI-detected Skirt processed on 2025-11-08,gray-skirt-1762581546.png,public
Gray Skirt,Skirt,bottom,,,gray,brown|black,,,all-season,AI-detected Skirt processed on 2025-11-08,gray-skirt-1762581599.png,public
Gray Skirt,Skirt,bottom,,,gray,brown|black,,,all-season,AI-detected Skirt processed on 2025-11-08,gray-skirt-1762583289.png,public
Gray Skirt,Skirt,bottom,,,gray,brown|black,,,all-season,AI-detected Skirt processed on 2025-11-08,gray-skirt-1762595438.png,public
Gray Skirt,Skirt,bottom,,,gray,maroon|black,,,all-season,AI-detected Skirt processed on 2025-11-08,gray-skirt-1762590582.png,public
Gray Skirt,Skirt,bottom,,,gray,maroon|black,,,all-season,AI-detected Skirt processed on 2025-11-08,gray-skirt-1762593623.png,public
Gray Skirt,Skirt,bottom,,,gray,maroon|black,,,all-season,AI-detected Skirt processed on 2025-11-08,gray-skirt-1762607036.png,public
Gray Skirt,Skirt,bottom,,,gray,navy|black,,,all-season,AI-detected Skirt processed on 2025-11-08,gray-skirt-1762572255.png,public
Gray Skirt,Skirt,bottom,,,gray,navy|black,,,all-season,AI-detected Skirt processed on 2025-11-08,gray-skirt-1762581469.png,public
Gray Skirt,Skirt,bottom,,,gray,navy|black,,,all-season,AI-detected Skirt processed on 2025-11-08,gray-skirt-1762585721.png,public
Gray Skirt,Skirt,bottom,,,gray,navy|black,,,all-season,AI-detected Skirt processed on 2025-11-08,gray-skirt-1762600926.png,public
Gray Skirt,Skirt,bottom,,,gray,olive|black,,,all-season,AI-detected Skirt processed on 2025-11-08,gray-skirt-1762574594.png,public
Gray Skirt,Skirt,bottom,,,gray,pink|black,,,all-season,AI-detected Skirt processed on 2025-11-08,gray-skirt-1762568801.png,public
Gray Skirt,Skirt,bottom,,,gray,pink|black,,,all-season,AI-detected Skirt processed on 2025-11-08,gray-skirt-1762571266.png,public
Gray Skirt,Skirt,bottom,,,gray,pink|black,,,all-season,AI-detected Skirt processed on 2025-11-08,gray-skirt-1762572926.png,public
Gray Skirt,Skirt,bottom,,,gray,pink|black,,,all-season,AI-detected Skirt processed on 2025-11-08,gray-skirt-1762573553.png,public
Gray Skirt,Skirt,bottom,,,gray,pink|black,,,all-season,AI-detected Skirt processed on 2025-11-08,gray-skirt-1762575189.png,public
Gray Skirt,Skirt,bottom,,,gray,pink|black,,,all-season,AI-detected Skirt processed on 2025-11-08,gray-skirt-1762575196.png,public
Gray Skirt,Skirt,bottom,,,gray,pink|black,,,all-season,AI-detected Skirt processed on 2025-11-08,gray-skirt-1762576061.png,public
Gray Skirt,Skirt,bottom,,,gray,pink|black,,,all-season,AI-detected Skirt processed on 2025-11-08,gray-skirt-1762577659.png,public
Gray Skirt,Skirt,bottom,,,gray,pink|black,,,all-season,AI-detected Skirt processed on 2025-11-08,gray-skirt-1762579008.png,public
Gray Skirt,Skirt,bottom,,,gray,pink|black,,,all-season,AI-detected Skirt processed on 2025-11-08,gray-skirt-1762580501.png,public
Gray Skirt,Skirt,bottom,,,gray,pink|black,,,all-season,AI-detected Skirt processed on 2025-11-08,gray-skirt-1762581183.png,public
Gray Skirt,Skirt,bottom,,,gray,pink|black,,,all-season,AI-detected Skirt processed on 2025-11-08,gray-skirt-1762581585.png,public
Gray Skirt,Skirt,bottom,,,gray,pink|black,,,all-season,AI-detected Skirt processed on 2025-11-08,gray-skirt-1762582405.png,public
Gray Skirt,Skirt,bottom,,,gray,pink|black,,,all-season,AI-detected Skirt processed on 2025-11-08,gray-skirt-1762582702.png,public
Gray Skirt,Skirt,bottom,,,gray,pink|black,,,all-season,AI-detected Skirt processed on 2025-11-08,gray-skirt-1762585905.png,public
Gray Skirt,Skirt,bottom,,,gray,pink|black,,,all-season,AI-detected Skirt processed on 2025-11-08,gray-skirt-1762586081.png,public
Gray Skirt,Skirt,bottom,,,gray,pink|black,,,all-season,AI-detected Skirt processed on 2025-11-08,gray-skirt-1762587388.png,public
Gray Skirt,Skirt,bottom,,,gray,pink|black,,,all-season,AI-detected Skirt processed on 2025-11-08,gray-skirt-1762588771.png,public
Gray Skirt,Skirt,bottom,,,gray,pink|black,,,all-season,AI-detected Skirt processed on 2025-11-08,gray-skirt-1762589541.png,public
Gray Skirt,Skirt,bottom,,,gray,pink|black,,,all-season,AI-detected Skirt processed on 2025-11-08,gray-skirt-1762589727.png,public
Gray Skirt,Skirt,bottom,,,gray,pink|black,,,all-season,AI-detected Skirt processed on 2025-11-08,gray-skirt-1762589929.png,public
Gray Skirt,Skirt,bottom,,,gray,pink|black,,,all-season,AI-detected Skirt processed on 2025-11-08,gray-skirt-1762589944.png,public
Gray Skirt,Skirt,bottom,,,gray,pink|black,,,all-season,AI-detected Skirt processed on 2025-11-08,gray-skirt-1762590280.png,public
Gray Skirt,Skirt,bottom,,,gray,pink|black,,,all-season,AI-detected Skirt processed on 2025-11-08,gray-skirt-1762590519.png,public
Gray Skirt,Skirt,bottom,,,gray,pink|black,,,all-season,AI-detected Skirt processed on 2025-11-08,gray-skirt-1762597414.png,public
Gray Skirt,Skirt,bottom,,,gray,pink|black,,,all-season,AI-detected Skirt processed on 2025-11-08,gray-skirt-1762598159.png,public
Gray Skirt,Skirt,bottom,,,gray,pink|black,,,all-season,AI-detected Skirt processed on 2025-11-08,gray-skirt-1762598234.png,public
Gray Skirt,Skirt,bottom,,,gray,pink|black,,,all-season,AI-detected Skirt processed on 2025-11-08,gray-skirt-1762598315.png,public
Gray Skirt,Skirt,bottom,,,gray,pink|black,,,all-season,AI-detected Skirt processed on 2025-11-08,gray-skirt-1762598979.png,public
Gray Skirt,Skirt,bottom,,,gray,pink|black,,,all-season,AI-detected Skirt processed on 2025-11-08,gray-skirt-1762602976.png,public
Gray Skirt,Skirt,bottom,,,gray,pink|black,,,all-season,AI-detected Skirt processed on 2025-11-08,gray-skirt-1762605379.png,public
Gray Skirt,Skirt,bottom,,,gray,pink|black,,,all-season,AI-detected Skirt processed on 2025-11-08,gray-skirt-1762605492.png,public
Gray Skirt,Skirt,bottom,,,gray,pink|black,,,all-season,AI-detected Skirt processed on 2025-11-08,gray-skirt-1762606783.png,public
Gray Skirt,Skirt,bottom,,,gray,pink|black,,,all-season,AI-detected Skirt processed on 2025-11-08,gray-skirt-1762606941.png,public
Gray Skirt,Skirt,bottom,,,gray,teal|black,,,all-season,AI-detected Skirt processed on 2025-11-08,gray-skirt-1762571782.png,public
Gray Skirt,Skirt,bottom,,,gray,teal|black,,,all-season,AI-detected Skirt processed on 2025-11-08,gray-skirt-1762583925.png,public
Gray Skirt,Skirt,bottom,,,gray,teal|black,,,all-season,AI-detected Skirt processed on 2025-11-08,gray-skirt-1762584437.png,public
Gray Skirt,Skirt,bottom,,,gray,teal|black,,,all-season,AI-detected Skirt processed on 2025-11-08,gray-skirt-1762587361.png,public
Gray Skirt,Skirt,bottom,,,gray,teal|black,,,all-season,AI-detected Skirt processed on 2025-11-08,gray-skirt-1762594832.png,public
Gray Skirt,Skirt,bottom,,,gray,teal|black,,,all-season,AI-detected Skirt processed on 2025-11-08,gray-skirt-1762598308.png,public
Gray Skirt,Skirt,bottom,,,gray,teal|black,,,all-season,AI-detected Skirt processed on 2025-11-08,gray-skirt-1762598622.png,public
Gray Skirt,Skirt,bottom,,,gray,teal|black,,,all-season,AI-detected Skirt processed on 2025-11-08,gray-skirt-1762598701.png,public
Gray Skirt,Skirt,bottom,,,gray,teal|black,,,all-season,AI-detected Skirt processed on 2025-11-08,gray-skirt-1762598773.png,public
Gray Skirt,Skirt,bottom,,,gray,teal|black,,,all-season,AI-detected Skirt processed on 2025-11-08,gray-skirt-1762599035.png,public
Gray T-Shirt,T-Shirt,top,,,gray,black,,,all-season,AI-detected T-Shirt processed on 2025-11-08,gray-t-shirt-1762576584.png,public
Gray T-Shirt,T-Shirt,top,,,gray,black|brown,,,all-season,AI-detected T-Shirt processed on 2025-11-08,gray-t-shirt-1762588466.png,public
Gray T-Shirt,T-Shirt,top,,,gray,black|brown,,,all-season,AI-detected T-Shirt processed on 2025-11-08,gray-t-shirt-1762588983.png,public
Gray T-Shirt,T-Shirt,top,,,gray,black|pink,,,all-season,AI-detected T-Shirt processed on 2025-11-08,gray-t-shirt-1762603923.png,public
Gray T-Shirt,T-Shirt,top,,,gray,pink|black,,,all-season,AI-detected T-Shirt processed on 2025-11-08,gray-t-shirt-1762595615.png,public
Gray Top,Top,top,,,gray,black,,,all-season,AI-detected Top processed on 2025-11-08,gray-top-1762603299.png,public
Gray Top,Top,top,,,gray,black|beige,,,all-season,AI-detected Top processed on 2025-11-08,gray-top-1762606661.png,public
Gray Top,Top,top,,,gray,black|cyan,,,all-season,AI-detected Top processed on 2025-11-08,gray-top-1762596937.png,public
Gray Undershirt,Undershirt,top,,,gray,black,,,all-season,AI-detected Undershirt processed on 2025-11-08,gray-undershirt-1762599718.png,public
Gray Undershirt,Undershirt,top,,,gray,black|brown,,,all-season,AI-detected Undershirt processed on 2025-11-08,gray-undershirt-1762578537.png,public
Gray Undershirt,Undershirt,top,,,gray,black|brown,,,all-season,AI-detected Undershirt processed on 2025-11-08,gray-undershirt-1762595488.png,public
Gray Undershirt,Undershirt,top,,,gray,pink|black,,,all-season,AI-detected Undershirt processed on 2025-11-08,gray-undershirt-1762578705.png,public
Magenta Skirt,Skirt,bottom,,,magenta,brown|black,,,all-season,AI-detected Skirt processed on 2025-11-08,magenta-skirt-1762593952.png,public
Maroon Blazer,Blazer,outerwear,,,maroon,black|brown,,,all-season,AI-detected Blazer processed on 2025-11-08,maroon-blazer-1762574215.png,public
Maroon Blazer,Blazer,outerwear,,,maroon,black|brown,,,all-season,AI-detected Blazer processed on 2025-11-08,maroon-blazer-1762579894.png,public
Maroon Blazer,Blazer,outerwear,,,maroon,brown|black,,,all-season,AI-detected Blazer processed on 2025-11-08,maroon-blazer-1762601050.png,public
Maroon Blazer,Blazer,outerwear,,,maroon,brown|black,,,all-season,AI-detected Blazer processed on 2025-11-08,maroon-blazer-1762601476.png,public
Maroon Blazer,Blazer,outerwear,,,maroon,gray|black,,,all-season,AI-detected Blazer processed on 2025-11-08,maroon-blazer-1762576480.png,public
Maroon Blazer,Blazer,outerwear,,,maroon,gray|black,,,all-season,AI-detected Blazer processed on 2025-11-08,maroon-blazer-1762585429.png,public
Maroon Dress,Dress,outerwear,,,maroon,black,,,all-season,AI-detected Dress processed on 2025-11-08,maroon-dress-1762570205.png,public
Maroon Dress,Dress,outerwear,,,maroon,black,,,all-season,AI-detected Dress processed on 2025-11-08,maroon-dress-1762570603.png,public
Maroon Dress,Dress,outerwear,,,maroon,black,,,all-season,AI-detected Dress processed on 2025-11-08,maroon-dress-1762572545.png,public
Maroon Dress,Dress,outerwear,,,maroon,black,,,all-season,AI-detected Dress processed on 2025-11-08,maroon-dress-1762586913.png,public
Maroon Dress,Dress,outerwear,,,maroon,black,,,all-season,AI-detected Dress processed on 2025-11-08,maroon-dress-1762587023.png,public
Maroon Dress,Dress,outerwear,,,maroon,black,,,all-season,AI-detected Dress processed on 2025-11-08,maroon-dress-1762588964.png,public
Maroon Dress,Dress,outerwear,,,maroon,black|brown,,,all-season,AI-detected Dress processed on 2025-11-08,maroon-dress-1762573662.png,public
Maroon Dress,Dress,outerwear,,,maroon,black|brown,,,all-season,AI-detected Dress processed on 2025-11-08,maroon-dress-1762578972.png,public
Maroon Dress,Dress,outerwear,,,maroon,black|brown,,,all-season,AI-detected Dress processed on 2025-11-08,maroon-dress-1762580848.png,public
Maroon Dress,Dress,outerwear,,,maroon,black|brown,,,all-season,AI-detected Dress processed on 2025-11-08,maroon-dress-1762582272.png,public
Maroon Dress,Dress,outerwear,,,maroon,black|brown,,,all-season,AI-detected Dress processed on 2025-11-08,maroon-dress-1762583103.png,public
Maroon Dress,Dress,outerwear,,,maroon,black|brown,,,all-season,AI-detected Dress processed on 2025-11-08,maroon-dress-1762586277.png,public
Maroon Dress,Dress,outerwear,,,maroon,black|brown,,,all-season,AI-detected Dress processed on 2025-11-08,maroon-dress-1762589379.png,public
Maroon Dress,Dress,outerwear,,,maroon,black|brown,,,all-season,AI-detected Dress processed on 2025-11-08,maroon-dress-1762592660.png,public
Maroon Dress,Dress,outerwear,,,maroon,black|brown,,,all-season,AI-detected Dress processed on 2025-11-08,maroon-dress-1762592828.png,public
Maroon Dress,Dress,outerwear,,,maroon,black|brown,,,all-season,AI-detected Dress processed on 2025-11-08,maroon-dress-1762593994.png,public
Maroon Dress,Dress,outerwear,,,maroon,black|brown,,,all-season,AI-detected Dress processed on 2025-11-08,maroon-dress-1762597526.png,public
Maroon Dress,Dress,outerwear,,,maroon,black|brown,,,all-season,AI-detected Dress processed on 2025-11-08,maroon-dress-1762597896.png,public
Maroon Dress,Dress,outerwear,,,maroon,black|brown,,,all-season,AI-detected Dress processed on 2025-11-08,maroon-dress-1762598450.png,public
Maroon Dress,Dress,outerwear,,,maroon,black|brown,,,all-season,AI-detected Dress processed on 2025-11-08,maroon-dress-1762603517.png,public
Maroon Dress,Dress,outerwear,,,maroon,black|brown,,,all-season,AI-detected Dress processed on 2025-11-08,maroon-dress-1762603837.png,public
Maroon Dress,Dress,outerwear,,,maroon,black|brown,,,all-season,AI-detected Dress processed on 2025-11-08,maroon-dress-1762604863.png,public
Maroon Dress,Dress,outerwear,,,maroon,black|gray,,,all-season,AI-detected Dress processed on 2025-11-08,maroon-dress-1762569792.png,public
Maroon Dress,Dress,outerwear,,,maroon,black|gray,,,all-season,AI-detected Dress processed on 2025-11-08,maroon-dress-1762571902.png,public
Maroon Dress,Dress,outerwear,,,maroon,black|gray,,,all-season,AI-detected Dress processed on 2025-11-08,maroon-dress-1762572512.png,public
Maroon Dress,Dress,outerwear,,,maroon,black|gray,,,all-season,AI-detected Dress processed on 2025-11-08,maroon-dress-1762574315.png,public
Maroon Dress,Dress,outerwear,,,maroon,black|gray,,,all-season,AI-detected Dress processed on 2025-11-08,maroon-dress-1762588481.png,public
Maroon Dress,Dress,outerwear,,,maroon,black|gray,,,all-season,AI-detected Dress processed on 2025-11-08,maroon-dress-1762588989.png,public
Maroon Dress,Dress,outerwear,,,maroon,black|gray,,,all-season,AI-detected Dress processed on 2025-11-08,maroon-dress-1762600838.png,public
Maroon Dress,Dress,outerwear,,,maroon,black|gray,,,all-season,AI-detected Dress processed on 2025-11-08,maroon-dress-1762607098.png,public
Maroon Dress,Dress,outerwear,,,maroon,black|olive,,,all-season,AI-detected Dress processed on 2025-11-08,maroon-dress-1762592957.png,public
Maroon Dress,Dress,outerwear,,,maroon,black|pink,,,all-season,AI-detected Dress processed on 2025-11-08,maroon-dress-1762606464.png,public
Maroon Dress,Dress,outerwear,,,maroon,black|purple,,,all-season,AI-detected Dress processed on 2025-11-08,maroon-dress-1762603485.png,public
Maroon Dress,Dress,outerwear,,,maroon,brown|black,,,all-season,AI-detected Dress processed on 2025-11-08,maroon-dress-1762572365.png,public
Maroon Dress,Dress,outerwear,,,maroon,brown|black,,,all-season,AI-detected Dress processed on 2025-11-08,maroon-dress-1762575155.png,public
Maroon Dress,Dress,outerwear,,,maroon,brown|black,,,all-season,AI-detected Dress processed on 2025-11-08,maroon-dress-1762583152.png,public
Maroon Dress,Dress,outerwear,,,maroon,brown|black,,,all-season,AI-detected Dress processed on 2025-11-08,maroon-dress-1762589149.png,public
Maroon Dress,Dress,outerwear,,,maroon,brown|black,,,all-season,AI-detected Dress processed on 2025-11-08,maroon-dress-1762591006.png,public
Maroon Dress,Dress,outerwear,,,maroon,brown|black,,,all-season,AI-detected Dress processed on 2025-11-08,maroon-dress-1762592759.png,public
Maroon Dress,Dress,outerwear,,,maroon,brown|black,,,all-season,AI-detected Dress processed on 2025-11-08,maroon-dress-1762594968.png,public
Maroon Dress,Dress,outerwear,,,maroon,brown|black,,,all-season,AI-detected Dress processed on 2025-11-08,maroon-dress-1762603650.png,public
Maroon Dress,Dress,outerwear,,,maroon,brown|black,,,all-season,AI-detected Dress processed on 2025-11-08,maroon-dress-1762605627.png,public
Maroon Dress,Dress,outerwear,,,maroon,gray|black,,,all-season,AI-detected Dress processed on 2025-11-08,maroon-dress-1762589286.png,public
Maroon Dress,Dress,outerwear,,,maroon,gray|black,,,all-season,AI-detected Dress processed on 2025-11-08,maroon-dress-1762606106.png,public
Maroon Hat,Hat,accessory,,,maroon,black,,,all-season,AI-detected Hat processed on 2025-11-08,maroon-hat-1762570643.png,public
Maroon Hat,Hat,accessory,,,maroon,black,,,all-season,AI-detected Hat processed on 2025-11-08,maroon-hat-1762581527.png,public
Maroon Hat,Hat,accessory,,,maroon,black,,,all-season,AI-detected Hat processed on 2025-11-08,maroon-hat-1762586372.png,public
Maroon Hat,Hat,accessory,,,maroon,black,,,all-season,AI-detected Hat processed on 2025-11-08,maroon-hat-1762587812.png,public
Maroon Hat,Hat,accessory,,,maroon,black,,,all-season,AI-detected Hat processed on 2025-11-08,maroon-hat-1762605506.png,public
Maroon Hat,Hat,accessory,,,maroon,black,,,all-season,AI-detected Hat processed on 2025-11-08,maroon-hat-1762606487.png,public
Maroon Hat,Hat,accessory,,,maroon,black,,,all-season,AI-detected Hat processed on 2025-11-08,maroon-hat-1762606962.png,public
Maroon Hat,Hat,accessory,,,maroon,black,,,all-season,AI-detected Hat processed on 2025-11-08,maroon-hat-1762607251.png,public
Maroon Hat,Hat,accessory,,,maroon,black|brown,,,all-season,AI-detected Hat processed on 2025-11-08,maroon-hat-1762569752.png,public
Maroon Hat,Hat,accessory,,,maroon,black|brown,,,all-season,AI-detected Hat processed on 2025-11-08,maroon-hat-1762570279.png,public
Maroon Hat,Hat,accessory,,,maroon,black|brown,,,all-season,AI-detected Hat processed on 2025-11-08,maroon-hat-1762570974.png,public
Maroon Hat,Hat,accessory,,,maroon,black|brown,,,all-season,AI-detected Hat processed on 2025-11-08,maroon-hat-1762577255.png,public
Maroon Hat,Hat,accessory,,,maroon,black|brown,,,all-season,AI-detected Hat processed on 2025-11-08,maroon-hat-1762580176.png,public
Maroon Hat,Hat,accessory,,,maroon,black|brown,,,all-season,AI-detected Hat processed on 2025-11-08,maroon-hat-1762581497.png,public
Maroon Hat,Hat,accessory,,,maroon,black|brown,,,all-season,AI-detected Hat processed on 2025-11-08,maroon-hat-1762583444.png,public
Maroon Hat,Hat,accessory,,,maroon,black|brown,,,all-season,AI-detected Hat processed on 2025-11-08,maroon-hat-1762591988.png,public
Maroon Hat,Hat,accessory,,,maroon,black|brown,,,all-season,AI-detected Hat processed on 2025-11-08,maroon-hat-1762592149.png,public
Maroon Hat,Hat,accessory,,,maroon,black|brown,,,all-season,AI-detected Hat processed on 2025-11-08,maroon-hat-1762597869.png,public
Maroon Hat,Hat,accessory,,,maroon,black|brown,,,all-season,AI-detected Hat processed on 2025-11-08,maroon-hat-1762602288.png,public
Maroon Hat,Hat,accessory,,,maroon,black|brown,,,all-season,AI-detected Hat processed on 2025-11-08,maroon-hat-1762603733.png,public
Maroon Hat,Hat,accessory,,,maroon,black|brown,,,all-season,AI-detected Hat processed on 2025-11-08,maroon-hat-1762604841.png,public
Maroon Hat,Hat,accessory,,,maroon,black|brown,,,all-season,AI-detected Hat processed on 2025-11-08,maroon-hat-1762605393.png,public
Maroon Hat,Hat,accessory,,,maroon,black|gray,,,all-season,AI-detected Hat processed on 2025-11-08,maroon-hat-1762571448.png,public
Maroon Hat,Hat,accessory,,,maroon,black|gray,,,all-season,AI-detected Hat processed on 2025-11-08,maroon-hat-1762572361.png,public
Maroon Hat,Hat,accessory,,,maroon,black|gray,,,all-season,AI-detected Hat processed on 2025-11-08,maroon-hat-1762580225.png,public
Maroon Hat,Hat,accessory,,,maroon,black|gray,,,all-season,AI-detected Hat processed on 2025-11-08,maroon-hat-1762582593.png,public
Maroon Hat,Hat,accessory,,,maroon,black|gray,,,all-season,AI-detected Hat processed on 2025-11-08,maroon-hat-1762593523.png,public
Maroon Hat,Hat,accessory,,,maroon,black|gray,,,all-season,AI-detected Hat processed on 2025-11-08,maroon-hat-1762606226.png,public
Maroon Hat,Hat,accessory,,,maroon,black|pink,,,all-season,AI-detected Hat processed on 2025-11-08,maroon-hat-1762593819.png,public
Maroon Hat,Hat,accessory,,,maroon,black|red,,,all-season,AI-detected Hat processed on 2025-11-08,maroon-hat-1762586593.png,public
Maroon Hat,Hat,accessory,,,maroon,brown|black,,,all-season,AI-detected Hat processed on 2025-11-08,maroon-hat-1762572921.png,public
Maroon Hat,Hat,accessory,,,maroon,brown|black,,,all-season,AI-detected Hat processed on 2025-11-08,maroon-hat-1762574597.png,public
Maroon Hat,Hat,accessory,,,maroon,brown|black,,,all-season,AI-detected Hat processed on 2025-11-08,maroon-hat-1762593492.png,public
Maroon Hat,Hat,accessory,,,maroon,brown|black,,,all-season,AI-detected Hat processed on 2025-11-08,maroon-hat-1762605961.png,public
Maroon Hat,Hat,accessory,,,maroon,brown|black,,,all-season,AI-detected Hat processed on 2025-11-08,maroon-hat-1762606527.png,public
Maroon Hat,Hat,accessory,,,maroon,brown|gray,,,all-season,AI-detected Hat processed on 2025-11-08,maroon-hat-1762606174.png,public
Maroon Hat,Hat,accessory,,,maroon,gray|black,,,all-season,AI-detected Hat processed on 2025-11-08,maroon-hat-1762580796.png,public
Maroon Hat,Hat,accessory,,,maroon,gray|black,,,all-season,AI-detected Hat processed on 2025-11-08,maroon-hat-1762582750.png,public
Maroon Hat,Hat,accessory,,,maroon,pink|black,,,all-season,AI-detected Hat processed on 2025-11-08,maroon-hat-1762572848.png,public
Maroon Hat,Hat,accessory,,,maroon,pink|black,,,all-season,AI-detected Hat processed on 2025-11-08,maroon-hat-1762573357.png,public
Maroon Longsleeve,Longsleeve,top,,,maroon,black|beige,,,all-season,AI-detected Longsleeve processed on 2025-11-08,maroon-longsleeve-1762604123.png,public
Maroon Longsleeve,Longsleeve,top,,,maroon,black|brown,,,all-season,AI-detected Longsleeve processed on 2025-11-08,maroon-longsleeve-1762596613.png,public
Maroon Longsleeve,Longsleeve,top,,,maroon,black|gray,,,all-season,AI-detected Longsleeve processed on 2025-11-08,maroon-longsleeve-1762591521.png,public
Maroon Outwear,Outwear,outerwear,,,maroon,black|brown,,,all-season,AI-detected Outwear processed on 2025-11-08,maroon-outwear-1762578267.png,public
Maroon Outwear,Outwear,outerwear,,,maroon,black|brown,,,all-season,AI-detected Outwear processed on 2025-11-08,maroon-outwear-1762586703.png,public
Maroon Outwear,Outwear,outerwear,,,maroon,black|brown,,,all-season,AI-detected Outwear processed on 2025-11-08,maroon-outwear-1762601902.png,public
Maroon Outwear,Outwear,outerwear,,,maroon,black|pink,,,all-season,AI-detected Outwear processed on 2025-11-08,maroon-outwear-1762571749.png,public
Maroon Outwear,Outwear,outerwear,,,maroon,brown|black,,,all-season,AI-detected Outwear processed on 2025-11-08,maroon-outwear-1762569662.png,public
Maroon Pants,Pants,bottom,,,maroon,black|gray,,,all-season,AI-detected Pants processed on 2025-11-08,maroon-pants-1762571715.png,public
Maroon Polo,Polo,top,,,maroon,black|brown,,,all-season,AI-detected Polo processed on 2025-11-08,maroon-polo-1762597049.png,public
Maroon Shirt,Shirt,top,,,maroon,black|brown,,,all-season,AI-detected Shirt processed on 2025-11-08,maroon-shirt-1762599188.png,public
Maroon Shoes,Shoes,shoes,,,maroon,black|beige,,,all-season,AI-detected Shoes processed on 2025-11-08,maroon-shoes-1762593854.png,public
Maroon Shoes,Shoes,shoes,,,maroon,black|brown,,,all-season,AI-detected Shoes processed on 2025-11-08,maroon-shoes-1762569570.png,public
Maroon Shoes,Shoes,shoes,,,maroon,black|brown,,,all-season,AI-detected Shoes processed on 2025-11-08,maroon-shoes-1762577191.png,public
Maroon Shoes,Shoes,shoes,,,maroon,black|brown,,,all-season,AI-detected Shoes processed on 2025-11-08,maroon-shoes-1762587434.png,public
Maroon Shoes,Shoes,shoes,,,maroon,black|gray,,,all-season,AI-detected Shoes processed on 2025-11-08,maroon-shoes-1762582827.png,public
Maroon Shoes,Shoes,shoes,,,maroon,black|gray,,,all-season,AI-detected Shoes processed on 2025-11-08,maroon-shoes-1762583307.png,public
Maroon Shoes,Shoes,shoes,,,maroon,black|gray,,,all-season,AI-detected Shoes processed on 2025-11-08,maroon-shoes-1762605422.png,public
Maroon Shoes,Shoes,shoes,,,maroon,black|gray,,,all-season,AI-detected Shoes processed on 2025-11-08,maroon-shoes-1762607586.png,public
Maroon Shoes,Shoes,shoes,,,maroon,black|olive,,,all-season,AI-detected Shoes processed on 2025-11-08,maroon-shoes-1762597606.png,public
Maroon Shoes,Shoes,shoes,,,maroon,brown|black,,,all-season,AI-detected Shoes processed on 2025-11-08,maroon-shoes-1762582996.png,public
Maroon Shoes,Shoes,shoes,,,maroon,brown|black,,,all-season,AI-detected Shoes processed on 2025-11-08,maroon-shoes-1762590898.png,public
Maroon Shoes,Shoes,shoes,,,maroon,brown|black,,,all-season,AI-detected Shoes processed on 2025-11-08,maroon-shoes-1762602675.png,public
Maroon Shoes,Shoes,shoes,,,maroon,olive|black,,,all-season,AI-detected Shoes processed on 2025-11-08,maroon-shoes-1762570338.png,public
Maroon Shorts,Shorts,bottom,,,maroon,black,,,all-season,AI-detected Shorts processed on 2025-11-08,maroon-shorts-1762572753.png,public
Maroon Skirt,Skirt,bottom,,,maroon,black,,,all-season,AI-detected Skirt processed on 2025-11-08,maroon-skirt-1762569403.png,public
Maroon Skirt,Skirt,bottom,,,maroon,black,,,all-season,AI-detected Skirt processed on 2025-11-08,maroon-skirt-1762569818.png,public
Maroon Skirt,Skirt,bottom,,,maroon,black,,,all-season,AI-detected Skirt processed on 2025-11-08,maroon-skirt-1762571190.png,public
Maroon Skirt,Skirt,bottom,,,maroon,black,,,all-season,AI-detected Skirt processed on 2025-11-08,maroon-skirt-1762571696.png,public
Maroon Skirt,Skirt,bottom,,,maroon,black,,,all-season,AI-detected Skirt processed on 2025-11-08,maroon-skirt-1762572216.png,public
Maroon Skirt,Skirt,bottom,,,maroon,black,,,all-season,AI-detected Skirt processed on 2025-11-08,maroon-skirt-1762573790.png,public
Maroon Skirt,Skirt,bottom,,,maroon,black,,,all-season,AI-detected Skirt processed on 2025-11-08,maroon-skirt-1762575997.png,public
Maroon Skirt,Skirt,bottom,,,maroon,black,,,all-season,AI-detected Skirt processed on 2025-11-08,maroon-skirt-1762578521.png,public
Maroon Skirt,Skirt,bottom,,,maroon,black,,,all-season,AI-detected Skirt processed on 2025-11-08,maroon-skirt-1762578663.png,public
Maroon Skirt,Skirt,bottom,,,maroon,black,,,all-season,AI-detected Skirt processed on 2025-11-08,maroon-skirt-1762583377.png,public
Maroon Skirt,Skirt,bottom,,,maroon,black,,,all-season,AI-detected Skirt processed on 2025-11-08,maroon-skirt-1762585466.png,public
Maroon Skirt,Skirt,bottom,,,maroon,black,,,all-season,AI-detected Skirt processed on 2025-11-08,maroon-skirt-1762588571.png,public
Maroon Skirt,Skirt,bottom,,,maroon,black,,,all-season,AI-detected Skirt processed on 2025-11-08,maroon-skirt-1762599842.png,public
Maroon Skirt,Skirt,bottom,,,maroon,black,,,all-season,AI-detected Skirt processed on 2025-11-08,maroon-skirt-1762603255.png,public
Maroon Skirt,Skirt,bottom,,,maroon,black,,,all-season,AI-detected Skirt processed on 2025-11-08,maroon-skirt-1762603757.png,public
Maroon Skirt,Skirt,bottom,,,maroon,black,,,all-season,AI-detected Skirt processed on 2025-11-08,maroon-skirt-1762603931.png,public
Maroon Skirt,Skirt,bottom,,,maroon,black,,,all-season,AI-detected Skirt processed on 2025-11-08,maroon-skirt-1762603981.png,public
Maroon Skirt,Skirt,bottom,,,maroon,black|brown,,,all-season,AI-detected Skirt processed on 2025-11-08,maroon-skirt-1762569457.png,public
Maroon Skirt,Skirt,bottom,,,maroon,black|brown,,,all-season,AI-detected Skirt processed on 2025-11-08,maroon-skirt-1762569727.png,public
Maroon Skirt,Skirt,bottom,,,maroon,black|brown,,,all-season,AI-detected Skirt processed on 2025-11-08,maroon-skirt-1762570447.png,public
Maroon Skirt,Skirt,bottom,,,maroon,black|brown,,,all-season,AI-detected Skirt processed on 2025-11-08,maroon-skirt-1762570631.png,public
Maroon Skirt,Skirt,bottom,,,maroon,black|brown,,,all-season,AI-detected Skirt processed on 2025-11-08,maroon-skirt-1762573091.png,public
Maroon Skirt,Skirt,bottom,,,maroon,black|brown,,,all-season,AI-detected Skirt processed on 2025-11-08,maroon-skirt-1762573361.png,public
Maroon Skirt,Skirt,bottom,,,maroon,black|brown,,,all-season,AI-detected Skirt processed on 2025-11-08,maroon-skirt-1762575073.png,public
Maroon Skirt,Skirt,bottom,,,maroon,black|brown,,,all-season,AI-detected Skirt processed on 2025-11-08,maroon-skirt-1762581333.png,public
Maroon Skirt,Skirt,bottom,,,maroon,black|brown,,,all-season,AI-detected Skirt processed on 2025-11-08,maroon-skirt-1762585749.png,public
Maroon Skirt,Skirt,bottom,,,maroon,black|brown,,,all-season,AI-detected Skirt processed on 2025-11-08,maroon-skirt-1762588261.png,public
Maroon Skirt,Skirt,bottom,,,maroon,black|brown,,,all-season,AI-detected Skirt processed on 2025-11-08,maroon-skirt-1762595764.png,public
Maroon Skirt,Skirt,bottom,,,maroon,black|brown,,,all-season,AI-detected Skirt processed on 2025-11-08,maroon-skirt-1762601580.png,public
Maroon Skirt,Skirt,bottom,,,maroon,black|gray,,,all-season,AI-detected Skirt processed on 2025-11-08,maroon-skirt-1762569998.png,public
Maroon Skirt,Skirt,bottom,,,maroon,black|gray,,,all-season,AI-detected Skirt processed on 2025-11-08,maroon-skirt-1762570164.png,public
Maroon Skirt,Skirt,bottom,,,maroon,black|gray,,,all-season,AI-detected Skirt processed on 2025-11-08,maroon-skirt-1762574299.png,public
Maroon Skirt,Skirt,bottom,,,maroon,black|gray,,,all-season,AI-detected Skirt processed on 2025-11-08,maroon-skirt-1762593541.png,public
Maroon Skirt,Skirt,bottom,,,maroon,black|gray,,,all-season,AI-detected Skirt processed on 2025-11-08,maroon-skirt-1762600994.png,public
Maroon Skirt,Skirt,bottom,,,maroon,black|gray,,,all-season,AI-detected Skirt processed on 2025-11-08,maroon-skirt-1762604267.png,public
Maroon Skirt,Skirt,bottom,,,maroon,black|pink,,,all-season,AI-detected Skirt processed on 2025-11-08,maroon-skirt-1762591303.png,public
Maroon Skirt,Skirt,bottom,,,maroon,brown|black,,,all-season,AI-detected Skirt processed on 2025-11-08,maroon-skirt-1762572458.png,public
Maroon Skirt,Skirt,bottom,,,maroon,brown|black,,,all-season,AI-detected Skirt processed on 2025-11-08,maroon-skirt-1762581801.png,public
Maroon Skirt,Skirt,bottom,,,maroon,brown|black,,,all-season,AI-detected Skirt processed on 2025-11-08,maroon-skirt-1762582376.png,public
Maroon Skirt,Skirt,bottom,,,maroon,brown|black,,,all-season,AI-detected Skirt processed on 2025-11-08,maroon-skirt-1762585950.png,public
Maroon Skirt,Skirt,bottom,,,maroon,brown|black,,,all-season,AI-detected Skirt processed on 2025-11-08,maroon-skirt-1762600739.png,public
Maroon Skirt,Skirt,bottom,,,maroon,brown|black,,,all-season,AI-detected Skirt processed on 2025-11-08,maroon-skirt-1762600815.png,public
Maroon Skirt,Skirt,bottom,,,maroon,brown|black,,,all-season,AI-detected Skirt processed on 2025-11-08,maroon-skirt-1762601492.png,public
Maroon Skirt,Skirt,bottom,,,maroon,brown|black,,,all-season,AI-detected Skirt processed on 2025-11-08,maroon-skirt-1762603063.png,public
Maroon Skirt,Skirt,bottom,,,maroon,brown|black,,,all-season,AI-detected Skirt processed on 2025-11-08,maroon-skirt-1762603626.png,public
Maroon Skirt,Skirt,bottom,,,maroon,gray|black,,,all-season,AI-detected Skirt processed on 2025-11-08,maroon-skirt-1762582794.png,public
Maroon Skirt,Skirt,bottom,,,maroon,gray|black,,,all-season,AI-detected Skirt processed on 2025-11-08,maroon-skirt-1762588210.png,public
Maroon Skirt,Skirt,bottom,,,maroon,gray|black,,,all-season,AI-detected Skirt processed on 2025-11-08,maroon-skirt-1762589254.png,public
Maroon Skirt,Skirt,bottom,,,maroon,gray|black,,,all-season,AI-detected Skirt processed on 2025-11-08,maroon-skirt-1762601684.png,public
Maroon T-Shirt,T-Shirt,top,,,maroon,black,,,all-season,AI-detected T-Shirt processed on 2025-11-08,maroon-t-shirt-1762573174.png,public
Maroon T-Shirt,T-Shirt,top,,,maroon,black|pink,,,all-season,AI-detected T-Shirt processed on 2025-11-08,maroon-t-shirt-1762598258.png,public
Navy Blazer,Blazer,outerwear,,,navy,black,,,all-season,AI-detected Blazer processed on 2025-11-08,navy-blazer-1762581702.png,public
Navy Blazer,Blazer,outerwear,,,navy,black|gray,,,all-season,AI-detected Blazer processed on 2025-11-08,navy-blazer-1762570887.png,public
Navy Blazer,Blazer,outerwear,,,navy,black|gray,,,all-season,AI-detected Blazer processed on 2025-11-08,navy-blazer-1762592254.png,public
Navy Blazer,Blazer,outerwear,,,navy,black|gray,,,all-season,AI-detected Blazer processed on 2025-11-08,navy-blazer-1762597668.png,public
Navy Blazer,Blazer,outerwear,,,navy,black|pink,,,all-season,AI-detected Blazer processed on 2025-11-08,navy-blazer-1762603101.png,public
Navy Blazer,Blazer,outerwear,,,navy,teal|black,,,all-season,AI-detected Blazer processed on 2025-11-08,navy-blazer-1762575361.png,public
Navy Body,Body,top,,,navy,black,,,all-season,AI-detected Body processed on 2025-11-08,navy-body-1762581993.png,public
Navy Dress,Dress,outerwear,,,navy,black,,,all-season,AI-detected Dress processed on 2025-11-08,navy-dress-1762569548.png,public
Navy Dress,Dress,outerwear,,,navy,black,,,all-season,AI-detected Dress processed on 2025-11-08,navy-dress-1762571923.png,public
Navy Dress,Dress,outerwear,,,navy,black,,,all-season,AI-detected Dress processed on 2025-11-08,navy-dress-1762572237.png,public
Navy Dress,Dress,outerwear,,,navy,black,,,all-season,AI-detected Dress processed on 2025-11-08,navy-dress-1762573144.png,public
Navy Dress,Dress,outerwear,,,navy,black,,,all-season,AI-detected Dress processed on 2025-11-08,navy-dress-1762573685.png,public
Navy Dress,Dress,outerwear,,,navy,black,,,all-season,AI-detected Dress processed on 2025-11-08,navy-dress-1762581522.png,public
Navy Dress,Dress,outerwear,,,navy,black,,,all-season,AI-detected Dress processed on 2025-11-08,navy-dress-1762583168.png,public
Navy Dress,Dress,outerwear,,,navy,black,,,all-season,AI-detected Dress processed on 2025-11-08,navy-dress-1762586164.png,public
Navy Dress,Dress,outerwear,,,navy,black,,,all-season,AI-detected Dress processed on 2025-11-08,navy-dress-1762587251.png,public
Navy Dress,Dress,outerwear,,,navy,black,,,all-season,AI-detected Dress processed on 2025-11-08,navy-dress-1762587732.png,public
Navy Dress,Dress,outerwear,,,navy,black,,,all-season,AI-detected Dress processed on 2025-11-08,navy-dress-1762590571.png,public
Navy Dress,Dress,outerwear,,,navy,black,,,all-season,AI-detected Dress processed on 2025-11-08,navy-dress-1762590745.png,public
Navy Dress,Dress,outerwear,,,navy,black,,,all-season,AI-detected Dress processed on 2025-11-08,navy-dress-1762591543.png,public
Navy Dress,Dress,outerwear,,,navy,black,,,all-season,AI-detected Dress processed on 2025-11-08,navy-dress-1762591585.png,public
Navy Dress,Dress,outerwear,,,navy,black,,,all-season,AI-detected Dress processed on 2025-11-08,navy-dress-1762591656.png,public
Navy Dress,Dress,outerwear,,,navy,black,,,all-season,AI-detected Dress processed on 2025-11-08,navy-dress-1762596800.png,public
Navy Dress,Dress,outerwear,,,navy,black,,,all-season,AI-detected Dress processed on 2025-11-08,navy-dress-1762598006.png,public
Navy Dress,Dress,outerwear,,,navy,black,,,all-season,AI-detected Dress processed on 2025-11-08,navy-dress-1762601736.png,public
Navy Dress,Dress,outerwear,,,navy,black,,,all-season,AI-detected Dress processed on 2025-11-08,navy-dress-1762606271.png,public
Navy Dress,Dress,outerwear,,,navy,black|beige,,,all-season,AI-detected Dress processed on 2025-11-08,navy-dress-1762588459.png,public
Navy Dress,Dress,outerwear,,,navy,black|beige,,,all-season,AI-detected Dress processed on 2025-11-08,navy-dress-1762588692.png,public
Navy Dress,Dress,outerwear,,,navy,black|beige,,,all-season,AI-detected Dress processed on 2025-11-08,navy-dress-1762589459.png,public
Navy Dress,Dress,outerwear,,,navy,black|beige,,,all-season,AI-detected Dress processed on 2025-11-08,navy-dress-1762596748.png,public
Navy Dress,Dress,outerwear,,,navy,black|beige,,,all-season,AI-detected Dress processed on 2025-11-08,navy-dress-1762603705.png,public
Navy Dress,Dress,outerwear,,,navy,black|gray,,,all-season,AI-detected Dress processed on 2025-11-08,navy-dress-1762570158.png,public
Navy Dress,Dress,outerwear,,,navy,black|gray,,,all-season,AI-detected Dress processed on 2025-11-08,navy-dress-1762571948.png,public
Navy Dress,Dress,outerwear,,,navy,black|gray,,,all-season,AI-detected Dress processed on 2025-11-08,navy-dress-1762577926.png,public
Navy Dress,Dress,outerwear,,,navy,black|gray,,,all-season,AI-detected Dress processed on 2025-11-08,navy-dress-1762582874.png,public
Navy Dress,Dress,outerwear,,,navy,black|gray,,,all-season,AI-detected Dress processed on 2025-11-08,navy-dress-1762588282.png,public
Navy Dress,Dress,outerwear,,,navy,black|gray,,,all-season,AI-detected Dress processed on 2025-11-08,navy-dress-1762589885.png,public
Navy Dress,Dress,outerwear,,,navy,black|gray,,,all-season,AI-detected Dress processed on 2025-11-08,navy-dress-1762590148.png,public
Navy Dress,Dress,outerwear,,,navy,black|gray,,,all-season,AI-detected Dress processed on 2025-11-08,navy-dress-1762596195.png,public
Navy Dress,Dress,outerwear,,,navy,black|gray,,,all-season,AI-detected Dress processed on 2025-11-08,navy-dress-1762598691.png,public
Navy Dress,Dress,outerwear,,,navy,black|gray,,,all-season,AI-detected Dress processed on 2025-11-08,navy-dress-1762599366.png,public
Navy Dress,Dress,outerwear,,,navy,black|gray,,,all-season,AI-detected Dress processed on 2025-11-08,navy-dress-1762604104.png,public
Navy Dress,Dress,outerwear,,,navy,black|pink,,,all-season,AI-detected Dress processed on 2025-11-08,navy-dress-1762569862.png,public
Navy Dress,Dress,outerwear,,,navy,black|pink,,,all-season,AI-detected Dress processed on 2025-11-08,navy-dress-1762572994.png,public
Navy Dress,Dress,outerwear,,,navy,black|pink,,,all-season,AI-detected Dress processed on 2025-11-08,navy-dress-1762578544.png,public
Navy Dress,Dress,outerwear,,,navy,black|purple,,,all-season,AI-detected Dress processed on 2025-11-08,navy-dress-1762585778.png,public
Navy Dress,Dress,outerwear,,,navy,black|purple,,,all-season,AI-detected Dress processed on 2025-11-08,navy-dress-1762605390.png,public
Navy Dress,Dress,outerwear,,,navy,black|teal,,,all-season,AI-detected Dress processed on 2025-11-08,navy-dress-1762589499.png,public
Navy Dress,Dress,outerwear,,,navy,black|white,,,all-season,AI-detected Dress processed on 2025-11-08,navy-dress-1762592350.png,public
Navy Dress,Dress,outerwear,,,navy,black|white,,,all-season,AI-detected Dress processed on 2025-11-08,navy-dress-1762595309.png,public
Navy Dress,Dress,outerwear,,,navy,black|white,,,all-season,AI-detected Dress processed on 2025-11-08,navy-dress-1762602061.png,public
Navy Dress,Dress,outerwear,,,navy,gray|black,,,all-season,AI-detected Dress processed on 2025-11-08,navy-dress-1762574995.png,public
Navy Dress,Dress,outerwear,,,navy,gray|black,,,all-season,AI-detected Dress processed on 2025-11-08,navy-dress-1762580836.png,public
Navy Dress,Dress,outerwear,,,navy,gray|black,,,all-season,AI-detected Dress processed on 2025-11-08,navy-dress-1762586234.png,public
Navy Dress,Dress,outerwear,,,navy,gray|black,,,all-season,AI-detected Dress processed on 2025-11-08,navy-dress-1762604542.png,public
Navy Dress,Dress,outerwear,,,navy,pink|black,,,all-season,AI-detected Dress processed on 2025-11-08,navy-dress-1762586365.png,public
Navy Dress,Dress,outerwear,,,navy,purple|black,,,all-season,AI-detected Dress processed on 2025-11-08,navy-dress-1762583839.png,public
Navy Dress,Dress,outerwear,,,navy,teal|black,,,all-season,AI-detected Dress processed on 2025-11-08,navy-dress-1762585604.png,public
Navy Dress,Dress,outerwear,,,navy,teal|black,,,all-season,AI-detected Dress processed on 2025-11-08,navy-dress-1762600445.png,public
Navy Hat,Hat,accessory,,,navy,black,,,all-season,AI-detected Hat processed on 2025-11-08,navy-hat-1762586252.png,public
Navy Hat,Hat,accessory,,,navy,black|beige,,,all-season,AI-detected Hat processed on 2025-11-08,navy-hat-1762586555.png,public
Navy Hat,Hat,accessory,,,navy,black|beige,,,all-season,AI-detected Hat processed on 2025-11-08,navy-hat-1762603870.png,public
Navy Hat,Hat,accessory,,,navy,black|gray,,,all-season,AI-detected Hat processed on 2025-11-08,navy-hat-1762572220.png,public
Navy Hat,Hat,accessory,,,navy,black|gray,,,all-season,AI-detected Hat processed on 2025-11-08,navy-hat-1762583658.png,public
Navy Hat,Hat,accessory,,,navy,black|gray,,,all-season,AI-detected Hat processed on 2025-11-08,navy-hat-1762585940.png,public
Navy Hat,Hat,accessory,,,navy,black|gray,,,all-season,AI-detected Hat processed on 2025-11-08,navy-hat-1762586630.png,public
Navy Hat,Hat,accessory,,,navy,black|gray,,,all-season,AI-detected Hat processed on 2025-11-08,navy-hat-1762587918.png,public
Navy Hat,Hat,accessory,,,navy,black|gray,,,all-season,AI-detected Hat processed on 2025-11-08,navy-hat-1762598886.png,public
Navy Hat,Hat,accessory,,,navy,black|gray,,,all-season,AI-detected Hat processed on 2025-11-08,navy-hat-1762600606.png,public
Navy Hat,Hat,accessory,,,navy,black|teal,,,all-season,AI-detected Hat processed on 2025-11-08,navy-hat-1762569162.png,public
Navy Hat,Hat,accessory,,,navy,black|teal,,,all-season,AI-detected Hat processed on 2025-11-08,navy-hat-1762569871.png,public
Navy Hat,Hat,accessory,,,navy,black|teal,,,all-season,AI-detected Hat processed on 2025-11-08,navy-hat-1762588651.png,public
Navy Hat,Hat,accessory,,,navy,gray|black,,,all-season,AI-detected Hat processed on 2025-11-08,navy-hat-1762587106.png,public
Navy Hat,Hat,accessory,,,navy,gray|black,,,all-season,AI-detected Hat processed on 2025-11-08,navy-hat-1762592265.png,public
Navy Longsleeve,Longsleeve,top,,,navy,black|gray,,,all-season,AI-detected Longsleeve processed on 2025-11-08,navy-longsleeve-1762582238.png,public
Navy Longsleeve,Longsleeve,top,,,navy,black|teal,,,all-season,AI-detected Longsleeve processed on 2025-11-08,navy-longsleeve-1762594403.png,public
Navy Pants,Pants,bottom,,,navy,black|gray,,,all-season,AI-detected Pants processed on 2025-11-08,navy-pants-1762574323.png,public
Navy Pants,Pants,bottom,,,navy,black|pink,,,all-season,AI-detected Pants processed on 2025-11-08,navy-pants-1762570176.png,public
Navy Pants,Pants,bottom,,,navy,black|pink,,,all-season,AI-detected Pants processed on 2025-11-08,navy-pants-1762579127.png,public
Navy Pants,Pants,bottom,,,navy,black|pink,,,all-season,AI-detected Pants processed on 2025-11-08,navy-pants-1762586147.png,public
Navy Pants,Pants,bottom,,,navy,black|pink,,,all-season,AI-detected Pants processed on 2025-11-08,navy-pants-1762587045.png,public
Navy Polo,Polo,top,,,navy,black,,,all-season,AI-detected Polo processed on 2025-11-08,navy-polo-1762590469.png,public
Navy Polo,Polo,top,,,navy,black|teal,,,all-season,AI-detected Polo processed on 2025-11-08,navy-polo-1762584725.png,public
Navy Shoes,Shoes,shoes,,,navy,beige|gray,,,all-season,AI-detected Shoes processed on 2025-11-08,navy-shoes-1762588341.png,public
Navy Shoes,Shoes,shoes,,,navy,black|gray,,,all-season,AI-detected Shoes processed on 2025-11-08,navy-shoes-1762582934.png,public
Navy Shoes,Shoes,shoes,,,navy,black|gray,,,all-season,AI-detected Shoes processed on 2025-11-08,navy-shoes-1762584316.png,public
Navy Shoes,Shoes,shoes,,,navy,black|gray,,,all-season,AI-detected Shoes processed on 2025-11-08,navy-shoes-1762588976.png,public
Navy Shoes,Shoes,shoes,,,navy,black|gray,,,all-season,AI-detected Shoes processed on 2025-11-08,navy-shoes-1762593526.png,public
Navy Shoes,Shoes,shoes,,,navy,black|pink,,,all-season,AI-detected Shoes processed on 2025-11-08,navy-shoes-1762579335.png,public
Navy Shoes,Shoes,shoes,,,navy,black|pink,,,all-season,AI-detected Shoes processed on 2025-11-08,navy-shoes-1762601246.png,public
Navy Shoes,Shoes,shoes,,,navy,gray|black,,,all-season,AI-detected Shoes processed on 2025-11-08,navy-shoes-1762584434.png,public
Navy Shorts,Shorts,bottom,,,navy,black|beige,,,all-season,AI-detected Shorts processed on 2025-11-08,navy-shorts-1762591951.png,public
Navy Shorts,Shorts,bottom,,,navy,black|gray,,,all-season,AI-detected Shorts processed on 2025-11-08,navy-shorts-1762571592.png,public
Navy Shorts,Shorts,bottom,,,navy,black|gray,,,all-season,AI-detected Shorts processed on 2025-11-08,navy-shorts-1762574711.png,public
Navy Shorts,Shorts,bottom,,,navy,black|gray,,,all-season,AI-detected Shorts processed on 2025-11-08,navy-shorts-1762580917.png,public
Navy Shorts,Shorts,bottom,,,navy,black|gray,,,all-season,AI-detected Shorts processed on 2025-11-08,navy-shorts-1762596147.png,public
Navy Shorts,Shorts,bottom,,,navy,black|gray,,,all-season,AI-detected Shorts processed on 2025-11-08,navy-shorts-1762600448.png,public
Navy Shorts,Shorts,bottom,,,navy,gray|black,,,all-season,AI-detected Shorts processed on 2025-11-08,navy-shorts-1762575257.png,public
Navy Shorts,Shorts,bottom,,,navy,gray|black,,,all-season,AI-detected Shorts processed on 2025-11-08,navy-shorts-1762579890.png,public
Navy Shorts,Shorts,bottom,,,navy,gray|black,,,all-season,AI-detected Shorts processed on 2025-11-08,navy-shorts-1762581688.png,public
Navy Shorts,Shorts,bottom,,,navy,gray|black,,,all-season,AI-detected Shorts processed on 2025-11-08,navy-shorts-1762583144.png,public
Navy Skirt,Skirt,bottom,,,navy,black,,,all-season,AI-detected Skirt processed on 2025-11-08,navy-skirt-1762570693.png,public
Navy Skirt,Skirt,bottom,,,navy,black,,,all-season,AI-detected Skirt processed on 2025-11-08,navy-skirt-1762576527.png,public
Navy Skirt,Skirt,bottom,,,navy,black,,,all-season,AI-detected Skirt processed on 2025-11-08,navy-skirt-1762578132.png,public
Navy Skirt,Skirt,bottom,,,navy,black,,,all-season,AI-detected Skirt processed on 2025-11-08,navy-skirt-1762584864.png,public
Navy Skirt,Skirt,bottom,,,navy,black,,,all-season,AI-detected Skirt processed on 2025-11-08,navy-skirt-1762586511.png,public
Navy Skirt,Skirt,bottom,,,navy,black,,,all-season,AI-detected Skirt processed on 2025-11-08,navy-skirt-1762590414.png,public
Navy Skirt,Skirt,bottom,,,navy,black,,,all-season,AI-detected Skirt processed on 2025-11-08,navy-skirt-1762595138.png,public
Navy Skirt,Skirt,bottom,,,navy,black,,,all-season,AI-detected Skirt processed on 2025-11-08,navy-skirt-1762602725.png,public
Navy Skirt,Skirt,bottom,,,navy,black,,,all-season,AI-detected Skirt processed on 2025-11-08,navy-skirt-1762602979.png,public
Navy Skirt,Skirt,bottom,,,navy,black|gray,,,all-season,AI-detected Skirt processed on 2025-11-08,navy-skirt-1762569859.png,public
Navy Skirt,Skirt,bottom,,,navy,black|gray,,,all-season,AI-detected Skirt processed on 2025-11-08,navy-skirt-1762589936.png,public
Navy Skirt,Skirt,bottom,,,navy,black|gray,,,all-season,AI-detected Skirt processed on 2025-11-08,navy-skirt-1762592803.png,public
Navy Skirt,Skirt,bottom,,,navy,black|gray,,,all-season,AI-detected Skirt processed on 2025-11-08,navy-skirt-1762594642.png,public
Navy Skirt,Skirt,bottom,,,navy,black|gray,,,all-season,AI-detected Skirt processed on 2025-11-08,navy-skirt-1762594744.png,public
Navy Skirt,Skirt,bottom,,,navy,black|gray,,,all-season,AI-detected Skirt processed on 2025-11-08,navy-skirt-1762600735.png,public
Navy Skirt,Skirt,bottom,,,navy,black|gray,,,all-season,AI-detected Skirt processed on 2025-11-08,navy-skirt-1762604370.png,public
Navy Skirt,Skirt,bottom,,,navy,black|teal,,,all-season,AI-detected Skirt processed on 2025-11-08,navy-skirt-1762572529.png,public
Navy Skirt,Skirt,bottom,,,navy,black|teal,,,all-season,AI-detected Skirt processed on 2025-11-08,navy-skirt-1762578436.png,public
Navy Skirt,Skirt,bottom,,,navy,black|teal,,,all-season,AI-detected Skirt processed on 2025-11-08,navy-skirt-1762596363.png,public
Navy Skirt,Skirt,bottom,,,navy,gray|black,,,all-season,AI-detected Skirt processed on 2025-11-08,navy-skirt-1762574016.png,public
Navy Skirt,Skirt,bottom,,,navy,gray|black,,,all-season,AI-detected Skirt processed on 2025-11-08,navy-skirt-1762584474.png,public
Navy Skirt,Skirt,bottom,,,navy,gray|black,,,all-season,AI-detected Skirt processed on 2025-11-08,navy-skirt-1762600215.png,public
Navy Skirt,Skirt,bottom,,,navy,gray|black,,,all-season,AI-detected Skirt processed on 2025-11-08,navy-skirt-1762606457.png,public
Navy Skirt,Skirt,bottom,,,navy,olive|black,,,all-season,AI-detected Skirt processed on 2025-11-08,navy-skirt-1762588440.png,public
Navy Skirt,Skirt,bottom,,,navy,teal|black,,,all-season,AI-detected Skirt processed on 2025-11-08,navy-skirt-1762605271.png,public
Navy Skirt,Skirt,bottom,,,navy,teal|black,,,all-season,AI-detected Skirt processed on 2025-11-08,navy-skirt-1762605632.png,public
Navy T-Shirt,T-Shirt,top,,,navy,black|beige,,,all-season,AI-detected T-Shirt processed on 2025-11-08,navy-t-shirt-1762574653.png,public
Navy T-Shirt,T-Shirt,top,,,navy,black|gray,,,all-season,AI-detected T-Shirt processed on 2025-11-08,navy-t-shirt-1762594173.png,public
Olive Blazer,Blazer,outerwear,,,olive,black,,,all-season,AI-detected Blazer processed on 2025-11-08,olive-blazer-1762603563.png,public
Olive Blazer,Blazer,outerwear,,,olive,black|beige,,,all-season,AI-detected Blazer processed on 2025-11-08,olive-blazer-1762569149.png,public
Olive Blazer,Blazer,outerwear,,,olive,black|beige,,,all-season,AI-detected Blazer processed on 2025-11-08,olive-blazer-1762580058.png,public
Olive Blazer,Blazer,outerwear,,,olive,orange|black,,,all-season,AI-detected Blazer processed on 2025-11-08,olive-blazer-1762583821.png,public
Olive Blazer,Blazer,outerwear,,,olive,orange|black,,,all-season,AI-detected Blazer processed on 2025-11-08,olive-blazer-1762592648.png,public
Olive Blazer,Blazer,outerwear,,,olive,orange|black,,,all-season,AI-detected Blazer processed on 2025-11-08,olive-blazer-1762593666.png,public
Olive Dress,Dress,outerwear,,,olive,black,,,all-season,AI-detected Dress processed on 2025-11-08,olive-dress-1762597736.png,public
Olive Dress,Dress,outerwear,,,olive,black|gray,,,all-season,AI-detected Dress processed on 2025-11-08,olive-dress-1762569318.png,public
Olive Dress,Dress,outerwear,,,olive,black|gray,,,all-season,AI-detected Dress processed on 2025-11-08,olive-dress-1762588596.png,public
Olive Dress,Dress,outerwear,,,olive,black|gray,,,all-season,AI-detected Dress processed on 2025-11-08,olive-dress-1762601962.png,public
Olive Dress,Dress,outerwear,,,olive,black|orange,,,all-season,AI-detected Dress processed on 2025-11-08,olive-dress-1762582742.png,public
Olive Dress,Dress,outerwear,,,olive,black|orange,,,all-season,AI-detected Dress processed on 2025-11-08,olive-dress-1762586010.png,public
Olive Dress,Dress,outerwear,,,olive,brown|black,,,all-season,AI-detected Dress processed on 2025-11-08,olive-dress-1762569219.png,public
Olive Dress,Dress,outerwear,,,olive,gray|black,,,all-season,AI-detected Dress processed on 2025-11-08,olive-dress-1762571039.png,public
Olive Dress,Dress,outerwear,,,olive,gray|black,,,all-season,AI-detected Dress processed on 2025-11-08,olive-dress-1762572666.png,public
Olive Dress,Dress,outerwear,,,olive,orange|black,,,all-season,AI-detected Dress processed on 2025-11-08,olive-dress-1762606595.png,public
Olive Dress,Dress,outerwear,,,olive,pink|black,,,all-season,AI-detected Dress processed on 2025-11-08,olive-dress-1762577504.png,public
Olive Dress,Dress,outerwear,,,olive,pink|black,,,all-season,AI-detected Dress processed on 2025-11-08,olive-dress-1762592561.png,public
Olive Hat,Hat,accessory,,,olive,black,,,all-season,AI-detected Hat processed on 2025-11-08,olive-hat-1762606397.png,public
Olive Hat,Hat,accessory,,,olive,black|gray,,,all-season,AI-detected Hat processed on 2025-11-08,olive-hat-1762569182.png,public
Olive Hat,Hat,accessory,,,olive,black|gray,,,all-season,AI-detected Hat processed on 2025-11-08,olive-hat-1762572895.png,public
Olive Hat,Hat,accessory,,,olive,black|gray,,,all-season,AI-detected Hat processed on 2025-11-08,olive-hat-1762587794.png,public
Olive Hat,Hat,accessory,,,olive,black|gray,,,all-season,AI-detected Hat processed on 2025-11-08,olive-hat-1762595978.png,public
Olive Hat,Hat,accessory,,,olive,black|gray,,,all-season,AI-detected Hat processed on 2025-11-08,olive-hat-1762603545.png,public
Olive Hat,Hat,accessory,,,olive,brown|black,,,all-season,AI-detected Hat processed on 2025-11-08,olive-hat-1762590987.png,public
Olive Hat,Hat,accessory,,,olive,gray|black,,,all-season,AI-detected Hat processed on 2025-11-08,olive-hat-1762592883.png,public
Olive Hat,Hat,accessory,,,olive,gray|black,,,all-season,AI-detected Hat processed on 2025-11-08,olive-hat-1762603822.png,public
Olive Hat,Hat,accessory,,,olive,gray|black,,,all-season,AI-detected Hat processed on 2025-11-08,olive-hat-1762604349.png,public
Olive Longsleeve,Longsleeve,top,,,olive,black|orange,,,all-season,AI-detected Longsleeve processed on 2025-11-08,olive-longsleeve-1762582147.png,public
Olive Outwear,Outwear,outerwear,,,olive,black,,,all-season,AI-detected Outwear processed on 2025-11-08,olive-outwear-1762603331.png,public
Olive Outwear,Outwear,outerwear,,,olive,maroon|black,,,all-season,AI-detected Outwear processed on 2025-11-08,olive-outwear-1762582665.png,public
Olive Pants,Pants,bottom,,,olive,black,,,all-season,AI-detected Pants processed on 2025-11-08,olive-pants-1762596051.png,public
Olive Pants,Pants,bottom,,,olive,yellow|black,,,all-season,AI-detected Pants processed on 2025-11-08,olive-pants-1762591028.png,public
Olive Shoes,Shoes,shoes,,,olive,black|brown,,,all-season,AI-detected Shoes processed on 2025-11-08,olive-shoes-1762593648.png,public
Olive Shoes,Shoes,shoes,,,olive,black|brown,,,all-season,AI-detected Shoes processed on 2025-11-08,olive-shoes-1762594695.png,public
Olive Shoes,Shoes,shoes,,,olive,black|gray,,,all-season,AI-detected Shoes processed on 2025-11-08,olive-shoes-1762571514.png,public
Olive Shoes,Shoes,shoes,,,olive,black|yellow,,,all-season,AI-detected Shoes processed on 2025-11-08,olive-shoes-1762604285.png,public
Olive Shoes,Shoes,shoes,,,olive,gray|pink,,,all-season,AI-detected Shoes processed on 2025-11-08,olive-shoes-1762589717.png,public
Olive Shoes,Shoes,shoes,,,olive,pink|black,,,all-season,AI-detected Shoes processed on 2025-11-08,olive-shoes-1762588556.png,public
Olive Shorts,Shorts,bottom,,,olive,black,,,all-season,AI-detected Shorts processed on 2025-11-08,olive-shorts-1762585764.png,public
Olive Skirt,Skirt,bottom,,,olive,black|orange,,,all-season,AI-detected Skirt processed on 2025-11-08,olive-skirt-1762598408.png,public
Olive Skirt,Skirt,bottom,,,olive,black|pink,,,all-season,AI-detected Skirt processed on 2025-11-08,olive-skirt-1762584572.png,public
Olive Skirt,Skirt,bottom,,,olive,orange|black,,,all-season,AI-detected Skirt processed on 2025-11-08,olive-skirt-1762585523.png,public
Olive Skirt,Skirt,bottom,,,olive,yellow|black,,,all-season,AI-detected Skirt processed on 2025-11-08,olive-skirt-1762570122.png,public
Orange Blazer,Blazer,outerwear,,,orange,black|brown,,,all-season,AI-detected Blazer processed on 2025-11-08,orange-blazer-1762593840.png,public
Orange Blazer,Blazer,outerwear,,,orange,black|olive,,,all-season,AI-detected Blazer processed on 2025-11-08,orange-blazer-1762569428.png,public
Orange Blazer,Blazer,outerwear,,,orange,black|olive,,,all-season,AI-detected Blazer processed on 2025-11-08,orange-blazer-1762575343.png,public
Orange Blazer,Blazer,outerwear,,,orange,black|olive,,,all-season,AI-detected Blazer processed on 2025-11-08,orange-blazer-1762595863.png,public
Orange Blazer,Blazer,outerwear,,,orange,black|olive,,,all-season,AI-detected Blazer processed on 2025-11-08,orange-blazer-1762600959.png,public
Orange Blazer,Blazer,outerwear,,,orange,brown|black,,,all-season,AI-detected Blazer processed on 2025-11-08,orange-blazer-1762604806.png,public
Orange Blazer,Blazer,outerwear,,,orange,olive|black,,,all-season,AI-detected Blazer processed on 2025-11-08,orange-blazer-1762578356.png,public
Orange Dress,Dress,outerwear,,,orange,beige|black,,,all-season,AI-detected Dress processed on 2025-11-08,orange-dress-1762581320.png,public
Orange Dress,Dress,outerwear,,,orange,black,,,all-season,AI-detected Dress processed on 2025-11-08,orange-dress-1762573130.png,public
Orange Dress,Dress,outerwear,,,orange,black,,,all-season,AI-detected Dress processed on 2025-11-08,orange-dress-1762581166.png,public
Orange Dress,Dress,outerwear,,,orange,black,,,all-season,AI-detected Dress processed on 2025-11-08,orange-dress-1762582177.png,public
Orange Dress,Dress,outerwear,,,orange,black,,,all-season,AI-detected Dress processed on 2025-11-08,orange-dress-1762594108.png,public
Orange Dress,Dress,outerwear,,,orange,black,,,all-season,AI-detected Dress processed on 2025-11-08,orange-dress-1762602560.png,public
Orange Dress,Dress,outerwear,,,orange,black|brown,,,all-season,AI-detected Dress processed on 2025-11-08,orange-dress-1762573984.png,public
Orange Dress,Dress,outerwear,,,orange,black|brown,,,all-season,AI-detected Dress processed on 2025-11-08,orange-dress-1762578608.png,public
Orange Dress,Dress,outerwear,,,orange,black|gray,,,all-season,AI-detected Dress processed on 2025-11-08,orange-dress-1762583312.png,public
Orange Dress,Dress,outerwear,,,orange,black|olive,,,all-season,AI-detected Dress processed on 2025-11-08,orange-dress-1762568915.png,public
Orange Dress,Dress,outerwear,,,orange,black|olive,,,all-season,AI-detected Dress processed on 2025-11-08,orange-dress-1762580494.png,public
Orange Dress,Dress,outerwear,,,orange,black|olive,,,all-season,AI-detected Dress processed on 2025-11-08,orange-dress-1762581288.png,public
Orange Dress,Dress,outerwear,,,orange,black|olive,,,all-season,AI-detected Dress processed on 2025-11-08,orange-dress-1762605315.png,public
Orange Dress,Dress,outerwear,,,orange,black|olive,,,all-season,AI-detected Dress processed on 2025-11-08,orange-dress-1762605538.png,public
Orange Dress,Dress,outerwear,,,orange,black|olive,,,all-season,AI-detected Dress processed on 2025-11-08,orange-dress-1762606819.png,public
Orange Dress,Dress,outerwear,,,orange,brown|black,,,all-season,AI-detected Dress processed on 2025-11-08,orange-dress-1762573849.png,public
Orange Dress,Dress,outerwear,,,orange,olive|black,,,all-season,AI-detected Dress processed on 2025-11-08,orange-dress-1762586183.png,public
Orange Dress,Dress,outerwear,,,orange,olive|black,,,all-season,AI-detected Dress processed on 2025-11-08,orange-dress-1762603830.png,public
Orange Dress,Dress,outerwear,,,orange,pink|black,,,all-season,AI-detected Dress processed on 2025-11-08,orange-dress-1762573906.png,public
Orange Dress,Dress,outerwear,,,orange,pink|black,,,all-season,AI-detected Dress processed on 2025-11-08,orange-dress-1762596475.png,public
Orange Dress,Dress,outerwear,,,orange,red|black,,,all-season,AI-detected Dress processed on 2025-11-08,orange-dress-1762604389.png,public
Orange Hat,Hat,accessory,,,orange,black,,,all-season,AI-detected Hat processed on 2025-11-08,orange-hat-1762594847.png,public
Orange Hat,Hat,accessory,,,orange,black,,,all-season,AI-detected Hat processed on 2025-11-08,orange-hat-1762599000.png,public
Orange Hat,Hat,accessory,,,orange,black,,,all-season,AI-detected Hat processed on 2025-11-08,orange-hat-1762605487.png,public
Orange Hat,Hat,accessory,,,orange,black|gray,,,all-season,AI-detected Hat processed on 2025-11-08,orange-hat-1762585279.png,public
Orange Hat,Hat,accessory,,,orange,black|olive,,,all-season,AI-detected Hat processed on 2025-11-08,orange-hat-1762581745.png,public
Orange Hat,Hat,accessory,,,orange,black|olive,,,all-season,AI-detected Hat processed on 2025-11-08,orange-hat-1762593545.png,public
Orange Hat,Hat,accessory,,,orange,black|pink,,,all-season,AI-detected Hat processed on 2025-11-08,orange-hat-1762582118.png,public
Orange Hat,Hat,accessory,,,orange,black|pink,,,all-season,AI-detected Hat processed on 2025-11-08,orange-hat-1762596873.png,public
Orange Hat,Hat,accessory,,,orange,black|pink,,,all-season,AI-detected Hat processed on 2025-11-08,orange-hat-1762600246.png,public
Orange Hat,Hat,accessory,,,orange,black|pink,,,all-season,AI-detected Hat processed on 2025-11-08,orange-hat-1762603818.png,public
Orange Hat,Hat,accessory,,,orange,black|red,,,all-season,AI-detected Hat processed on 2025-11-08,orange-hat-1762588454.png,public
Orange Hat,Hat,accessory,,,orange,brown|black,,,all-season,AI-detected Hat processed on 2025-11-08,orange-hat-1762596804.png,public
Orange Hat,Hat,accessory,,,orange,brown|black,,,all-season,AI-detected Hat processed on 2025-11-08,orange-hat-1762596979.png,public
Orange Hat,Hat,accessory,,,orange,brown|black,,,all-season,AI-detected Hat processed on 2025-11-08,orange-hat-1762598193.png,public
Orange Hat,Hat,accessory,,,orange,brown|black,,,all-season,AI-detected Hat processed on 2025-11-08,orange-hat-1762602254.png,public
Orange Longsleeve,Longsleeve,top,,,orange,black|pink,,,all-season,AI-detected Longsleeve processed on 2025-11-08,orange-longsleeve-1762579993.png,public
Orange Longsleeve,Longsleeve,top,,,orange,red|black,,,all-season,AI-detected Longsleeve processed on 2025-11-08,orange-longsleeve-1762582574.png,public
Orange Pants,Pants,bottom,,,orange,black|olive,,,all-season,AI-detected Pants processed on 2025-11-08,orange-pants-1762580328.png,public
Orange Pants,Pants,bottom,,,orange,black|pink,,,all-season,AI-detected Pants processed on 2025-11-08,orange-pants-1762604223.png,public
Orange Pants,Pants,bottom,,,orange,yellow|black,,,all-season,AI-detected Pants processed on 2025-11-08,orange-pants-1762583680.png,public
Orange Shoes,Shoes,shoes,,,orange,black|brown,,,all-season,AI-detected Shoes processed on 2025-11-08,orange-shoes-1762596462.png,public
Orange Shoes,Shoes,shoes,,,orange,black|gray,,,all-season,AI-detected Shoes processed on 2025-11-08,orange-shoes-1762569878.png,public
Orange Shoes,Shoes,shoes,,,orange,black|pink,,,all-season,AI-detected Shoes processed on 2025-11-08,orange-shoes-1762574759.png,public
Orange Shoes,Shoes,shoes,,,orange,gray|black,,,all-season,AI-detected Shoes processed on 2025-11-08,orange-shoes-1762600594.png,public
Orange Shorts,Shorts,bottom,,,orange,black|gray,,,all-season,AI-detected Shorts processed on 2025-11-08,orange-shorts-1762587001.png,public
Orange Shorts,Shorts,bottom,,,orange,black|olive,,,all-season,AI-detected Shorts processed on 2025-11-08,orange-shorts-1762588575.png,public
Orange Shorts,Shorts,bottom,,,orange,black|olive,,,all-season,AI-detected Shorts processed on 2025-11-08,orange-shorts-1762601430.png,public
Orange Shorts,Shorts,bottom,,,orange,pink|black,,,all-season,AI-detected Shorts processed on 2025-11-08,orange-shorts-1762582879.png,public
Orange Skirt,Skirt,bottom,,,orange,black|brown,,,all-season,AI-detected Skirt processed on 2025-11-08,orange-skirt-1762573271.png,public
Orange Skirt,Skirt,bottom,,,orange,black|brown,,,all-season,AI-detected Skirt processed on 2025-11-08,orange-skirt-1762584415.png,public
Orange Skirt,Skirt,bottom,,,orange,black|brown,,,all-season,AI-detected Skirt processed on 2025-11-08,orange-skirt-1762592230.png,public
Orange Skirt,Skirt,bottom,,,orange,black|gray,,,all-season,AI-detected Skirt processed on 2025-11-08,orange-skirt-1762582850.png,public
Orange Skirt,Skirt,bottom,,,orange,black|olive,,,all-season,AI-detected Skirt processed on 2025-11-08,orange-skirt-1762581248.png,public
Orange Skirt,Skirt,bottom,,,orange,black|pink,,,all-season,AI-detected Skirt processed on 2025-11-08,orange-skirt-1762589391.png,public
Orange Skirt,Skirt,bottom,,,orange,black|yellow,,,all-season,AI-detected Skirt processed on 2025-11-08,orange-skirt-1762569392.png,public
Orange Skirt,Skirt,bottom,,,orange,black|yellow,,,all-season,AI-detected Skirt processed on 2025-11-08,orange-skirt-1762574530.png,public
Orange Skirt,Skirt,bottom,,,orange,brown|black,,,all-season,AI-detected Skirt processed on 2025-11-08,orange-skirt-1762596011.png,public
Orange Skirt,Skirt,bottom,,,orange,olive|black,,,all-season,AI-detected Skirt processed on 2025-11-08,orange-skirt-1762571576.png,public
Orange Undershirt,Undershirt,top,,,orange,black|pink,,,all-season,AI-detected Undershirt processed on 2025-11-08,orange-undershirt-1762572934.png,public
Pink Blazer,Blazer,outerwear,,,pink,beige|black,,,all-season,AI-detected Blazer processed on 2025-11-08,pink-blazer-1762585011.png,public
Pink Blazer,Blazer,outerwear,,,pink,black,,,all-season,AI-detected Blazer processed on 2025-11-08,pink-blazer-1762596004.png,public
Pink Blazer,Blazer,outerwear,,,pink,black|gray,,,all-season,AI-detected Blazer processed on 2025-11-08,pink-blazer-1762580028.png,public
Pink Blazer,Blazer,outerwear,,,pink,black|gray,,,all-season,AI-detected Blazer processed on 2025-11-08,pink-blazer-1762580187.png,public
Pink Blazer,Blazer,outerwear,,,pink,black|gray,,,all-season,AI-detected Blazer processed on 2025-11-08,pink-blazer-1762581039.png,public
Pink Blazer,Blazer,outerwear,,,pink,black|gray,,,all-season,AI-detected Blazer processed on 2025-11-08,pink-blazer-1762584131.png,public
Pink Blazer,Blazer,outerwear,,,pink,black|gray,,,all-season,AI-detected Blazer processed on 2025-11-08,pink-blazer-1762584403.png,public
Pink Blazer,Blazer,outerwear,,,pink,black|gray,,,all-season,AI-detected Blazer processed on 2025-11-08,pink-blazer-1762587694.png,public
Pink Blazer,Blazer,outerwear,,,pink,black|gray,,,all-season,AI-detected Blazer processed on 2025-11-08,pink-blazer-1762590337.png,public
Pink Blazer,Blazer,outerwear,,,pink,black|gray,,,all-season,AI-detected Blazer processed on 2025-11-08,pink-blazer-1762592169.png,public
Pink Blazer,Blazer,outerwear,,,pink,black|gray,,,all-season,AI-detected Blazer processed on 2025-11-08,pink-blazer-1762597744.png,public
Pink Blazer,Blazer,outerwear,,,pink,black|gray,,,all-season,AI-detected Blazer processed on 2025-11-08,pink-blazer-1762602010.png,public
Pink Blazer,Blazer,outerwear,,,pink,black|gray,,,all-season,AI-detected Blazer processed on 2025-11-08,pink-blazer-1762606241.png,public
Pink Blazer,Blazer,outerwear,,,pink,gray|black,,,all-season,AI-detected Blazer processed on 2025-11-08,pink-blazer-1762590730.png,public
Pink Body,Body,top,,,pink,black|gray,,,all-season,AI-detected Body processed on 2025-11-08,pink-body-1762605275.png,public
Pink Body,Body,top,,,pink,gray|black,,,all-season,AI-detected Body processed on 2025-11-08,pink-body-1762592858.png,public
Pink Dress,Dress,outerwear,,,pink,beige|black,,,all-season,AI-detected Dress processed on 2025-11-08,pink-dress-1762569577.png,public
Pink Dress,Dress,outerwear,,,pink,beige|black,,,all-season,AI-detected Dress processed on 2025-11-08,pink-dress-1762570504.png,public
Pink Dress,Dress,outerwear,,,pink,beige|black,,,all-season,AI-detected Dress processed on 2025-11-08,pink-dress-1762572266.png,public
Pink Dress,Dress,outerwear,,,pink,beige|black,,,all-season,AI-detected Dress processed on 2025-11-08,pink-dress-1762574541.png,public
Pink Dress,Dress,outerwear,,,pink,beige|black,,,all-season,AI-detected Dress processed on 2025-11-08,pink-dress-1762575332.png,public
Pink Dress,Dress,outerwear,,,pink,beige|black,,,all-season,AI-detected Dress processed on 2025-11-08,pink-dress-1762577830.png,public
Pink Dress,Dress,outerwear,,,pink,beige|black,,,all-season,AI-detected Dress processed on 2025-11-08,pink-dress-1762580633.png,public
Pink Dress,Dress,outerwear,,,pink,beige|black,,,all-season,AI-detected Dress processed on 2025-11-08,pink-dress-1762586812.png,public
Pink Dress,Dress,outerwear,,,pink,beige|black,,,all-season,AI-detected Dress processed on 2025-11-08,pink-dress-1762593750.png,public
Pink Dress,Dress,outerwear,,,pink,beige|black,,,all-season,AI-detected Dress processed on 2025-11-08,pink-dress-1762594575.png,public
Pink Dress,Dress,outerwear,,,pink,beige|black,,,all-season,AI-detected Dress processed on 2025-11-08,pink-dress-1762598426.png,public
Pink Dress,Dress,outerwear,,,pink,beige|black,,,all-season,AI-detected Dress processed on 2025-11-08,pink-dress-1762600420.png,public
Pink Dress,Dress,outerwear,,,pink,beige|black,,,all-season,AI-detected Dress processed on 2025-11-08,pink-dress-1762603452.png,public
Pink Dress,Dress,outerwear,,,pink,beige|black,,,all-season,AI-detected Dress processed on 2025-11-08,pink-dress-1762605957.png,public
Pink Dress,Dress,outerwear,,,pink,black,,,all-season,AI-detected Dress processed on 2025-11-08,pink-dress-1762569749.png,public
Pink Dress,Dress,outerwear,,,pink,black,,,all-season,AI-detected Dress processed on 2025-11-08,pink-dress-1762569957.png,public
Pink Dress,Dress,outerwear,,,pink,black,,,all-season,AI-detected Dress processed on 2025-11-08,pink-dress-1762570561.png,public
Pink Dress,Dress,outerwear,,,pink,black,,,all-season,AI-detected Dress processed on 2025-11-08,pink-dress-1762572171.png,public
Pink Dress,Dress,outerwear,,,pink,black,,,all-season,AI-detected Dress processed on 2025-11-08,pink-dress-1762573285.png,public
Pink Dress,Dress,outerwear,,,pink,black,,,all-season,AI-detected Dress processed on 2025-11-08,pink-dress-1762574839.png,public
Pink Dress,Dress,outerwear,,,pink,black,,,all-season,AI-detected Dress processed on 2025-11-08,pink-dress-1762574896.png,public
Pink Dress,Dress,outerwear,,,pink,black,,,all-season,AI-detected Dress processed on 2025-11-08,pink-dress-1762576720.png,public
Pink Dress,Dress,outerwear,,,pink,black,,,all-season,AI-detected Dress processed on 2025-11-08,pink-dress-1762580649.png,public
Pink Dress,Dress,outerwear,,,pink,black,,,all-season,AI-detected Dress processed on 2025-11-08,pink-dress-1762584619.png,public
Pink Dress,Dress,outerwear,,,pink,black,,,all-season,AI-detected Dress processed on 2025-11-08,pink-dress-1762585752.png,public
Pink Dress,Dress,outerwear,,,pink,black,,,all-season,AI-detected Dress processed on 2025-11-08,pink-dress-1762587594.png,public
Pink Dress,Dress,outerwear,,,pink,black,,,all-season,AI-detected Dress processed on 2025-11-08,pink-dress-1762589603.png,public
Pink Dress,Dress,outerwear,,,pink,black,,,all-season,AI-detected Dress processed on 2025-11-08,pink-dress-1762590477.png,public
Pink Dress,Dress,outerwear,,,pink,black,,,all-season,AI-detected Dress processed on 2025-11-08,pink-dress-1762593094.png,public
Pink Dress,Dress,outerwear,,,pink,black,,,all-season,AI-detected Dress processed on 2025-11-08,pink-dress-1762593460.png,public
Pink Dress,Dress,outerwear,,,pink,black,,,all-season,AI-detected Dress processed on 2025-11-08,pink-dress-1762596957.png,public
Pink Dress,Dress,outerwear,,,pink,black,,,all-season,AI-detected Dress processed on 2025-11-08,pink-dress-1762597536.png,public
Pink Dress,Dress,outerwear,,,pink,black,,,all-season,AI-detected Dress processed on 2025-11-08,pink-dress-1762599019.png,public
Pink Dress,Dress,outerwear,,,pink,black,,,all-season,AI-detected Dress processed on 2025-11-08,pink-dress-1762599143.png,public
Pink Dress,Dress,outerwear,,,pink,black,,,all-season,AI-detected Dress processed on 2025-11-08,pink-dress-1762601816.png,public
Pink Dress,Dress,outerwear,,,pink,black,,,all-season,AI-detected Dress processed on 2025-11-08,pink-dress-1762606955.png,public
Pink Dress,Dress,outerwear,,,pink,black|beige,,,all-season,AI-detected Dress processed on 2025-11-08,pink-dress-1762570427.png,public
Pink Dress,Dress,outerwear,,,pink,black|beige,,,all-season,AI-detected Dress processed on 2025-11-08,pink-dress-1762570480.png,public
Pink Dress,Dress,outerwear,,,pink,black|beige,,,all-season,AI-detected Dress processed on 2025-11-08,pink-dress-1762573414.png,public
Pink Dress,Dress,outerwear,,,pink,black|beige,,,all-season,AI-detected Dress processed on 2025-11-08,pink-dress-1762573522.png,public
Pink Dress,Dress,outerwear,,,pink,black|beige,,,all-season,AI-detected Dress processed on 2025-11-08,pink-dress-1762575063.png,public
Pink Dress,Dress,outerwear,,,pink,black|beige,,,all-season,AI-detected Dress processed on 2025-11-08,pink-dress-1762575942.png,public
Pink Dress,Dress,outerwear,,,pink,black|beige,,,all-season,AI-detected Dress processed on 2025-11-08,pink-dress-1762577154.png,public
Pink Dress,Dress,outerwear,,,pink,black|beige,,,all-season,AI-detected Dress processed on 2025-11-08,pink-dress-1762578426.png,public
Pink Dress,Dress,outerwear,,,pink,black|beige,,,all-season,AI-detected Dress processed on 2025-11-08,pink-dress-1762583894.png,public
Pink Dress,Dress,outerwear,,,pink,black|beige,,,all-season,AI-detected Dress processed on 2025-11-08,pink-dress-1762585469.png,public
Pink Dress,Dress,outerwear,,,pink,black|beige,,,all-season,AI-detected Dress processed on 2025-11-08,pink-dress-1762591628.png,public
Pink Dress,Dress,outerwear,,,pink,black|beige,,,all-season,AI-detected Dress processed on 2025-11-08,pink-dress-1762597475.png,public
Pink Dress,Dress,outerwear,,,pink,black|beige,,,all-season,AI-detected Dress processed on 2025-11-08,pink-dress-1762598759.png,public
Pink Dress,Dress,outerwear,,,pink,black|beige,,,all-season,AI-detected Dress processed on 2025-11-08,pink-dress-1762599622.png,public
Pink Dress,Dress,outerwear,,,pink,black|beige,,,all-season,AI-detected Dress processed on 2025-11-08,pink-dress-1762602249.png,public
Pink Dress,Dress,outerwear,,,pink,black|beige,,,all-season,AI-detected Dress processed on 2025-11-08,pink-dress-1762604776.png,public
Pink Dress,Dress,outerwear,,,pink,black|beige,,,all-season,AI-detected Dress processed on 2025-11-08,pink-dress-1762607507.png,public
Pink Dress,Dress,outerwear,,,pink,black|brown,,,all-season,AI-detected Dress processed on 2025-11-08,pink-dress-1762569873.png,public
Pink Dress,Dress,outerwear,,,pink,black|brown,,,all-season,AI-detected Dress processed on 2025-11-08,pink-dress-1762570459.png,public
Pink Dress,Dress,outerwear,,,pink,black|brown,,,all-season,AI-detected Dress processed on 2025-11-08,pink-dress-1762571049.png,public
Pink Dress,Dress,outerwear,,,pink,black|brown,,,all-season,AI-detected Dress processed on 2025-11-08,pink-dress-1762579446.png,public
Pink Dress,Dress,outerwear,,,pink,black|brown,,,all-season,AI-detected Dress processed on 2025-11-08,pink-dress-1762580752.png,public
Pink Dress,Dress,outerwear,,,pink,black|brown,,,all-season,AI-detected Dress processed on 2025-11-08,pink-dress-1762585051.png,public
Pink Dress,Dress,outerwear,,,pink,black|brown,,,all-season,AI-detected Dress processed on 2025-11-08,pink-dress-1762588930.png,public
Pink Dress,Dress,outerwear,,,pink,black|brown,,,all-season,AI-detected Dress processed on 2025-11-08,pink-dress-1762589683.png,public
Pink Dress,Dress,outerwear,,,pink,black|brown,,,all-season,AI-detected Dress processed on 2025-11-08,pink-dress-1762589814.png,public
Pink Dress,Dress,outerwear,,,pink,black|brown,,,all-season,AI-detected Dress processed on 2025-11-08,pink-dress-1762595087.png,public
Pink Dress,Dress,outerwear,,,pink,black|brown,,,all-season,AI-detected Dress processed on 2025-11-08,pink-dress-1762598111.png,public
Pink Dress,Dress,outerwear,,,pink,black|brown,,,all-season,AI-detected Dress processed on 2025-11-08,pink-dress-1762602796.png,public
Pink Dress,Dress,outerwear,,,pink,black|brown,,,all-season,AI-detected Dress processed on 2025-11-08,pink-dress-1762604646.png,public
Pink Dress,Dress,outerwear,,,pink,black|gray,,,all-season,AI-detected Dress processed on 2025-11-08,pink-dress-1762568460.png,public
Pink Dress,Dress,outerwear,,,pink,black|gray,,,all-season,AI-detected Dress processed on 2025-11-08,pink-dress-1762568745.png,public
Pink Dress,Dress,outerwear,,,pink,black|gray,,,all-season,AI-detected Dress processed on 2025-11-08,pink-dress-1762569286.png,public
Pink Dress,Dress,outerwear,,,pink,black|gray,,,all-season,AI-detected Dress processed on 2025-11-08,pink-dress-1762569556.png,public
Pink Dress,Dress,outerwear,,,pink,black|gray,,,all-season,AI-detected Dress processed on 2025-11-08,pink-dress-1762569802.png,public
Pink Dress,Dress,outerwear,,,pink,black|gray,,,all-season,AI-detected Dress processed on 2025-11-08,pink-dress-1762569900.png,public
Pink Dress,Dress,outerwear,,,pink,black|gray,,,all-season,AI-detected Dress processed on 2025-11-08,pink-dress-1762570336.png,public
Pink Dress,Dress,outerwear,,,pink,black|gray,,,all-season,AI-detected Dress processed on 2025-11-08,pink-dress-1762570344.png,public
Pink Dress,Dress,outerwear,,,pink,black|gray,,,all-season,AI-detected Dress processed on 2025-11-08,pink-dress-1762570554.png,public
Pink Dress,Dress,outerwear,,,pink,black|gray,,,all-season,AI-detected Dress processed on 2025-11-08,pink-dress-1762570669.png,public
Pink Dress,Dress,outerwear,,,pink,black|gray,,,all-season,AI-detected Dress processed on 2025-11-08,pink-dress-1762570790.png,public
Pink Dress,Dress,outerwear,,,pink,black|gray,,,all-season,AI-detected Dress processed on 2025-11-08,pink-dress-1762571141.png,public
Pink Dress,Dress,outerwear,,,pink,black|gray,,,all-season,AI-detected Dress processed on 2025-11-08,pink-dress-1762571178.png,public
Pink Dress,Dress,outerwear,,,pink,black|gray,,,all-season,AI-detected Dress processed on 2025-11-08,pink-dress-1762571640.png,public
Pink Dress,Dress,outerwear,,,pink,black|gray,,,all-season,AI-detected Dress processed on 2025-11-08,pink-dress-1762571765.png,public
Pink Dress,Dress,outerwear,,,pink,black|gray,,,all-season,AI-detected Dress processed on 2025-11-08,pink-dress-1762571972.png,public
Pink Dress,Dress,outerwear,,,pink,black|gray,,,all-season,AI-detected Dress processed on 2025-11-08,pink-dress-1762572009.png,public
Pink Dress,Dress,outerwear,,,pink,black|gray,,,all-season,AI-detected Dress processed on 2025-11-08,pink-dress-1762572347.png,public
Pink Dress,Dress,outerwear,,,pink,black|gray,,,all-season,AI-detected Dress processed on 2025-11-08,pink-dress-1762573246.png,public
Pink Dress,Dress,outerwear,,,pink,black|gray,,,all-season,AI-detected Dress processed on 2025-11-08,pink-dress-1762573265.png,public
Pink Dress,Dress,outerwear,,,pink,black|gray,,,all-season,AI-detected Dress processed on 2025-11-08,pink-dress-1762573364.png,public
Pink Dress,Dress,outerwear,,,pink,black|gray,,,all-season,AI-detected Dress processed on 2025-11-08,pink-dress-1762573492.png,public
Pink Dress,Dress,outerwear,,,pink,black|gray,,,all-season,AI-detected Dress processed on 2025-11-08,pink-dress-1762573688.png,public
Pink Dress,Dress,outerwear,,,pink,black|gray,,,all-season,AI-detected Dress processed on 2025-11-08,pink-dress-1762574150.png,public
Pink Dress,Dress,outerwear,,,pink,black|gray,,,all-season,AI-detected Dress processed on 2025-11-08,pink-dress-1762574384.png,public
Pink Dress,Dress,outerwear,,,pink,black|gray,,,all-season,AI-detected Dress processed on 2025-11-08,pink-dress-1762574411.png,public
Pink Dress,Dress,outerwear,,,pink,black|gray,,,all-season,AI-detected Dress processed on 2025-11-08,pink-dress-1762574866.png,public
Pink Dress,Dress,outerwear,,,pink,black|gray,,,all-season,AI-detected Dress processed on 2025-11-08,pink-dress-1762574985.png,public
Pink Dress,Dress,outerwear,,,pink,black|gray,,,all-season,AI-detected Dress processed on 2025-11-08,pink-dress-1762575107.png,public
Pink Dress,Dress,outerwear,,,pink,black|gray,,,all-season,AI-detected Dress processed on 2025-11-08,pink-dress-1762575292.png,public
Pink Dress,Dress,outerwear,,,pink,black|gray,,,all-season,AI-detected Dress processed on 2025-11-08,pink-dress-1762575350.png,public
Pink Dress,Dress,outerwear,,,pink,black|gray,,,all-season,AI-detected Dress processed on 2025-11-08,pink-dress-1762575420.png,public
Pink Dress,Dress,outerwear,,,pink,black|gray,,,all-season,AI-detected Dress processed on 2025-11-08,pink-dress-1762576045.png,public
Pink Dress,Dress,outerwear,,,pink,black|gray,,,all-season,AI-detected Dress processed on 2025-11-08,pink-dress-1762576158.png,public
Pink Dress,Dress,outerwear,,,pink,black|gray,,,all-season,AI-detected Dress processed on 2025-11-08,pink-dress-1762576292.png,public
Pink Dress,Dress,outerwear,,,pink,black|gray,,,all-season,AI-detected Dress processed on 2025-11-08,pink-dress-1762576738.png,public
Pink Dress,Dress,outerwear,,,pink,black|gray,,,all-season,AI-detected Dress processed on 2025-11-08,pink-dress-1762577052.png,public
Pink Dress,Dress,outerwear,,,pink,black|gray,,,all-season,AI-detected Dress processed on 2025-11-08,pink-dress-1762578389.png,public
Pink Dress,Dress,outerwear,,,pink,black|gray,,,all-season,AI-detected Dress processed on 2025-11-08,pink-dress-1762578445.png,public
Pink Dress,Dress,outerwear,,,pink,black|gray,,,all-season,AI-detected Dress processed on 2025-11-08,pink-dress-1762578741.png,public
Pink Dress,Dress,outerwear,,,pink,black|gray,,,all-season,AI-detected Dress processed on 2025-11-08,pink-dress-1762578814.png,public
Pink Dress,Dress,outerwear,,,pink,black|gray,,,all-season,AI-detected Dress processed on 2025-11-08,pink-dress-1762578947.png,public
Pink Dress,Dress,outerwear,,,pink,black|gray,,,all-season,AI-detected Dress processed on 2025-11-08,pink-dress-1762579169.png,public
Pink Dress,Dress,outerwear,,,pink,black|gray,,,all-season,AI-detected Dress processed on 2025-11-08,pink-dress-1762579225.png,public
Pink Dress,Dress,outerwear,,,pink,black|gray,,,all-season,AI-detected Dress processed on 2025-11-08,pink-dress-1762579730.png,public
Pink Dress,Dress,outerwear,,,pink,black|gray,,,all-season,AI-detected Dress processed on 2025-11-08,pink-dress-1762580269.png,public
Pink Dress,Dress,outerwear,,,pink,black|gray,,,all-season,AI-detected Dress processed on 2025-11-08,pink-dress-1762580357.png,public
Pink Dress,Dress,outerwear,,,pink,black|gray,,,all-season,AI-detected Dress processed on 2025-11-08,pink-dress-1762581500.png,public
Pink Dress,Dress,outerwear,,,pink,black|gray,,,all-season,AI-detected Dress processed on 2025-11-08,pink-dress-1762581542.png,public
Pink Dress,Dress,outerwear,,,pink,black|gray,,,all-season,AI-detected Dress processed on 2025-11-08,pink-dress-1762582838.png,public
Pink Dress,Dress,outerwear,,,pink,black|gray,,,all-season,AI-detected Dress processed on 2025-11-08,pink-dress-1762583706.png,public
Pink Dress,Dress,outerwear,,,pink,black|gray,,,all-season,AI-detected Dress processed on 2025-11-08,pink-dress-1762583816.png,public
Pink Dress,Dress,outerwear,,,pink,black|gray,,,all-season,AI-detected Dress processed on 2025-11-08,pink-dress-1762583936.png,public
Pink Dress,Dress,outerwear,,,pink,black|gray,,,all-season,AI-detected Dress processed on 2025-11-08,pink-dress-1762584282.png,public
Pink Dress,Dress,outerwear,,,pink,black|gray,,,all-season,AI-detected Dress processed on 2025-11-08,pink-dress-1762584853.png,public
Pink Dress,Dress,outerwear,,,pink,black|gray,,,all-season,AI-detected Dress processed on 2025-11-08,pink-dress-1762584857.png,public
Pink Dress,Dress,outerwear,,,pink,black|gray,,,all-season,AI-detected Dress processed on 2025-11-08,pink-dress-1762584935.png,public
Pink Dress,Dress,outerwear,,,pink,black|gray,,,all-season,AI-detected Dress processed on 2025-11-08,pink-dress-1762585680.png,public
Pink Dress,Dress,outerwear,,,pink,black|gray,,,all-season,AI-detected Dress processed on 2025-11-08,pink-dress-1762585791.png,public
Pink Dress,Dress,outerwear,,,pink,black|gray,,,all-season,AI-detected Dress processed on 2025-11-08,pink-dress-1762586481.png,public
Pink Dress,Dress,outerwear,,,pink,black|gray,,,all-season,AI-detected Dress processed on 2025-11-08,pink-dress-1762586928.png,public
Pink Dress,Dress,outerwear,,,pink,black|gray,,,all-season,AI-detected Dress processed on 2025-11-08,pink-dress-1762587785.png,public
Pink Dress,Dress,outerwear,,,pink,black|gray,,,all-season,AI-detected Dress processed on 2025-11-08,pink-dress-1762588064.png,public
Pink Dress,Dress,outerwear,,,pink,black|gray,,,all-season,AI-detected Dress processed on 2025-11-08,pink-dress-1762588176.png,public
Pink Dress,Dress,outerwear,,,pink,black|gray,,,all-season,AI-detected Dress processed on 2025-11-08,pink-dress-1762588219.png,public
Pink Dress,Dress,outerwear,,,pink,black|gray,,,all-season,AI-detected Dress processed on 2025-11-08,pink-dress-1762588354.png,public
Pink Dress,Dress,outerwear,,,pink,black|gray,,,all-season,AI-detected Dress processed on 2025-11-08,pink-dress-1762589245.png,public
Pink Dress,Dress,outerwear,,,pink,black|gray,,,all-season,AI-detected Dress processed on 2025-11-08,pink-dress-1762589843.png,public
Pink Dress,Dress,outerwear,,,pink,black|gray,,,all-season,AI-detected Dress processed on 2025-11-08,pink-dress-1762589878.png,public
Pink Dress,Dress,outerwear,,,pink,black|gray,,,all-season,AI-detected Dress processed on 2025-11-08,pink-dress-1762590256.png,public
Pink Dress,Dress,outerwear,,,pink,black|gray,,,all-season,AI-detected Dress processed on 2025-11-08,pink-dress-1762590610.png,public
Pink Dress,Dress,outerwear,,,pink,black|gray,,,all-season,AI-detected Dress processed on 2025-11-08,pink-dress-1762590756.png,public
Pink Dress,Dress,outerwear,,,pink,black|gray,,,all-season,AI-detected Dress processed on 2025-11-08,pink-dress-1762590822.png,public
Pink Dress,Dress,outerwear,,,pink,black|gray,,,all-season,AI-detected Dress processed on 2025-11-08,pink-dress-1762590857.png,public
Pink Dress,Dress,outerwear,,,pink,black|gray,,,all-season,AI-detected Dress processed on 2025-11-08,pink-dress-1762591205.png,public
Pink Dress,Dress,outerwear,,,pink,black|gray,,,all-season,AI-detected Dress processed on 2025-11-08,pink-dress-1762592226.png,public
Pink Dress,Dress,outerwear,,,pink,black|gray,,,all-season,AI-detected Dress processed on 2025-11-08,pink-dress-1762592435.png,public
Pink Dress,Dress,outerwear,,,pink,black|gray,,,all-season,AI-detected Dress processed on 2025-11-08,pink-dress-1762592941.png,public
Pink Dress,Dress,outerwear,,,pink,black|gray,,,all-season,AI-detected Dress processed on 2025-11-08,pink-dress-1762592990.png,public
Pink Dress,Dress,outerwear,,,pink,black|gray,,,all-season,AI-detected Dress processed on 2025-11-08,pink-dress-1762594363.png,public
Pink Dress,Dress,outerwear,,,pink,black|gray,,,all-season,AI-detected Dress processed on 2025-11-08,pink-dress-1762594836.png,public
Pink Dress,Dress,outerwear,,,pink,black|gray,,,all-season,AI-detected Dress processed on 2025-11-08,pink-dress-1762594923.png,public
Pink Dress,Dress,outerwear,,,pink,black|gray,,,all-season,AI-detected Dress processed on 2025-11-08,pink-dress-1762595417.png,public
Pink Dress,Dress,outerwear,,,pink,black|gray,,,all-season,AI-detected Dress processed on 2025-11-08,pink-dress-1762595601.png,public
Pink Dress,Dress,outerwear,,,pink,black|gray,,,all-season,AI-detected Dress processed on 2025-11-08,pink-dress-1762597182.png,public
Pink Dress,Dress,outerwear,,,pink,black|gray,,,all-season,AI-detected Dress processed on 2025-11-08,pink-dress-1762597237.png,public
Pink Dress,Dress,outerwear,,,pink,black|gray,,,all-season,AI-detected Dress processed on 2025-11-08,pink-dress-1762597276.png,public
Pink Dress,Dress,outerwear,,,pink,black|gray,,,all-season,AI-detected Dress processed on 2025-11-08,pink-dress-1762597323.png,public
Pink Dress,Dress,outerwear,,,pink,black|gray,,,all-season,AI-detected Dress processed on 2025-11-08,pink-dress-1762597334.png,public
Pink Dress,Dress,outerwear,,,pink,black|gray,,,all-season,AI-detected Dress processed on 2025-11-08,pink-dress-1762597610.png,public
Pink Dress,Dress,outerwear,,,pink,black|gray,,,all-season,AI-detected Dress processed on 2025-11-08,pink-dress-1762598472.png,public
Pink Dress,Dress,outerwear,,,pink,black|gray,,,all-season,AI-detected Dress processed on 2025-11-08,pink-dress-1762599211.png,public
Pink Dress,Dress,outerwear,,,pink,black|gray,,,all-season,AI-detected Dress processed on 2025-11-08,pink-dress-1762599537.png,public
Pink Dress,Dress,outerwear,,,pink,black|gray,,,all-season,AI-detected Dress processed on 2025-11-08,pink-dress-1762599750.png,public
Pink Dress,Dress,outerwear,,,pink,black|gray,,,all-season,AI-detected Dress processed on 2025-11-08,pink-dress-1762599810.png,public
Pink Dress,Dress,outerwear,,,pink,black|gray,,,all-season,AI-detected Dress processed on 2025-11-08,pink-dress-1762600041.png,public
Pink Dress,Dress,outerwear,,,pink,black|gray,,,all-season,AI-detected Dress processed on 2025-11-08,pink-dress-1762600191.png,public
Pink Dress,Dress,outerwear,,,pink,black|gray,,,all-season,AI-detected Dress processed on 2025-11-08,pink-dress-1762600356.png,public
Pink Dress,Dress,outerwear,,,pink,black|gray,,,all-season,AI-detected Dress processed on 2025-11-08,pink-dress-1762600553.png,public
Pink Dress,Dress,outerwear,,,pink,black|gray,,,all-season,AI-detected Dress processed on 2025-11-08,pink-dress-1762600623.png,public
Pink Dress,Dress,outerwear,,,pink,black|gray,,,all-season,AI-detected Dress processed on 2025-11-08,pink-dress-1762600964.png,public
Pink Dress,Dress,outerwear,,,pink,black|gray,,,all-season,AI-detected Dress processed on 2025-11-08,pink-dress-1762601316.png,public
Pink Dress,Dress,outerwear,,,pink,black|gray,,,all-season,AI-detected Dress processed on 2025-11-08,pink-dress-1762601592.png,public
Pink Dress,Dress,outerwear,,,pink,black|gray,,,all-season,AI-detected Dress processed on 2025-11-08,pink-dress-1762602387.png,public
Pink Dress,Dress,outerwear,,,pink,black|gray,,,all-season,AI-detected Dress processed on 2025-11-08,pink-dress-1762602537.png,public
Pink Dress,Dress,outerwear,,,pink,black|gray,,,all-season,AI-detected Dress processed on 2025-11-08,pink-dress-1762602577.png,public
Pink Dress,Dress,outerwear,,,pink,black|gray,,,all-season,AI-detected Dress processed on 2025-11-08,pink-dress-1762603039.png,public
Pink Dress,Dress,outerwear,,,pink,black|gray,,,all-season,AI-detected Dress processed on 2025-11-08,pink-dress-1762603113.png,public
Pink Dress,Dress,outerwear,,,pink,black|gray,,,all-season,AI-detected Dress processed on 2025-11-08,pink-dress-1762603242.png,public
Pink Dress,Dress,outerwear,,,pink,black|gray,,,all-season,AI-detected Dress processed on 2025-11-08,pink-dress-1762603413.png,public
Pink Dress,Dress,outerwear,,,pink,black|gray,,,all-season,AI-detected Dress processed on 2025-11-08,pink-dress-1762603552.png,public
Pink Dress,Dress,outerwear,,,pink,black|gray,,,all-season,AI-detected Dress processed on 2025-11-08,pink-dress-1762603594.png,public
Pink Dress,Dress,outerwear,,,pink,black|gray,,,all-season,AI-detected Dress processed on 2025-11-08,pink-dress-1762604096.png,public
Pink Dress,Dress,outerwear,,,pink,black|gray,,,all-season,AI-detected Dress processed on 2025-11-08,pink-dress-1762604229.png,public
Pink Dress,Dress,outerwear,,,pink,black|gray,,,all-season,AI-detected Dress processed on 2025-11-08,pink-dress-1762604360.png,public
Pink Dress,Dress,outerwear,,,pink,black|gray,,,all-season,AI-detected Dress processed on 2025-11-08,pink-dress-1762605007.png,public
Pink Dress,Dress,outerwear,,,pink,black|gray,,,all-season,AI-detected Dress processed on 2025-11-08,pink-dress-1762605570.png,public
Pink Dress,Dress,outerwear,,,pink,black|gray,,,all-season,AI-detected Dress processed on 2025-11-08,pink-dress-1762606501.png,public
Pink Dress,Dress,outerwear,,,pink,black|gray,,,all-season,AI-detected Dress processed on 2025-11-08,pink-dress-1762607186.png,public
Pink Dress,Dress,outerwear,,,pink,black|gray,,,all-season,AI-detected Dress processed on 2025-11-08,pink-dress-1762607219.png,public
Pink Dress,Dress,outerwear,,,pink,black|gray,,,all-season,AI-detected Dress processed on 2025-11-08,pink-dress-1762607240.png,public
Pink Dress,Dress,outerwear,,,pink,black|gray,,,all-season,AI-detected Dress processed on 2025-11-08,pink-dress-1762607262.png,public
Pink Dress,Dress,outerwear,,,pink,black|gray,,,all-season,AI-detected Dress processed on 2025-11-08,pink-dress-1762607477.png,public
Pink Dress,Dress,outerwear,,,pink,black|gray,,,all-season,AI-detected Dress processed on 2025-11-08,pink-dress-1762607503.png,public
Pink Dress,Dress,outerwear,,,pink,black|maroon,,,all-season,AI-detected Dress processed on 2025-11-08,pink-dress-1762607052.png,public
Pink Dress,Dress,outerwear,,,pink,black|orange,,,all-season,AI-detected Dress processed on 2025-11-08,pink-dress-1762605988.png,public
Pink Dress,Dress,outerwear,,,pink,black|white,,,all-season,AI-detected Dress processed on 2025-11-08,pink-dress-1762599747.png,public
Pink Dress,Dress,outerwear,,,pink,black|yellow,,,all-season,AI-detected Dress processed on 2025-11-08,pink-dress-1762597643.png,public
Pink Dress,Dress,outerwear,,,pink,brown|black,,,all-season,AI-detected Dress processed on 2025-11-08,pink-dress-1762584685.png,public
Pink Dress,Dress,outerwear,,,pink,brown|black,,,all-season,AI-detected Dress processed on 2025-11-08,pink-dress-1762588734.png,public
Pink Dress,Dress,outerwear,,,pink,brown|black,,,all-season,AI-detected Dress processed on 2025-11-08,pink-dress-1762594681.png,public
Pink Dress,Dress,outerwear,,,pink,gray|black,,,all-season,AI-detected Dress processed on 2025-11-08,pink-dress-1762570062.png,public
Pink Dress,Dress,outerwear,,,pink,gray|black,,,all-season,AI-detected Dress processed on 2025-11-08,pink-dress-1762570274.png,public
Pink Dress,Dress,outerwear,,,pink,gray|black,,,all-season,AI-detected Dress processed on 2025-11-08,pink-dress-1762570970.png,public
Pink Dress,Dress,outerwear,,,pink,gray|black,,,all-season,AI-detected Dress processed on 2025-11-08,pink-dress-1762571300.png,public
Pink Dress,Dress,outerwear,,,pink,gray|black,,,all-season,AI-detected Dress processed on 2025-11-08,pink-dress-1762571701.png,public
Pink Dress,Dress,outerwear,,,pink,gray|black,,,all-season,AI-detected Dress processed on 2025-11-08,pink-dress-1762572029.png,public
Pink Dress,Dress,outerwear,,,pink,gray|black,,,all-season,AI-detected Dress processed on 2025-11-08,pink-dress-1762572886.png,public
Pink Dress,Dress,outerwear,,,pink,gray|black,,,all-season,AI-detected Dress processed on 2025-11-08,pink-dress-1762572891.png,public
Pink Dress,Dress,outerwear,,,pink,gray|black,,,all-season,AI-detected Dress processed on 2025-11-08,pink-dress-1762574338.png,public
Pink Dress,Dress,outerwear,,,pink,gray|black,,,all-season,AI-detected Dress processed on 2025-11-08,pink-dress-1762574449.png,public
Pink Dress,Dress,outerwear,,,pink,gray|black,,,all-season,AI-detected Dress processed on 2025-11-08,pink-dress-1762575095.png,public
Pink Dress,Dress,outerwear,,,pink,gray|black,,,all-season,AI-detected Dress processed on 2025-11-08,pink-dress-1762576612.png,public
Pink Dress,Dress,outerwear,,,pink,gray|black,,,all-season,AI-detected Dress processed on 2025-11-08,pink-dress-1762577710.png,public
Pink Dress,Dress,outerwear,,,pink,gray|black,,,all-season,AI-detected Dress processed on 2025-11-08,pink-dress-1762578055.png,public
Pink Dress,Dress,outerwear,,,pink,gray|black,,,all-season,AI-detected Dress processed on 2025-11-08,pink-dress-1762579617.png,public
Pink Dress,Dress,outerwear,,,pink,gray|black,,,all-season,AI-detected Dress processed on 2025-11-08,pink-dress-1762580073.png,public
Pink Dress,Dress,outerwear,,,pink,gray|black,,,all-season,AI-detected Dress processed on 2025-11-08,pink-dress-1762580960.png,public
Pink Dress,Dress,outerwear,,,pink,gray|black,,,all-season,AI-detected Dress processed on 2025-11-08,pink-dress-1762582087.png,public
Pink Dress,Dress,outerwear,,,pink,gray|black,,,all-season,AI-detected Dress processed on 2025-11-08,pink-dress-1762585331.png,public
Pink Dress,Dress,outerwear,,,pink,gray|black,,,all-season,AI-detected Dress processed on 2025-11-08,pink-dress-1762585372.png,public
Pink Dress,Dress,outerwear,,,pink,gray|black,,,all-season,AI-detected Dress processed on 2025-11-08,pink-dress-1762587284.png,public
Pink Dress,Dress,outerwear,,,pink,gray|black,,,all-season,AI-detected Dress processed on 2025-11-08,pink-dress-1762587579.png,public
Pink Dress,Dress,outerwear,,,pink,gray|black,,,all-season,AI-detected Dress processed on 2025-11-08,pink-dress-1762588265.png,public
Pink Dress,Dress,outerwear,,,pink,gray|black,,,all-season,AI-detected Dress processed on 2025-11-08,pink-dress-1762590491.png,public
Pink Dress,Dress,outerwear,,,pink,gray|black,,,all-season,AI-detected Dress processed on 2025-11-08,pink-dress-1762590533.png,public
Pink Dress,Dress,outerwear,,,pink,gray|black,,,all-season,AI-detected Dress processed on 2025-11-08,pink-dress-1762594416.png,public
Pink Dress,Dress,outerwear,,,pink,gray|black,,,all-season,AI-detected Dress processed on 2025-11-08,pink-dress-1762595080.png,public
Pink Dress,Dress,outerwear,,,pink,gray|black,,,all-season,AI-detected Dress processed on 2025-11-08,pink-dress-1762595280.png,public
Pink Dress,Dress,outerwear,,,pink,gray|black,,,all-season,AI-detected Dress processed on 2025-11-08,pink-dress-1762596113.png,public
Pink Dress,Dress,outerwear,,,pink,gray|black,,,all-season,AI-detected Dress processed on 2025-11-08,pink-dress-1762597450.png,public
Pink Dress,Dress,outerwear,,,pink,gray|black,,,all-season,AI-detected Dress processed on 2025-11-08,pink-dress-1762599702.png,public
Pink Dress,Dress,outerwear,,,pink,gray|black,,,all-season,AI-detected Dress processed on 2025-11-08,pink-dress-1762600890.png,public
Pink Dress,Dress,outerwear,,,pink,gray|black,,,all-season,AI-detected Dress processed on 2025-11-08,pink-dress-1762601384.png,public
Pink Dress,Dress,outerwear,,,pink,gray|black,,,all-season,AI-detected Dress processed on 2025-11-08,pink-dress-1762601401.png,public
Pink Dress,Dress,outerwear,,,pink,gray|black,,,all-season,AI-detected Dress processed on 2025-11-08,pink-dress-1762602231.png,public
Pink Dress,Dress,outerwear,,,pink,gray|black,,,all-season,AI-detected Dress processed on 2025-11-08,pink-dress-1762602553.png,public
Pink Dress,Dress,outerwear,,,pink,gray|black,,,all-season,AI-detected Dress processed on 2025-11-08,pink-dress-1762605122.png,public
Pink Dress,Dress,outerwear,,,pink,gray|black,,,all-season,AI-detected Dress processed on 2025-11-08,pink-dress-1762605653.png,public
Pink Dress,Dress,outerwear,,,pink,gray|black,,,all-season,AI-detected Dress processed on 2025-11-08,pink-dress-1762606483.png,public
Pink Dress,Dress,outerwear,,,pink,gray|black,,,all-season,AI-detected Dress processed on 2025-11-08,pink-dress-1762606642.png,public
Pink Dress,Dress,outerwear,,,pink,gray|black,,,all-season,AI-detected Dress processed on 2025-11-08,pink-dress-1762607360.png,public
Pink Dress,Dress,outerwear,,,pink,olive|black,,,all-season,AI-detected Dress processed on 2025-11-08,pink-dress-1762575032.png,public
Pink Dress,Dress,outerwear,,,pink,olive|black,,,all-season,AI-detected Dress processed on 2025-11-08,pink-dress-1762600590.png,public
Pink Dress,Dress,outerwear,,,pink,olive|gray,,,all-season,AI-detected Dress processed on 2025-11-08,pink-dress-1762588093.png,public
Pink Dress,Dress,outerwear,,,pink,orange|black,,,all-season,AI-detected Dress processed on 2025-11-08,pink-dress-1762571395.png,public
Pink Dress,Dress,outerwear,,,pink,orange|black,,,all-season,AI-detected Dress processed on 2025-11-08,pink-dress-1762576685.png,public
Pink Dress,Dress,outerwear,,,pink,orange|black,,,all-season,AI-detected Dress processed on 2025-11-08,pink-dress-1762595091.png,public
Pink Dress,Dress,outerwear,,,pink,red|black,,,all-season,AI-detected Dress processed on 2025-11-08,pink-dress-1762607375.png,public
Pink Hat,Hat,accessory,,,pink,beige|black,,,all-season,AI-detected Hat processed on 2025-11-08,pink-hat-1762576447.png,public
Pink Hat,Hat,accessory,,,pink,beige|black,,,all-season,AI-detected Hat processed on 2025-11-08,pink-hat-1762577555.png,public
Pink Hat,Hat,accessory,,,pink,beige|black,,,all-season,AI-detected Hat processed on 2025-11-08,pink-hat-1762580378.png,public
Pink Hat,Hat,accessory,,,pink,beige|black,,,all-season,AI-detected Hat processed on 2025-11-08,pink-hat-1762583293.png,public
Pink Hat,Hat,accessory,,,pink,beige|black,,,all-season,AI-detected Hat processed on 2025-11-08,pink-hat-1762588111.png,public
Pink Hat,Hat,accessory,,,pink,beige|black,,,all-season,AI-detected Hat processed on 2025-11-08,pink-hat-1762588865.png,public
Pink Hat,Hat,accessory,,,pink,beige|black,,,all-season,AI-detected Hat processed on 2025-11-08,pink-hat-1762589418.png,public
Pink Hat,Hat,accessory,,,pink,beige|black,,,all-season,AI-detected Hat processed on 2025-11-08,pink-hat-1762589483.png,public
Pink Hat,Hat,accessory,,,pink,beige|black,,,all-season,AI-detected Hat processed on 2025-11-08,pink-hat-1762596224.png,public
Pink Hat,Hat,accessory,,,pink,beige|black,,,all-season,AI-detected Hat processed on 2025-11-08,pink-hat-1762596946.png,public
Pink Hat,Hat,accessory,,,pink,beige|black,,,all-season,AI-detected Hat processed on 2025-11-08,pink-hat-1762597038.png,public
Pink Hat,Hat,accessory,,,pink,beige|black,,,all-season,AI-detected Hat processed on 2025-11-08,pink-hat-1762597114.png,public
Pink Hat,Hat,accessory,,,pink,beige|black,,,all-season,AI-detected Hat processed on 2025-11-08,pink-hat-1762597784.png,public
Pink Hat,Hat,accessory,,,pink,beige|black,,,all-season,AI-detected Hat processed on 2025-11-08,pink-hat-1762602376.png,public
Pink Hat,Hat,accessory,,,pink,beige|black,,,all-season,AI-detected Hat processed on 2025-11-08,pink-hat-1762604934.png,public
Pink Hat,Hat,accessory,,,pink,black,,,all-season,AI-detected Hat processed on 2025-11-08,pink-hat-1762569647.png,public
Pink Hat,Hat,accessory,,,pink,black,,,all-season,AI-detected Hat processed on 2025-11-08,pink-hat-1762570600.png,public
Pink Hat,Hat,accessory,,,pink,black,,,all-season,AI-detected Hat processed on 2025-11-08,pink-hat-1762574109.png,public
Pink Hat,Hat,accessory,,,pink,black,,,all-season,AI-detected Hat processed on 2025-11-08,pink-hat-1762574377.png,public
Pink Hat,Hat,accessory,,,pink,black,,,all-season,AI-detected Hat processed on 2025-11-08,pink-hat-1762575295.png,public
Pink Hat,Hat,accessory,,,pink,black,,,all-season,AI-detected Hat processed on 2025-11-08,pink-hat-1762578756.png,public
Pink Hat,Hat,accessory,,,pink,black,,,all-season,AI-detected Hat processed on 2025-11-08,pink-hat-1762580399.png,public
Pink Hat,Hat,accessory,,,pink,black,,,all-season,AI-detected Hat processed on 2025-11-08,pink-hat-1762581054.png,public
Pink Hat,Hat,accessory,,,pink,black,,,all-season,AI-detected Hat processed on 2025-11-08,pink-hat-1762581359.png,public
Pink Hat,Hat,accessory,,,pink,black,,,all-season,AI-detected Hat processed on 2025-11-08,pink-hat-1762586819.png,public
Pink Hat,Hat,accessory,,,pink,black,,,all-season,AI-detected Hat processed on 2025-11-08,pink-hat-1762590144.png,public
Pink Hat,Hat,accessory,,,pink,black,,,all-season,AI-detected Hat processed on 2025-11-08,pink-hat-1762590197.png,public
Pink Hat,Hat,accessory,,,pink,black,,,all-season,AI-detected Hat processed on 2025-11-08,pink-hat-1762590392.png,public
Pink Hat,Hat,accessory,,,pink,black,,,all-season,AI-detected Hat processed on 2025-11-08,pink-hat-1762590861.png,public
Pink Hat,Hat,accessory,,,pink,black,,,all-season,AI-detected Hat processed on 2025-11-08,pink-hat-1762592717.png,public
Pink Hat,Hat,accessory,,,pink,black,,,all-season,AI-detected Hat processed on 2025-11-08,pink-hat-1762594371.png,public
Pink Hat,Hat,accessory,,,pink,black,,,all-season,AI-detected Hat processed on 2025-11-08,pink-hat-1762594529.png,public
Pink Hat,Hat,accessory,,,pink,black,,,all-season,AI-detected Hat processed on 2025-11-08,pink-hat-1762594950.png,public
Pink Hat,Hat,accessory,,,pink,black,,,all-season,AI-detected Hat processed on 2025-11-08,pink-hat-1762595180.png,public
Pink Hat,Hat,accessory,,,pink,black,,,all-season,AI-detected Hat processed on 2025-11-08,pink-hat-1762595323.png,public
Pink Hat,Hat,accessory,,,pink,black,,,all-season,AI-detected Hat processed on 2025-11-08,pink-hat-1762597652.png,public
Pink Hat,Hat,accessory,,,pink,black,,,all-season,AI-detected Hat processed on 2025-11-08,pink-hat-1762598218.png,public
Pink Hat,Hat,accessory,,,pink,black,,,all-season,AI-detected Hat processed on 2025-11-08,pink-hat-1762598242.png,public
Pink Hat,Hat,accessory,,,pink,black,,,all-season,AI-detected Hat processed on 2025-11-08,pink-hat-1762599570.png,public
Pink Hat,Hat,accessory,,,pink,black,,,all-season,AI-detected Hat processed on 2025-11-08,pink-hat-1762599942.png,public
Pink Hat,Hat,accessory,,,pink,black,,,all-season,AI-detected Hat processed on 2025-11-08,pink-hat-1762602699.png,public
Pink Hat,Hat,accessory,,,pink,black,,,all-season,AI-detected Hat processed on 2025-11-08,pink-hat-1762604655.png,public
Pink Hat,Hat,accessory,,,pink,black|beige,,,all-season,AI-detected Hat processed on 2025-11-08,pink-hat-1762574687.png,public
Pink Hat,Hat,accessory,,,pink,black|beige,,,all-season,AI-detected Hat processed on 2025-11-08,pink-hat-1762580541.png,public
Pink Hat,Hat,accessory,,,pink,black|beige,,,all-season,AI-detected Hat processed on 2025-11-08,pink-hat-1762581779.png,public
Pink Hat,Hat,accessory,,,pink,black|beige,,,all-season,AI-detected Hat processed on 2025-11-08,pink-hat-1762583883.png,public
Pink Hat,Hat,accessory,,,pink,black|beige,,,all-season,AI-detected Hat processed on 2025-11-08,pink-hat-1762587737.png,public
Pink Hat,Hat,accessory,,,pink,black|beige,,,all-season,AI-detected Hat processed on 2025-11-08,pink-hat-1762589232.png,public
Pink Hat,Hat,accessory,,,pink,black|beige,,,all-season,AI-detected Hat processed on 2025-11-08,pink-hat-1762593403.png,public
Pink Hat,Hat,accessory,,,pink,black|beige,,,all-season,AI-detected Hat processed on 2025-11-08,pink-hat-1762594120.png,public
Pink Hat,Hat,accessory,,,pink,black|beige,,,all-season,AI-detected Hat processed on 2025-11-08,pink-hat-1762595270.png,public
Pink Hat,Hat,accessory,,,pink,black|beige,,,all-season,AI-detected Hat processed on 2025-11-08,pink-hat-1762595500.png,public
Pink Hat,Hat,accessory,,,pink,black|beige,,,all-season,AI-detected Hat processed on 2025-11-08,pink-hat-1762595923.png,public
Pink Hat,Hat,accessory,,,pink,black|beige,,,all-season,AI-detected Hat processed on 2025-11-08,pink-hat-1762596597.png,public
Pink Hat,Hat,accessory,,,pink,black|beige,,,all-season,AI-detected Hat processed on 2025-11-08,pink-hat-1762599527.png,public
Pink Hat,Hat,accessory,,,pink,black|beige,,,all-season,AI-detected Hat processed on 2025-11-08,pink-hat-1762600168.png,public
Pink Hat,Hat,accessory,,,pink,black|beige,,,all-season,AI-detected Hat processed on 2025-11-08,pink-hat-1762600490.png,public
Pink Hat,Hat,accessory,,,pink,black|beige,,,all-season,AI-detected Hat processed on 2025-11-08,pink-hat-1762600786.png,public
Pink Hat,Hat,accessory,,,pink,black|beige,,,all-season,AI-detected Hat processed on 2025-11-08,pink-hat-1762601500.png,public
Pink Hat,Hat,accessory,,,pink,black|beige,,,all-season,AI-detected Hat processed on 2025-11-08,pink-hat-1762604725.png,public
Pink Hat,Hat,accessory,,,pink,black|brown,,,all-season,AI-detected Hat processed on 2025-11-08,pink-hat-1762587482.png,public
Pink Hat,Hat,accessory,,,pink,black|brown,,,all-season,AI-detected Hat processed on 2025-11-08,pink-hat-1762587509.png,public
Pink Hat,Hat,accessory,,,pink,black|brown,,,all-season,AI-detected Hat processed on 2025-11-08,pink-hat-1762589622.png,public
Pink Hat,Hat,accessory,,,pink,black|brown,,,all-season,AI-detected Hat processed on 2025-11-08,pink-hat-1762590241.png,public
Pink Hat,Hat,accessory,,,pink,black|brown,,,all-season,AI-detected Hat processed on 2025-11-08,pink-hat-1762590284.png,public
Pink Hat,Hat,accessory,,,pink,black|brown,,,all-season,AI-detected Hat processed on 2025-11-08,pink-hat-1762593960.png,public
Pink Hat,Hat,accessory,,,pink,black|brown,,,all-season,AI-detected Hat processed on 2025-11-08,pink-hat-1762595492.png,public
Pink Hat,Hat,accessory,,,pink,black|brown,,,all-season,AI-detected Hat processed on 2025-11-08,pink-hat-1762598744.png,public
Pink Hat,Hat,accessory,,,pink,black|brown,,,all-season,AI-detected Hat processed on 2025-11-08,pink-hat-1762599633.png,public
Pink Hat,Hat,accessory,,,pink,black|brown,,,all-season,AI-detected Hat processed on 2025-11-08,pink-hat-1762600413.png,public
Pink Hat,Hat,accessory,,,pink,black|brown,,,all-season,AI-detected Hat processed on 2025-11-08,pink-hat-1762600438.png,public
Pink Hat,Hat,accessory,,,pink,black|brown,,,all-season,AI-detected Hat processed on 2025-11-08,pink-hat-1762605152.png,public
Pink Hat,Hat,accessory,,,pink,black|brown,,,all-season,AI-detected Hat processed on 2025-11-08,pink-hat-1762606101.png,public
Pink Hat,Hat,accessory,,,pink,black|gray,,,all-season,AI-detected Hat processed on 2025-11-08,pink-hat-1762568643.png,public
Pink Hat,Hat,accessory,,,pink,black|gray,,,all-season,AI-detected Hat processed on 2025-11-08,pink-hat-1762569613.png,public
Pink Hat,Hat,accessory,,,pink,black|gray,,,all-season,AI-detected Hat processed on 2025-11-08,pink-hat-1762570045.png,public
Pink Hat,Hat,accessory,,,pink,black|gray,,,all-season,AI-detected Hat processed on 2025-11-08,pink-hat-1762570869.png,public
Pink Hat,Hat,accessory,,,pink,black|gray,,,all-season,AI-detected Hat processed on 2025-11-08,pink-hat-1762571376.png,public
Pink Hat,Hat,accessory,,,pink,black|gray,,,all-season,AI-detected Hat processed on 2025-11-08,pink-hat-1762573159.png,public
Pink Hat,Hat,accessory,,,pink,black|gray,,,all-season,AI-detected Hat processed on 2025-11-08,pink-hat-1762573438.png,public
Pink Hat,Hat,accessory,,,pink,black|gray,,,all-season,AI-detected Hat processed on 2025-11-08,pink-hat-1762574248.png,public
Pink Hat,Hat,accessory,,,pink,black|gray,,,all-season,AI-detected Hat processed on 2025-11-08,pink-hat-1762574790.png,public
Pink Hat,Hat,accessory,,,pink,black|gray,,,all-season,AI-detected Hat processed on 2025-11-08,pink-hat-1762575023.png,public
Pink Hat,Hat,accessory,,,pink,black|gray,,,all-season,AI-detected Hat processed on 2025-11-08,pink-hat-1762580664.png,public
Pink Hat,Hat,accessory,,,pink,black|gray,,,all-season,AI-detected Hat processed on 2025-11-08,pink-hat-1762580713.png,public
Pink Hat,Hat,accessory,,,pink,black|gray,,,all-season,AI-detected Hat processed on 2025-11-08,pink-hat-1762582187.png,public
Pink Hat,Hat,accessory,,,pink,black|gray,,,all-season,AI-detected Hat processed on 2025-11-08,pink-hat-1762584676.png,public
Pink Hat,Hat,accessory,,,pink,black|gray,,,all-season,AI-detected Hat processed on 2025-11-08,pink-hat-1762585235.png,public
Pink Hat,Hat,accessory,,,pink,black|gray,,,all-season,AI-detected Hat processed on 2025-11-08,pink-hat-1762586223.png,public
Pink Hat,Hat,accessory,,,pink,black|gray,,,all-season,AI-detected Hat processed on 2025-11-08,pink-hat-1762586659.png,public
Pink Hat,Hat,accessory,,,pink,black|gray,,,all-season,AI-detected Hat processed on 2025-11-08,pink-hat-1762586805.png,public
Pink Hat,Hat,accessory,,,pink,black|gray,,,all-season,AI-detected Hat processed on 2025-11-08,pink-hat-1762587589.png,public
Pink Hat,Hat,accessory,,,pink,black|gray,,,all-season,AI-detected Hat processed on 2025-11-08,pink-hat-1762587749.png,public
Pink Hat,Hat,accessory,,,pink,black|gray,,,all-season,AI-detected Hat processed on 2025-11-08,pink-hat-1762588104.png,public
Pink Hat,Hat,accessory,,,pink,black|gray,,,all-season,AI-detected Hat processed on 2025-11-08,pink-hat-1762588124.png,public
Pink Hat,Hat,accessory,,,pink,black|gray,,,all-season,AI-detected Hat processed on 2025-11-08,pink-hat-1762588957.png,public
Pink Hat,Hat,accessory,,,pink,black|gray,,,all-season,AI-detected Hat processed on 2025-11-08,pink-hat-1762588972.png,public
Pink Hat,Hat,accessory,,,pink,black|gray,,,all-season,AI-detected Hat processed on 2025-11-08,pink-hat-1762589036.png,public
Pink Hat,Hat,accessory,,,pink,black|gray,,,all-season,AI-detected Hat processed on 2025-11-08,pink-hat-1762589125.png,public
Pink Hat,Hat,accessory,,,pink,black|gray,,,all-season,AI-detected Hat processed on 2025-11-08,pink-hat-1762589612.png,public
Pink Hat,Hat,accessory,,,pink,black|gray,,,all-season,AI-detected Hat processed on 2025-11-08,pink-hat-1762589996.png,public
Pink Hat,Hat,accessory,,,pink,black|gray,,,all-season,AI-detected Hat processed on 2025-11-08,pink-hat-1762590465.png,public
Pink Hat,Hat,accessory,,,pink,black|gray,,,all-season,AI-detected Hat processed on 2025-11-08,pink-hat-1762590543.png,public
Pink Hat,Hat,accessory,,,pink,black|gray,,,all-season,AI-detected Hat processed on 2025-11-08,pink-hat-1762590742.png,public
Pink Hat,Hat,accessory,,,pink,black|gray,,,all-season,AI-detected Hat processed on 2025-11-08,pink-hat-1762590827.png,public
Pink Hat,Hat,accessory,,,pink,black|gray,,,all-season,AI-detected Hat processed on 2025-11-08,pink-hat-1762591351.png,public
Pink Hat,Hat,accessory,,,pink,black|gray,,,all-season,AI-detected Hat processed on 2025-11-08,pink-hat-1762591768.png,public
Pink Hat,Hat,accessory,,,pink,black|gray,,,all-season,AI-detected Hat processed on 2025-11-08,pink-hat-1762592412.png,public
Pink Hat,Hat,accessory,,,pink,black|gray,,,all-season,AI-detected Hat processed on 2025-11-08,pink-hat-1762592502.png,public
Pink Hat,Hat,accessory,,,pink,black|gray,,,all-season,AI-detected Hat processed on 2025-11-08,pink-hat-1762593663.png,public
Pink Hat,Hat,accessory,,,pink,black|gray,,,all-season,AI-detected Hat processed on 2025-11-08,pink-hat-1762593794.png,public
Pink Hat,Hat,accessory,,,pink,black|gray,,,all-season,AI-detected Hat processed on 2025-11-08,pink-hat-1762594180.png,public
Pink Hat,Hat,accessory,,,pink,black|gray,,,all-season,AI-detected Hat processed on 2025-11-08,pink-hat-1762594335.png,public
Pink Hat,Hat,accessory,,,pink,black|gray,,,all-season,AI-detected Hat processed on 2025-11-08,pink-hat-1762594425.png,public
Pink Hat,Hat,accessory,,,pink,black|gray,,,all-season,AI-detected Hat processed on 2025-11-08,pink-hat-1762594813.png,public
Pink Hat,Hat,accessory,,,pink,black|gray,,,all-season,AI-detected Hat processed on 2025-11-08,pink-hat-1762595265.png,public
Pink Hat,Hat,accessory,,,pink,black|gray,,,all-season,AI-detected Hat processed on 2025-11-08,pink-hat-1762595360.png,public
Pink Hat,Hat,accessory,,,pink,black|gray,,,all-season,AI-detected Hat processed on 2025-11-08,pink-hat-1762596080.png,public
Pink Hat,Hat,accessory,,,pink,black|gray,,,all-season,AI-detected Hat processed on 2025-11-08,pink-hat-1762596168.png,public
Pink Hat,Hat,accessory,,,pink,black|gray,,,all-season,AI-detected Hat processed on 2025-11-08,pink-hat-1762596174.png,public
Pink Hat,Hat,accessory,,,pink,black|gray,,,all-season,AI-detected Hat processed on 2025-11-08,pink-hat-1762596214.png,public
Pink Hat,Hat,accessory,,,pink,black|gray,,,all-season,AI-detected Hat processed on 2025-11-08,pink-hat-1762596903.png,public
Pink Hat,Hat,accessory,,,pink,black|gray,,,all-season,AI-detected Hat processed on 2025-11-08,pink-hat-1762597189.png,public
Pink Hat,Hat,accessory,,,pink,black|gray,,,all-season,AI-detected Hat processed on 2025-11-08,pink-hat-1762597546.png,public
Pink Hat,Hat,accessory,,,pink,black|gray,,,all-season,AI-detected Hat processed on 2025-11-08,pink-hat-1762597627.png,public
Pink Hat,Hat,accessory,,,pink,black|gray,,,all-season,AI-detected Hat processed on 2025-11-08,pink-hat-1762597889.png,public
Pink Hat,Hat,accessory,,,pink,black|gray,,,all-season,AI-detected Hat processed on 2025-11-08,pink-hat-1762598369.png,public
Pink Hat,Hat,accessory,,,pink,black|gray,,,all-season,AI-detected Hat processed on 2025-11-08,pink-hat-1762598564.png,public
Pink Hat,Hat,accessory,,,pink,black|gray,,,all-season,AI-detected Hat processed on 2025-11-08,pink-hat-1762598626.png,public
Pink Hat,Hat,accessory,,,pink,black|gray,,,all-season,AI-detected Hat processed on 2025-11-08,pink-hat-1762599134.png,public
Pink Hat,Hat,accessory,,,pink,black|gray,,,all-season,AI-detected Hat processed on 2025-11-08,pink-hat-1762599169.png,public
Pink Hat,Hat,accessory,,,pink,black|gray,,,all-season,AI-detected Hat processed on 2025-11-08,pink-hat-1762600382.png,public
Pink Hat,Hat,accessory,,,pink,black|gray,,,all-season,AI-detected Hat processed on 2025-11-08,pink-hat-1762601001.png,public
Pink Hat,Hat,accessory,,,pink,black|gray,,,all-season,AI-detected Hat processed on 2025-11-08,pink-hat-1762601420.png,public
Pink Hat,Hat,accessory,,,pink,black|gray,,,all-season,AI-detected Hat processed on 2025-11-08,pink-hat-1762601719.png,public
Pink Hat,Hat,accessory,,,pink,black|gray,,,all-season,AI-detected Hat processed on 2025-11-08,pink-hat-1762602110.png,public
Pink Hat,Hat,accessory,,,pink,black|gray,,,all-season,AI-detected Hat processed on 2025-11-08,pink-hat-1762602953.png,public
Pink Hat,Hat,accessory,,,pink,black|gray,,,all-season,AI-detected Hat processed on 2025-11-08,pink-hat-1762603027.png,public
Pink Hat,Hat,accessory,,,pink,black|gray,,,all-season,AI-detected Hat processed on 2025-11-08,pink-hat-1762604407.png,public
Pink Hat,Hat,accessory,,,pink,black|gray,,,all-season,AI-detected Hat processed on 2025-11-08,pink-hat-1762604814.png,public
Pink Hat,Hat,accessory,,,pink,black|gray,,,all-season,AI-detected Hat processed on 2025-11-08,pink-hat-1762605982.png,public
Pink Hat,Hat,accessory,,,pink,black|gray,,,all-season,AI-detected Hat processed on 2025-11-08,pink-hat-1762606364.png,public
Pink Hat,Hat,accessory,,,pink,black|gray,,,all-season,AI-detected Hat processed on 2025-11-08,pink-hat-1762606965.png,public
Pink Hat,Hat,accessory,,,pink,black|gray,,,all-season,AI-detected Hat processed on 2025-11-08,pink-hat-1762607356.png,public
Pink Hat,Hat,accessory,,,pink,black|navy,,,all-season,AI-detected Hat processed on 2025-11-08,pink-hat-1762602899.png,public
Pink Hat,Hat,accessory,,,pink,black|orange,,,all-season,AI-detected Hat processed on 2025-11-08,pink-hat-1762572686.png,public
Pink Hat,Hat,accessory,,,pink,brown|black,,,all-season,AI-detected Hat processed on 2025-11-08,pink-hat-1762606409.png,public
Pink Hat,Hat,accessory,,,pink,gray|black,,,all-season,AI-detected Hat processed on 2025-11-08,pink-hat-1762570363.png,public
Pink Hat,Hat,accessory,,,pink,gray|black,,,all-season,AI-detected Hat processed on 2025-11-08,pink-hat-1762570444.png,public
Pink Hat,Hat,accessory,,,pink,gray|black,,,all-season,AI-detected Hat processed on 2025-11-08,pink-hat-1762575176.png,public
Pink Hat,Hat,accessory,,,pink,gray|black,,,all-season,AI-detected Hat processed on 2025-11-08,pink-hat-1762577475.png,public
Pink Hat,Hat,accessory,,,pink,gray|black,,,all-season,AI-detected Hat processed on 2025-11-08,pink-hat-1762581473.png,public
Pink Hat,Hat,accessory,,,pink,gray|black,,,all-season,AI-detected Hat processed on 2025-11-08,pink-hat-1762583842.png,public
Pink Hat,Hat,accessory,,,pink,gray|black,,,all-season,AI-detected Hat processed on 2025-11-08,pink-hat-1762583970.png,public
Pink Hat,Hat,accessory,,,pink,gray|black,,,all-season,AI-detected Hat processed on 2025-11-08,pink-hat-1762584501.png,public
Pink Hat,Hat,accessory,,,pink,gray|black,,,all-season,AI-detected Hat processed on 2025-11-08,pink-hat-1762585163.png,public
Pink Hat,Hat,accessory,,,pink,gray|black,,,all-season,AI-detected Hat processed on 2025-11-08,pink-hat-1762585709.png,public
Pink Hat,Hat,accessory,,,pink,gray|black,,,all-season,AI-detected Hat processed on 2025-11-08,pink-hat-1762587294.png,public
Pink Hat,Hat,accessory,,,pink,gray|black,,,all-season,AI-detected Hat processed on 2025-11-08,pink-hat-1762590603.png,public
Pink Hat,Hat,accessory,,,pink,gray|black,,,all-season,AI-detected Hat processed on 2025-11-08,pink-hat-1762591164.png,public
Pink Hat,Hat,accessory,,,pink,gray|black,,,all-season,AI-detected Hat processed on 2025-11-08,pink-hat-1762594156.png,public
Pink Hat,Hat,accessory,,,pink,gray|black,,,all-season,AI-detected Hat processed on 2025-11-08,pink-hat-1762594669.png,public
Pink Hat,Hat,accessory,,,pink,gray|black,,,all-season,AI-detected Hat processed on 2025-11-08,pink-hat-1762597211.png,public
Pink Hat,Hat,accessory,,,pink,gray|black,,,all-season,AI-detected Hat processed on 2025-11-08,pink-hat-1762597259.png,public
Pink Hat,Hat,accessory,,,pink,gray|black,,,all-season,AI-detected Hat processed on 2025-11-08,pink-hat-1762599315.png,public
Pink Hat,Hat,accessory,,,pink,gray|black,,,all-season,AI-detected Hat processed on 2025-11-08,pink-hat-1762599753.png,public
Pink Hat,Hat,accessory,,,pink,gray|black,,,all-season,AI-detected Hat processed on 2025-11-08,pink-hat-1762600000.png,public
Pink Hat,Hat,accessory,,,pink,gray|black,,,all-season,AI-detected Hat processed on 2025-11-08,pink-hat-1762600294.png,public
Pink Hat,Hat,accessory,,,pink,gray|black,,,all-season,AI-detected Hat processed on 2025-11-08,pink-hat-1762600645.png,public
Pink Hat,Hat,accessory,,,pink,gray|black,,,all-season,AI-detected Hat processed on 2025-11-08,pink-hat-1762601368.png,public
Pink Hat,Hat,accessory,,,pink,gray|black,,,all-season,AI-detected Hat processed on 2025-11-08,pink-hat-1762602187.png,public
Pink Hat,Hat,accessory,,,pink,gray|black,,,all-season,AI-detected Hat processed on 2025-11-08,pink-hat-1762603246.png,public
Pink Hat,Hat,accessory,,,pink,gray|black,,,all-season,AI-detected Hat processed on 2025-11-08,pink-hat-1762605765.png,public
Pink Hat,Hat,accessory,,,pink,gray|black,,,all-season,AI-detected Hat processed on 2025-11-08,pink-hat-1762607432.png,public
Pink Hat,Hat,accessory,,,pink,maroon|black,,,all-season,AI-detected Hat processed on 2025-11-08,pink-hat-1762592824.png,public
Pink Hat,Hat,accessory,,,pink,olive|black,,,all-season,AI-detected Hat processed on 2025-11-08,pink-hat-1762570877.png,public
Pink Hoodie,Hoodie,outerwear,,,pink,black,,,all-season,AI-detected Hoodie processed on 2025-11-08,pink-hoodie-1762573859.png,public
Pink Hoodie,Hoodie,outerwear,,,pink,black|gray,,,all-season,AI-detected Hoodie processed on 2025-11-08,pink-hoodie-1762579841.png,public
Pink Hoodie,Hoodie,outerwear,,,pink,black|gray,,,all-season,AI-detected Hoodie processed on 2025-11-08,pink-hoodie-1762590397.png,public
Pink Hoodie,Hoodie,outerwear,,,pink,black|olive,,,all-season,AI-detected Hoodie processed on 2025-11-08,pink-hoodie-1762606077.png,public
Pink Hoodie,Hoodie,outerwear,,,pink,black|purple,,,all-season,AI-detected Hoodie processed on 2025-11-08,pink-hoodie-1762570137.png,public
Pink Longsleeve,Longsleeve,top,,,pink,beige|black,,,all-season,AI-detected Longsleeve processed on 2025-11-08,pink-longsleeve-1762583508.png,public
Pink Longsleeve,Longsleeve,top,,,pink,beige|black,,,all-season,AI-detected Longsleeve processed on 2025-11-08,pink-longsleeve-1762596236.png,public
Pink Longsleeve,Longsleeve,top,,,pink,beige|black,,,all-season,AI-detected Longsleeve processed on 2025-11-08,pink-longsleeve-1762605094.png,public
Pink Longsleeve,Longsleeve,top,,,pink,black,,,all-season,AI-detected Longsleeve processed on 2025-11-08,pink-longsleeve-1762571579.png,public
Pink Longsleeve,Longsleeve,top,,,pink,black,,,all-season,AI-detected Longsleeve processed on 2025-11-08,pink-longsleeve-1762576441.png,public
Pink Longsleeve,Longsleeve,top,,,pink,black|brown,,,all-season,AI-detected Longsleeve processed on 2025-11-08,pink-longsleeve-1762573993.png,public
Pink Longsleeve,Longsleeve,top,,,pink,black|brown,,,all-season,AI-detected Longsleeve processed on 2025-11-08,pink-longsleeve-1762584907.png,public
Pink Longsleeve,Longsleeve,top,,,pink,black|gray,,,all-season,AI-detected Longsleeve processed on 2025-11-08,pink-longsleeve-1762575324.png,public
Pink Longsleeve,Longsleeve,top,,,pink,black|gray,,,all-season,AI-detected Longsleeve processed on 2025-11-08,pink-longsleeve-1762578214.png,public
Pink Longsleeve,Longsleeve,top,,,pink,black|gray,,,all-season,AI-detected Longsleeve processed on 2025-11-08,pink-longsleeve-1762578246.png,public
Pink Longsleeve,Longsleeve,top,,,pink,black|gray,,,all-season,AI-detected Longsleeve processed on 2025-11-08,pink-longsleeve-1762582228.png,public
Pink Longsleeve,Longsleeve,top,,,pink,black|gray,,,all-season,AI-detected Longsleeve processed on 2025-11-08,pink-longsleeve-1762582980.png,public
Pink Longsleeve,Longsleeve,top,,,pink,black|gray,,,all-season,AI-detected Longsleeve processed on 2025-11-08,pink-longsleeve-1762583020.png,public
Pink Longsleeve,Longsleeve,top,,,pink,black|gray,,,all-season,AI-detected Longsleeve processed on 2025-11-08,pink-longsleeve-1762596131.png,public
Pink Longsleeve,Longsleeve,top,,,pink,black|gray,,,all-season,AI-detected Longsleeve processed on 2025-11-08,pink-longsleeve-1762596887.png,public
Pink Longsleeve,Longsleeve,top,,,pink,black|gray,,,all-season,AI-detected Longsleeve processed on 2025-11-08,pink-longsleeve-1762601672.png,public
Pink Longsleeve,Longsleeve,top,,,pink,black|gray,,,all-season,AI-detected Longsleeve processed on 2025-11-08,pink-longsleeve-1762602721.png,public
Pink Longsleeve,Longsleeve,top,,,pink,black|gray,,,all-season,AI-detected Longsleeve processed on 2025-11-08,pink-longsleeve-1762602879.png,public
Pink Longsleeve,Longsleeve,top,,,pink,brown|black,,,all-season,AI-detected Longsleeve processed on 2025-11-08,pink-longsleeve-1762581482.png,public
Pink Longsleeve,Longsleeve,top,,,pink,gray|black,,,all-season,AI-detected Longsleeve processed on 2025-11-08,pink-longsleeve-1762580921.png,public
Pink Longsleeve,Longsleeve,top,,,pink,gray|black,,,all-season,AI-detected Longsleeve processed on 2025-11-08,pink-longsleeve-1762587366.png,public
Pink Longsleeve,Longsleeve,top,,,pink,gray|black,,,all-season,AI-detected Longsleeve processed on 2025-11-08,pink-longsleeve-1762605914.png,public
Pink Longsleeve,Longsleeve,top,,,pink,white|black,,,all-season,AI-detected Longsleeve processed on 2025-11-08,pink-longsleeve-1762580083.png,public
Pink Outwear,Outwear,outerwear,,,pink,beige|black,,,all-season,AI-detected Outwear processed on 2025-11-08,pink-outwear-1762587975.png,public
Pink Outwear,Outwear,outerwear,,,pink,beige|black,,,all-season,AI-detected Outwear processed on 2025-11-08,pink-outwear-1762588830.png,public
Pink Outwear,Outwear,outerwear,,,pink,black|beige,,,all-season,AI-detected Outwear processed on 2025-11-08,pink-outwear-1762582955.png,public
Pink Outwear,Outwear,outerwear,,,pink,black|brown,,,all-season,AI-detected Outwear processed on 2025-11-08,pink-outwear-1762570249.png,public
Pink Outwear,Outwear,outerwear,,,pink,black|gray,,,all-season,AI-detected Outwear processed on 2025-11-08,pink-outwear-1762592390.png,public
Pink Outwear,Outwear,outerwear,,,pink,black|gray,,,all-season,AI-detected Outwear processed on 2025-11-08,pink-outwear-1762600637.png,public
Pink Outwear,Outwear,outerwear,,,pink,black|gray,,,all-season,AI-detected Outwear processed on 2025-11-08,pink-outwear-1762600770.png,public
Pink Outwear,Outwear,outerwear,,,pink,black|orange,,,all-season,AI-detected Outwear processed on 2025-11-08,pink-outwear-1762599853.png,public
Pink Outwear,Outwear,outerwear,,,pink,black|orange,,,all-season,AI-detected Outwear processed on 2025-11-08,pink-outwear-1762601597.png,public
Pink Outwear,Outwear,outerwear,,,pink,black|orange,,,all-season,AI-detected Outwear processed on 2025-11-08,pink-outwear-1762604086.png,public
Pink Outwear,Outwear,outerwear,,,pink,gray|black,,,all-season,AI-detected Outwear processed on 2025-11-08,pink-outwear-1762587505.png,public
Pink Outwear,Outwear,outerwear,,,pink,gray|black,,,all-season,AI-detected Outwear processed on 2025-11-08,pink-outwear-1762592786.png,public
Pink Outwear,Outwear,outerwear,,,pink,gray|black,,,all-season,AI-detected Outwear processed on 2025-11-08,pink-outwear-1762603355.png,public
Pink Pants,Pants,bottom,,,pink,beige|black,,,all-season,AI-detected Pants processed on 2025-11-08,pink-pants-1762578111.png,public
Pink Pants,Pants,bottom,,,pink,beige|black,,,all-season,AI-detected Pants processed on 2025-11-08,pink-pants-1762580621.png,public
Pink Pants,Pants,bottom,,,pink,black|beige,,,all-season,AI-detected Pants processed on 2025-11-08,pink-pants-1762572505.png,public
Pink Pants,Pants,bottom,,,pink,black|beige,,,all-season,AI-detected Pants processed on 2025-11-08,pink-pants-1762574128.png,public
Pink Pants,Pants,bottom,,,pink,black|beige,,,all-season,AI-detected Pants processed on 2025-11-08,pink-pants-1762577105.png,public
Pink Pants,Pants,bottom,,,pink,black|beige,,,all-season,AI-detected Pants processed on 2025-11-08,pink-pants-1762583240.png,public
Pink Pants,Pants,bottom,,,pink,black|beige,,,all-season,AI-detected Pants processed on 2025-11-08,pink-pants-1762590606.png,public
Pink Pants,Pants,bottom,,,pink,black|brown,,,all-season,AI-detected Pants processed on 2025-11-08,pink-pants-1762573782.png,public
Pink Pants,Pants,bottom,,,pink,black|gray,,,all-season,AI-detected Pants processed on 2025-11-08,pink-pants-1762569010.png,public
Pink Pants,Pants,bottom,,,pink,black|gray,,,all-season,AI-detected Pants processed on 2025-11-08,pink-pants-1762571473.png,public
Pink Pants,Pants,bottom,,,pink,black|gray,,,all-season,AI-detected Pants processed on 2025-11-08,pink-pants-1762581892.png,public
Pink Pants,Pants,bottom,,,pink,black|gray,,,all-season,AI-detected Pants processed on 2025-11-08,pink-pants-1762582106.png,public
Pink Pants,Pants,bottom,,,pink,black|gray,,,all-season,AI-detected Pants processed on 2025-11-08,pink-pants-1762585503.png,public
Pink Pants,Pants,bottom,,,pink,black|gray,,,all-season,AI-detected Pants processed on 2025-11-08,pink-pants-1762592250.png,public
Pink Pants,Pants,bottom,,,pink,black|gray,,,all-season,AI-detected Pants processed on 2025-11-08,pink-pants-1762595408.png,public
Pink Pants,Pants,bottom,,,pink,black|gray,,,all-season,AI-detected Pants processed on 2025-11-08,pink-pants-1762596243.png,public
Pink Pants,Pants,bottom,,,pink,black|gray,,,all-season,AI-detected Pants processed on 2025-11-08,pink-pants-1762598481.png,public
Pink Pants,Pants,bottom,,,pink,black|gray,,,all-season,AI-detected Pants processed on 2025-11-08,pink-pants-1762599100.png,public
Pink Pants,Pants,bottom,,,pink,black|gray,,,all-season,AI-detected Pants processed on 2025-11-08,pink-pants-1762605456.png,public
Pink Pants,Pants,bottom,,,pink,black|olive,,,all-season,AI-detected Pants processed on 2025-11-08,pink-pants-1762571417.png,public
Pink Pants,Pants,bottom,,,pink,gray|beige,,,all-season,AI-detected Pants processed on 2025-11-08,pink-pants-1762570856.png,public
Pink Pants,Pants,bottom,,,pink,gray|black,,,all-season,AI-detected Pants processed on 2025-11-08,pink-pants-1762571384.png,public
Pink Pants,Pants,bottom,,,pink,gray|black,,,all-season,AI-detected Pants processed on 2025-11-08,pink-pants-1762581568.png,public
Pink Pants,Pants,bottom,,,pink,gray|black,,,all-season,AI-detected Pants processed on 2025-11-08,pink-pants-1762588507.png,public
Pink Pants,Pants,bottom,,,pink,gray|black,,,all-season,AI-detected Pants processed on 2025-11-08,pink-pants-1762598287.png,public
Pink Polo,Polo,top,,,pink,black|gray,,,all-season,AI-detected Polo processed on 2025-11-08,pink-polo-1762574268.png,public
Pink Shirt,Shirt,top,,,pink,beige|black,,,all-season,AI-detected Shirt processed on 2025-11-08,pink-shirt-1762587084.png,public
Pink Shirt,Shirt,top,,,pink,beige|black,,,all-season,AI-detected Shirt processed on 2025-11-08,pink-shirt-1762591825.png,public
Pink Shirt,Shirt,top,,,pink,beige|black,,,all-season,AI-detected Shirt processed on 2025-11-08,pink-shirt-1762595887.png,public
Pink Shirt,Shirt,top,,,pink,beige|black,,,all-season,AI-detected Shirt processed on 2025-11-08,pink-shirt-1762600478.png,public
Pink Shirt,Shirt,top,,,pink,black,,,all-season,AI-detected Shirt processed on 2025-11-08,pink-shirt-1762570042.png,public
Pink Shirt,Shirt,top,,,pink,black|beige,,,all-season,AI-detected Shirt processed on 2025-11-08,pink-shirt-1762589666.png,public
Pink Shirt,Shirt,top,,,pink,black|brown,,,all-season,AI-detected Shirt processed on 2025-11-08,pink-shirt-1762581150.png,public
Pink Shirt,Shirt,top,,,pink,black|brown,,,all-season,AI-detected Shirt processed on 2025-11-08,pink-shirt-1762593396.png,public
Pink Shirt,Shirt,top,,,pink,black|gray,,,all-season,AI-detected Shirt processed on 2025-11-08,pink-shirt-1762569782.png,public
Pink Shirt,Shirt,top,,,pink,black|gray,,,all-season,AI-detected Shirt processed on 2025-11-08,pink-shirt-1762570405.png,public
Pink Shirt,Shirt,top,,,pink,black|gray,,,all-season,AI-detected Shirt processed on 2025-11-08,pink-shirt-1762573001.png,public
Pink Shirt,Shirt,top,,,pink,black|gray,,,all-season,AI-detected Shirt processed on 2025-11-08,pink-shirt-1762573962.png,public
Pink Shirt,Shirt,top,,,pink,black|gray,,,all-season,AI-detected Shirt processed on 2025-11-08,pink-shirt-1762574081.png,public
Pink Shirt,Shirt,top,,,pink,black|gray,,,all-season,AI-detected Shirt processed on 2025-11-08,pink-shirt-1762577372.png,public
Pink Shirt,Shirt,top,,,pink,black|gray,,,all-season,AI-detected Shirt processed on 2025-11-08,pink-shirt-1762577680.png,public
Pink Shirt,Shirt,top,,,pink,black|gray,,,all-season,AI-detected Shirt processed on 2025-11-08,pink-shirt-1762578638.png,public
Pink Shirt,Shirt,top,,,pink,black|gray,,,all-season,AI-detected Shirt processed on 2025-11-08,pink-shirt-1762579320.png,public
Pink Shirt,Shirt,top,,,pink,black|gray,,,all-season,AI-detected Shirt processed on 2025-11-08,pink-shirt-1762579430.png,public
Pink Shirt,Shirt,top,,,pink,black|gray,,,all-season,AI-detected Shirt processed on 2025-11-08,pink-shirt-1762580973.png,public
Pink Shirt,Shirt,top,,,pink,black|gray,,,all-season,AI-detected Shirt processed on 2025-11-08,pink-shirt-1762588917.png,public
Pink Shirt,Shirt,top,,,pink,black|gray,,,all-season,AI-detected Shirt processed on 2025-11-08,pink-shirt-1762591412.png,public
Pink Shirt,Shirt,top,,,pink,black|gray,,,all-season,AI-detected Shirt processed on 2025-11-08,pink-shirt-1762596396.png,public
Pink Shirt,Shirt,top,,,pink,black|gray,,,all-season,AI-detected Shirt processed on 2025-11-08,pink-shirt-1762597512.png,public
Pink Shirt,Shirt,top,,,pink,black|gray,,,all-season,AI-detected Shirt processed on 2025-11-08,pink-shirt-1762600301.png,public
Pink Shirt,Shirt,top,,,pink,black|gray,,,all-season,AI-detected Shirt processed on 2025-11-08,pink-shirt-1762602661.png,public
Pink Shirt,Shirt,top,,,pink,black|gray,,,all-season,AI-detected Shirt processed on 2025-11-08,pink-shirt-1762605550.png,public
Pink Shirt,Shirt,top,,,pink,black|gray,,,all-season,AI-detected Shirt processed on 2025-11-08,pink-shirt-1762606165.png,public
Pink Shirt,Shirt,top,,,pink,gray|black,,,all-season,AI-detected Shirt processed on 2025-11-08,pink-shirt-1762571767.png,public
Pink Shirt,Shirt,top,,,pink,gray|black,,,all-season,AI-detected Shirt processed on 2025-11-08,pink-shirt-1762580660.png,public
Pink Shirt,Shirt,top,,,pink,gray|black,,,all-season,AI-detected Shirt processed on 2025-11-08,pink-shirt-1762603738.png,public
Pink Shirt,Shirt,top,,,pink,gray|black,,,all-season,AI-detected Shirt processed on 2025-11-08,pink-shirt-1762604678.png,public
Pink Shirt,Shirt,top,,,pink,gray|black,,,all-season,AI-detected Shirt processed on 2025-11-08,pink-shirt-1762606449.png,public
Pink Shoes,Shoes,shoes,,,pink,beige|black,,,all-season,AI-detected Shoes processed on 2025-11-08,pink-shoes-1762571361.png,public
Pink Shoes,Shoes,shoes,,,pink,beige|black,,,all-season,AI-detected Shoes processed on 2025-11-08,pink-shoes-1762588878.png,public
Pink Shoes,Shoes,shoes,,,pink,black,,,all-season,AI-detected Shoes processed on 2025-11-08,pink-shoes-1762568529.png,public
Pink Shoes,Shoes,shoes,,,pink,black,,,all-season,AI-detected Shoes processed on 2025-11-08,pink-shoes-1762569407.png,public
Pink Shoes,Shoes,shoes,,,pink,black,,,all-season,AI-detected Shoes processed on 2025-11-08,pink-shoes-1762572194.png,public
Pink Shoes,Shoes,shoes,,,pink,black,,,all-season,AI-detected Shoes processed on 2025-11-08,pink-shoes-1762588348.png,public
Pink Shoes,Shoes,shoes,,,pink,black,,,all-season,AI-detected Shoes processed on 2025-11-08,pink-shoes-1762602440.png,public
Pink Shoes,Shoes,shoes,,,pink,black|beige,,,all-season,AI-detected Shoes processed on 2025-11-08,pink-shoes-1762575431.png,public
Pink Shoes,Shoes,shoes,,,pink,black|beige,,,all-season,AI-detected Shoes processed on 2025-11-08,pink-shoes-1762592999.png,public
Pink Shoes,Shoes,shoes,,,pink,black|brown,,,all-season,AI-detected Shoes processed on 2025-11-08,pink-shoes-1762569702.png,public
Pink Shoes,Shoes,shoes,,,pink,black|brown,,,all-season,AI-detected Shoes processed on 2025-11-08,pink-shoes-1762571219.png,public
Pink Shoes,Shoes,shoes,,,pink,black|brown,,,all-season,AI-detected Shoes processed on 2025-11-08,pink-shoes-1762571547.png,public
Pink Shoes,Shoes,shoes,,,pink,black|brown,,,all-season,AI-detected Shoes processed on 2025-11-08,pink-shoes-1762572938.png,public
Pink Shoes,Shoes,shoes,,,pink,black|brown,,,all-season,AI-detected Shoes processed on 2025-11-08,pink-shoes-1762573666.png,public
Pink Shoes,Shoes,shoes,,,pink,black|brown,,,all-season,AI-detected Shoes processed on 2025-11-08,pink-shoes-1762576169.png,public
Pink Shoes,Shoes,shoes,,,pink,black|brown,,,all-season,AI-detected Shoes processed on 2025-11-08,pink-shoes-1762577911.png,public
Pink Shoes,Shoes,shoes,,,pink,black|brown,,,all-season,AI-detected Shoes processed on 2025-11-08,pink-shoes-1762580994.png,public
Pink Shoes,Shoes,shoes,,,pink,black|brown,,,all-season,AI-detected Shoes processed on 2025-11-08,pink-shoes-1762581345.png,public
Pink Shoes,Shoes,shoes,,,pink,black|brown,,,all-season,AI-detected Shoes processed on 2025-11-08,pink-shoes-1762584689.png,public
Pink Shoes,Shoes,shoes,,,pink,black|brown,,,all-season,AI-detected Shoes processed on 2025-11-08,pink-shoes-1762592451.png,public
Pink Shoes,Shoes,shoes,,,pink,black|brown,,,all-season,AI-detected Shoes processed on 2025-11-08,pink-shoes-1762593411.png,public
Pink Shoes,Shoes,shoes,,,pink,black|brown,,,all-season,AI-detected Shoes processed on 2025-11-08,pink-shoes-1762596232.png,public
Pink Shoes,Shoes,shoes,,,pink,black|brown,,,all-season,AI-detected Shoes processed on 2025-11-08,pink-shoes-1762597758.png,public
Pink Shoes,Shoes,shoes,,,pink,black|brown,,,all-season,AI-detected Shoes processed on 2025-11-08,pink-shoes-1762604605.png,public
Pink Shoes,Shoes,shoes,,,pink,black|gray,,,all-season,AI-detected Shoes processed on 2025-11-08,pink-shoes-1762571269.png,public
Pink Shoes,Shoes,shoes,,,pink,black|gray,,,all-season,AI-detected Shoes processed on 2025-11-08,pink-shoes-1762571785.png,public
Pink Shoes,Shoes,shoes,,,pink,black|gray,,,all-season,AI-detected Shoes processed on 2025-11-08,pink-shoes-1762571937.png,public
Pink Shoes,Shoes,shoes,,,pink,black|gray,,,all-season,AI-detected Shoes processed on 2025-11-08,pink-shoes-1762572990.png,public
Pink Shoes,Shoes,shoes,,,pink,black|gray,,,all-season,AI-detected Shoes processed on 2025-11-08,pink-shoes-1762572998.png,public
Pink Shoes,Shoes,shoes,,,pink,black|gray,,,all-season,AI-detected Shoes processed on 2025-11-08,pink-shoes-1762573202.png,public
Pink Shoes,Shoes,shoes,,,pink,black|gray,,,all-season,AI-detected Shoes processed on 2025-11-08,pink-shoes-1762573741.png,public
Pink Shoes,Shoes,shoes,,,pink,black|gray,,,all-season,AI-detected Shoes processed on 2025-11-08,pink-shoes-1762574882.png,public
Pink Shoes,Shoes,shoes,,,pink,black|gray,,,all-season,AI-detected Shoes processed on 2025-11-08,pink-shoes-1762575036.png,public
Pink Shoes,Shoes,shoes,,,pink,black|gray,,,all-season,AI-detected Shoes processed on 2025-11-08,pink-shoes-1762575192.png,public
Pink Shoes,Shoes,shoes,,,pink,black|gray,,,all-season,AI-detected Shoes processed on 2025-11-08,pink-shoes-1762576304.png,public
Pink Shoes,Shoes,shoes,,,pink,black|gray,,,all-season,AI-detected Shoes processed on 2025-11-08,pink-shoes-1762576553.png,public
Pink Shoes,Shoes,shoes,,,pink,black|gray,,,all-season,AI-detected Shoes processed on 2025-11-08,pink-shoes-1762578254.png,public
Pink Shoes,Shoes,shoes,,,pink,black|gray,,,all-season,AI-detected Shoes processed on 2025-11-08,pink-shoes-1762578736.png,public
Pink Shoes,Shoes,shoes,,,pink,black|gray,,,all-season,AI-detected Shoes processed on 2025-11-08,pink-shoes-1762578857.png,public
Pink Shoes,Shoes,shoes,,,pink,black|gray,,,all-season,AI-detected Shoes processed on 2025-11-08,pink-shoes-1762579917.png,public
Pink Shoes,Shoes,shoes,,,pink,black|gray,,,all-season,AI-detected Shoes processed on 2025-11-08,pink-shoes-1762585630.png,public
Pink Shoes,Shoes,shoes,,,pink,black|gray,,,all-season,AI-detected Shoes processed on 2025-11-08,pink-shoes-1762585732.png,public
Pink Shoes,Shoes,shoes,,,pink,black|gray,,,all-season,AI-detected Shoes processed on 2025-11-08,pink-shoes-1762586617.png,public
Pink Shoes,Shoes,shoes,,,pink,black|gray,,,all-season,AI-detected Shoes processed on 2025-11-08,pink-shoes-1762586968.png,public
Pink Shoes,Shoes,shoes,,,pink,black|gray,,,all-season,AI-detected Shoes processed on 2025-11-08,pink-shoes-1762587555.png,public
Pink Shoes,Shoes,shoes,,,pink,black|gray,,,all-season,AI-detected Shoes processed on 2025-11-08,pink-shoes-1762588118.png,public
Pink Shoes,Shoes,shoes,,,pink,black|gray,,,all-season,AI-detected Shoes processed on 2025-11-08,pink-shoes-1762588299.png,public
Pink Shoes,Shoes,shoes,,,pink,black|gray,,,all-season,AI-detected Shoes processed on 2025-11-08,pink-shoes-1762589132.png,public
Pink Shoes,Shoes,shoes,,,pink,black|gray,,,all-season,AI-detected Shoes processed on 2025-11-08,pink-shoes-1762590218.png,public
Pink Shoes,Shoes,shoes,,,pink,black|gray,,,all-season,AI-detected Shoes processed on 2025-11-08,pink-shoes-1762593191.png,public
Pink Shoes,Shoes,shoes,,,pink,black|gray,,,all-season,AI-detected Shoes processed on 2025-11-08,pink-shoes-1762594252.png,public
Pink Shoes,Shoes,shoes,,,pink,black|gray,,,all-season,AI-detected Shoes processed on 2025-11-08,pink-shoes-1762595009.png,public
Pink Shoes,Shoes,shoes,,,pink,black|gray,,,all-season,AI-detected Shoes processed on 2025-11-08,pink-shoes-1762596070.png,public
Pink Shoes,Shoes,shoes,,,pink,black|gray,,,all-season,AI-detected Shoes processed on 2025-11-08,pink-shoes-1762598048.png,public
Pink Shoes,Shoes,shoes,,,pink,black|gray,,,all-season,AI-detected Shoes processed on 2025-11-08,pink-shoes-1762599024.png,public
Pink Shoes,Shoes,shoes,,,pink,black|gray,,,all-season,AI-detected Shoes processed on 2025-11-08,pink-shoes-1762599361.png,public
Pink Shoes,Shoes,shoes,,,pink,black|gray,,,all-season,AI-detected Shoes processed on 2025-11-08,pink-shoes-1762600483.png,public
Pink Shoes,Shoes,shoes,,,pink,black|gray,,,all-season,AI-detected Shoes processed on 2025-11-08,pink-shoes-1762600686.png,public
Pink Shoes,Shoes,shoes,,,pink,black|gray,,,all-season,AI-detected Shoes processed on 2025-11-08,pink-shoes-1762602382.png,public
Pink Shoes,Shoes,shoes,,,pink,black|gray,,,all-season,AI-detected Shoes processed on 2025-11-08,pink-shoes-1762602597.png,public
Pink Shoes,Shoes,shoes,,,pink,black|gray,,,all-season,AI-detected Shoes processed on 2025-11-08,pink-shoes-1762603724.png,public
Pink Shoes,Shoes,shoes,,,pink,black|gray,,,all-season,AI-detected Shoes processed on 2025-11-08,pink-shoes-1762604496.png,public
Pink Shoes,Shoes,shoes,,,pink,black|gray,,,all-season,AI-detected Shoes processed on 2025-11-08,pink-shoes-1762605165.png,public
Pink Shoes,Shoes,shoes,,,pink,black|gray,,,all-season,AI-detected Shoes processed on 2025-11-08,pink-shoes-1762605698.png,public
Pink Shoes,Shoes,shoes,,,pink,black|gray,,,all-season,AI-detected Shoes processed on 2025-11-08,pink-shoes-1762606033.png,public
Pink Shoes,Shoes,shoes,,,pink,black|gray,,,all-season,AI-detected Shoes processed on 2025-11-08,pink-shoes-1762606073.png,public
Pink Shoes,Shoes,shoes,,,pink,black|gray,,,all-season,AI-detected Shoes processed on 2025-11-08,pink-shoes-1762606566.png,public
Pink Shoes,Shoes,shoes,,,pink,black|olive,,,all-season,AI-detected Shoes processed on 2025-11-08,pink-shoes-1762597903.png,public
Pink Shoes,Shoes,shoes,,,pink,black|orange,,,all-season,AI-detected Shoes processed on 2025-11-08,pink-shoes-1762593144.png,public
Pink Shoes,Shoes,shoes,,,pink,black|orange,,,all-season,AI-detected Shoes processed on 2025-11-08,pink-shoes-1762607202.png,public
Pink Shoes,Shoes,shoes,,,pink,brown|black,,,all-season,AI-detected Shoes processed on 2025-11-08,pink-shoes-1762571663.png,public
Pink Shoes,Shoes,shoes,,,pink,brown|black,,,all-season,AI-detected Shoes processed on 2025-11-08,pink-shoes-1762573712.png,public
Pink Shoes,Shoes,shoes,,,pink,brown|black,,,all-season,AI-detected Shoes processed on 2025-11-08,pink-shoes-1762573948.png,public
Pink Shoes,Shoes,shoes,,,pink,brown|black,,,all-season,AI-detected Shoes processed on 2025-11-08,pink-shoes-1762585359.png,public
Pink Shoes,Shoes,shoes,,,pink,brown|black,,,all-season,AI-detected Shoes processed on 2025-11-08,pink-shoes-1762600290.png,public
Pink Shoes,Shoes,shoes,,,pink,brown|black,,,all-season,AI-detected Shoes processed on 2025-11-08,pink-shoes-1762605723.png,public
Pink Shoes,Shoes,shoes,,,pink,gray|black,,,all-season,AI-detected Shoes processed on 2025-11-08,pink-shoes-1762570105.png,public
Pink Shoes,Shoes,shoes,,,pink,gray|black,,,all-season,AI-detected Shoes processed on 2025-11-08,pink-shoes-1762570589.png,public
Pink Shoes,Shoes,shoes,,,pink,gray|black,,,all-season,AI-detected Shoes processed on 2025-11-08,pink-shoes-1762573320.png,public
Pink Shoes,Shoes,shoes,,,pink,gray|black,,,all-season,AI-detected Shoes processed on 2025-11-08,pink-shoes-1762588840.png,public
Pink Shoes,Shoes,shoes,,,pink,gray|black,,,all-season,AI-detected Shoes processed on 2025-11-08,pink-shoes-1762590665.png,public
Pink Shoes,Shoes,shoes,,,pink,gray|black,,,all-season,AI-detected Shoes processed on 2025-11-08,pink-shoes-1762595781.png,public
Pink Shoes,Shoes,shoes,,,pink,gray|black,,,all-season,AI-detected Shoes processed on 2025-11-08,pink-shoes-1762598081.png,public
Pink Shoes,Shoes,shoes,,,pink,gray|black,,,all-season,AI-detected Shoes processed on 2025-11-08,pink-shoes-1762598619.png,public
Pink Shoes,Shoes,shoes,,,pink,gray|black,,,all-season,AI-detected Shoes processed on 2025-11-08,pink-shoes-1762601612.png,public
Pink Shoes,Shoes,shoes,,,pink,maroon|black,,,all-season,AI-detected Shoes processed on 2025-11-08,pink-shoes-1762571738.png,public
Pink Shorts,Shorts,bottom,,,pink,beige|black,,,all-season,AI-detected Shorts processed on 2025-11-08,pink-shorts-1762584584.png,public
Pink Shorts,Shorts,bottom,,,pink,beige|black,,,all-season,AI-detected Shorts processed on 2025-11-08,pink-shorts-1762585173.png,public
Pink Shorts,Shorts,bottom,,,pink,beige|black,,,all-season,AI-detected Shorts processed on 2025-11-08,pink-shorts-1762594491.png,public
Pink Shorts,Shorts,bottom,,,pink,beige|black,,,all-season,AI-detected Shorts processed on 2025-11-08,pink-shorts-1762603369.png,public
Pink Shorts,Shorts,bottom,,,pink,beige|black,,,all-season,AI-detected Shorts processed on 2025-11-08,pink-shorts-1762607233.png,public
Pink Shorts,Shorts,bottom,,,pink,black,,,all-season,AI-detected Shorts processed on 2025-11-08,pink-shorts-1762582724.png,public
Pink Shorts,Shorts,bottom,,,pink,black,,,all-season,AI-detected Shorts processed on 2025-11-08,pink-shorts-1762586042.png,public
Pink Shorts,Shorts,bottom,,,pink,black|beige,,,all-season,AI-detected Shorts processed on 2025-11-08,pink-shorts-1762574186.png,public
Pink Shorts,Shorts,bottom,,,pink,black|beige,,,all-season,AI-detected Shorts processed on 2025-11-08,pink-shorts-1762583519.png,public
Pink Shorts,Shorts,bottom,,,pink,black|beige,,,all-season,AI-detected Shorts processed on 2025-11-08,pink-shorts-1762607348.png,public
Pink Shorts,Shorts,bottom,,,pink,black|gray,,,all-season,AI-detected Shorts processed on 2025-11-08,pink-shorts-1762571445.png,public
Pink Shorts,Shorts,bottom,,,pink,black|gray,,,all-season,AI-detected Shorts processed on 2025-11-08,pink-shorts-1762572114.png,public
Pink Shorts,Shorts,bottom,,,pink,black|gray,,,all-season,AI-detected Shorts processed on 2025-11-08,pink-shorts-1762573015.png,public
Pink Shorts,Shorts,bottom,,,pink,black|gray,,,all-season,AI-detected Shorts processed on 2025-11-08,pink-shorts-1762575650.png,public
Pink Shorts,Shorts,bottom,,,pink,black|gray,,,all-season,AI-detected Shorts processed on 2025-11-08,pink-shorts-1762575934.png,public
Pink Shorts,Shorts,bottom,,,pink,black|gray,,,all-season,AI-detected Shorts processed on 2025-11-08,pink-shorts-1762577404.png,public
Pink Shorts,Shorts,bottom,,,pink,black|gray,,,all-season,AI-detected Shorts processed on 2025-11-08,pink-shorts-1762578173.png,public
Pink Shorts,Shorts,bottom,,,pink,black|gray,,,all-season,AI-detected Shorts processed on 2025-11-08,pink-shorts-1762578558.png,public
Pink Shorts,Shorts,bottom,,,pink,black|gray,,,all-season,AI-detected Shorts processed on 2025-11-08,pink-shorts-1762579291.png,public
Pink Shorts,Shorts,bottom,,,pink,black|gray,,,all-season,AI-detected Shorts processed on 2025-11-08,pink-shorts-1762580549.png,public
Pink Shorts,Shorts,bottom,,,pink,black|gray,,,all-season,AI-detected Shorts processed on 2025-11-08,pink-shorts-1762581622.png,public
Pink Shorts,Shorts,bottom,,,pink,black|gray,,,all-season,AI-detected Shorts processed on 2025-11-08,pink-shorts-1762582065.png,public
Pink Shorts,Shorts,bottom,,,pink,black|gray,,,all-season,AI-detected Shorts processed on 2025-11-08,pink-shorts-1762584104.png,public
Pink Shorts,Shorts,bottom,,,pink,black|gray,,,all-season,AI-detected Shorts processed on 2025-11-08,pink-shorts-1762585002.png,public
Pink Shorts,Shorts,bottom,,,pink,black|gray,,,all-season,AI-detected Shorts processed on 2025-11-08,pink-shorts-1762585145.png,public
Pink Shorts,Shorts,bottom,,,pink,black|gray,,,all-season,AI-detected Shorts processed on 2025-11-08,pink-shorts-1762585612.png,public
Pink Shorts,Shorts,bottom,,,pink,black|gray,,,all-season,AI-detected Shorts processed on 2025-11-08,pink-shorts-1762587790.png,public
Pink Shorts,Shorts,bottom,,,pink,black|gray,,,all-season,AI-detected Shorts processed on 2025-11-08,pink-shorts-1762589142.png,public
Pink Shorts,Shorts,bottom,,,pink,black|gray,,,all-season,AI-detected Shorts processed on 2025-11-08,pink-shorts-1762591984.png,public
Pink Shorts,Shorts,bottom,,,pink,black|gray,,,all-season,AI-detected Shorts processed on 2025-11-08,pink-shorts-1762593984.png,public
Pink Shorts,Shorts,bottom,,,pink,black|gray,,,all-season,AI-detected Shorts processed on 2025-11-08,pink-shorts-1762595792.png,public
Pink Shorts,Shorts,bottom,,,pink,black|gray,,,all-season,AI-detected Shorts processed on 2025-11-08,pink-shorts-1762602014.png,public
Pink Shorts,Shorts,bottom,,,pink,black|gray,,,all-season,AI-detected Shorts processed on 2025-11-08,pink-shorts-1762604635.png,public
Pink Shorts,Shorts,bottom,,,pink,black|gray,,,all-season,AI-detected Shorts processed on 2025-11-08,pink-shorts-1762604874.png,public
Pink Shorts,Shorts,bottom,,,pink,black|gray,,,all-season,AI-detected Shorts processed on 2025-11-08,pink-shorts-1762606981.png,public
Pink Shorts,Shorts,bottom,,,pink,black|gray,,,all-season,AI-detected Shorts processed on 2025-11-08,pink-shorts-1762607091.png,public
Pink Shorts,Shorts,bottom,,,pink,black|gray,,,all-season,AI-detected Shorts processed on 2025-11-08,pink-shorts-1762607666.png,public
Pink Shorts,Shorts,bottom,,,pink,gray|black,,,all-season,AI-detected Shorts processed on 2025-11-08,pink-shorts-1762581252.png,public
Pink Shorts,Shorts,bottom,,,pink,gray|black,,,all-season,AI-detected Shorts processed on 2025-11-08,pink-shorts-1762584138.png,public
Pink Shorts,Shorts,bottom,,,pink,gray|black,,,all-season,AI-detected Shorts processed on 2025-11-08,pink-shorts-1762587772.png,public
Pink Shorts,Shorts,bottom,,,pink,gray|black,,,all-season,AI-detected Shorts processed on 2025-11-08,pink-shorts-1762601806.png,public
Pink Shorts,Shorts,bottom,,,pink,olive|black,,,all-season,AI-detected Shorts processed on 2025-11-08,pink-shorts-1762589567.png,public
Pink Skirt,Skirt,bottom,,,pink,beige|black,,,all-season,AI-detected Skirt processed on 2025-11-08,pink-skirt-1762580755.png,public
Pink Skirt,Skirt,bottom,,,pink,beige|black,,,all-season,AI-detected Skirt processed on 2025-11-08,pink-skirt-1762584997.png,public
Pink Skirt,Skirt,bottom,,,pink,beige|black,,,all-season,AI-detected Skirt processed on 2025-11-08,pink-skirt-1762589703.png,public
Pink Skirt,Skirt,bottom,,,pink,beige|black,,,all-season,AI-detected Skirt processed on 2025-11-08,pink-skirt-1762599986.png,public
Pink Skirt,Skirt,bottom,,,pink,black,,,all-season,AI-detected Skirt processed on 2025-11-08,pink-skirt-1762568964.png,public
Pink Skirt,Skirt,bottom,,,pink,black,,,all-season,AI-detected Skirt processed on 2025-11-08,pink-skirt-1762570441.png,public
Pink Skirt,Skirt,bottom,,,pink,black,,,all-season,AI-detected Skirt processed on 2025-11-08,pink-skirt-1762571173.png,public
Pink Skirt,Skirt,bottom,,,pink,black,,,all-season,AI-detected Skirt processed on 2025-11-08,pink-skirt-1762571528.png,public
Pink Skirt,Skirt,bottom,,,pink,black,,,all-season,AI-detected Skirt processed on 2025-11-08,pink-skirt-1762573730.png,public
Pink Skirt,Skirt,bottom,,,pink,black,,,all-season,AI-detected Skirt processed on 2025-11-08,pink-skirt-1762587326.png,public
Pink Skirt,Skirt,bottom,,,pink,black,,,all-season,AI-detected Skirt processed on 2025-11-08,pink-skirt-1762595249.png,public
Pink Skirt,Skirt,bottom,,,pink,black,,,all-season,AI-detected Skirt processed on 2025-11-08,pink-skirt-1762597017.png,public
Pink Skirt,Skirt,bottom,,,pink,black,,,all-season,AI-detected Skirt processed on 2025-11-08,pink-skirt-1762607207.png,public
Pink Skirt,Skirt,bottom,,,pink,black|beige,,,all-season,AI-detected Skirt processed on 2025-11-08,pink-skirt-1762589706.png,public
Pink Skirt,Skirt,bottom,,,pink,black|beige,,,all-season,AI-detected Skirt processed on 2025-11-08,pink-skirt-1762593989.png,public
Pink Skirt,Skirt,bottom,,,pink,black|beige,,,all-season,AI-detected Skirt processed on 2025-11-08,pink-skirt-1762594540.png,public
Pink Skirt,Skirt,bottom,,,pink,black|beige,,,all-season,AI-detected Skirt processed on 2025-11-08,pink-skirt-1762595777.png,public
Pink Skirt,Skirt,bottom,,,pink,black|beige,,,all-season,AI-detected Skirt processed on 2025-11-08,pink-skirt-1762599382.png,public
Pink Skirt,Skirt,bottom,,,pink,black|beige,,,all-season,AI-detected Skirt processed on 2025-11-08,pink-skirt-1762600224.png,public
Pink Skirt,Skirt,bottom,,,pink,black|beige,,,all-season,AI-detected Skirt processed on 2025-11-08,pink-skirt-1762603439.png,public
Pink Skirt,Skirt,bottom,,,pink,black|brown,,,all-season,AI-detected Skirt processed on 2025-11-08,pink-skirt-1762585768.png,public
Pink Skirt,Skirt,bottom,,,pink,black|brown,,,all-season,AI-detected Skirt processed on 2025-11-08,pink-skirt-1762589724.png,public
Pink Skirt,Skirt,bottom,,,pink,black|brown,,,all-season,AI-detected Skirt processed on 2025-11-08,pink-skirt-1762595445.png,public
Pink Skirt,Skirt,bottom,,,pink,black|brown,,,all-season,AI-detected Skirt processed on 2025-11-08,pink-skirt-1762598842.png,public
Pink Skirt,Skirt,bottom,,,pink,black|gray,,,all-season,AI-detected Skirt processed on 2025-11-08,pink-skirt-1762571229.png,public
Pink Skirt,Skirt,bottom,,,pink,black|gray,,,all-season,AI-detected Skirt processed on 2025-11-08,pink-skirt-1762571297.png,public
Pink Skirt,Skirt,bottom,,,pink,black|gray,,,all-season,AI-detected Skirt processed on 2025-11-08,pink-skirt-1762572062.png,public
Pink Skirt,Skirt,bottom,,,pink,black|gray,,,all-season,AI-detected Skirt processed on 2025-11-08,pink-skirt-1762572225.png,public
Pink Skirt,Skirt,bottom,,,pink,black|gray,,,all-season,AI-detected Skirt processed on 2025-11-08,pink-skirt-1762574456.png,public
Pink Skirt,Skirt,bottom,,,pink,black|gray,,,all-season,AI-detected Skirt processed on 2025-11-08,pink-skirt-1762574616.png,public
Pink Skirt,Skirt,bottom,,,pink,black|gray,,,all-season,AI-detected Skirt processed on 2025-11-08,pink-skirt-1762576670.png,public
Pink Skirt,Skirt,bottom,,,pink,black|gray,,,all-season,AI-detected Skirt processed on 2025-11-08,pink-skirt-1762577576.png,public
Pink Skirt,Skirt,bottom,,,pink,black|gray,,,all-season,AI-detected Skirt processed on 2025-11-08,pink-skirt-1762578834.png,public
Pink Skirt,Skirt,bottom,,,pink,black|gray,,,all-season,AI-detected Skirt processed on 2025-11-08,pink-skirt-1762580609.png,public
Pink Skirt,Skirt,bottom,,,pink,black|gray,,,all-season,AI-detected Skirt processed on 2025-11-08,pink-skirt-1762581048.png,public
Pink Skirt,Skirt,bottom,,,pink,black|gray,,,all-season,AI-detected Skirt processed on 2025-11-08,pink-skirt-1762581210.png,public
Pink Skirt,Skirt,bottom,,,pink,black|gray,,,all-season,AI-detected Skirt processed on 2025-11-08,pink-skirt-1762581661.png,public
Pink Skirt,Skirt,bottom,,,pink,black|gray,,,all-season,AI-detected Skirt processed on 2025-11-08,pink-skirt-1762581692.png,public
Pink Skirt,Skirt,bottom,,,pink,black|gray,,,all-season,AI-detected Skirt processed on 2025-11-08,pink-skirt-1762582972.png,public
Pink Skirt,Skirt,bottom,,,pink,black|gray,,,all-season,AI-detected Skirt processed on 2025-11-08,pink-skirt-1762583219.png,public
Pink Skirt,Skirt,bottom,,,pink,black|gray,,,all-season,AI-detected Skirt processed on 2025-11-08,pink-skirt-1762583759.png,public
Pink Skirt,Skirt,bottom,,,pink,black|gray,,,all-season,AI-detected Skirt processed on 2025-11-08,pink-skirt-1762583959.png,public
Pink Skirt,Skirt,bottom,,,pink,black|gray,,,all-season,AI-detected Skirt processed on 2025-11-08,pink-skirt-1762583966.png,public
Pink Skirt,Skirt,bottom,,,pink,black|gray,,,all-season,AI-detected Skirt processed on 2025-11-08,pink-skirt-1762584024.png,public
Pink Skirt,Skirt,bottom,,,pink,black|gray,,,all-season,AI-detected Skirt processed on 2025-11-08,pink-skirt-1762584602.png,public
Pink Skirt,Skirt,bottom,,,pink,black|gray,,,all-season,AI-detected Skirt processed on 2025-11-08,pink-skirt-1762586202.png,public
Pink Skirt,Skirt,bottom,,,pink,black|gray,,,all-season,AI-detected Skirt processed on 2025-11-08,pink-skirt-1762586984.png,public
Pink Skirt,Skirt,bottom,,,pink,black|gray,,,all-season,AI-detected Skirt processed on 2025-11-08,pink-skirt-1762587055.png,public
Pink Skirt,Skirt,bottom,,,pink,black|gray,,,all-season,AI-detected Skirt processed on 2025-11-08,pink-skirt-1762587881.png,public
Pink Skirt,Skirt,bottom,,,pink,black|gray,,,all-season,AI-detected Skirt processed on 2025-11-08,pink-skirt-1762589358.png,public
Pink Skirt,Skirt,bottom,,,pink,black|gray,,,all-season,AI-detected Skirt processed on 2025-11-08,pink-skirt-1762589513.png,public
Pink Skirt,Skirt,bottom,,,pink,black|gray,,,all-season,AI-detected Skirt processed on 2025-11-08,pink-skirt-1762589739.png,public
Pink Skirt,Skirt,bottom,,,pink,black|gray,,,all-season,AI-detected Skirt processed on 2025-11-08,pink-skirt-1762592521.png,public
Pink Skirt,Skirt,bottom,,,pink,black|gray,,,all-season,AI-detected Skirt processed on 2025-11-08,pink-skirt-1762595217.png,public
Pink Skirt,Skirt,bottom,,,pink,black|gray,,,all-season,AI-detected Skirt processed on 2025-11-08,pink-skirt-1762597046.png,public
Pink Skirt,Skirt,bottom,,,pink,black|gray,,,all-season,AI-detected Skirt processed on 2025-11-08,pink-skirt-1762599479.png,public
Pink Skirt,Skirt,bottom,,,pink,black|gray,,,all-season,AI-detected Skirt processed on 2025-11-08,pink-skirt-1762600452.png,public
Pink Skirt,Skirt,bottom,,,pink,black|gray,,,all-season,AI-detected Skirt processed on 2025-11-08,pink-skirt-1762602143.png,public
Pink Skirt,Skirt,bottom,,,pink,black|gray,,,all-season,AI-detected Skirt processed on 2025-11-08,pink-skirt-1762602396.png,public
Pink Skirt,Skirt,bottom,,,pink,black|gray,,,all-season,AI-detected Skirt processed on 2025-11-08,pink-skirt-1762606906.png,public
Pink Skirt,Skirt,bottom,,,pink,black|orange,,,all-season,AI-detected Skirt processed on 2025-11-08,pink-skirt-1762570932.png,public
Pink Skirt,Skirt,bottom,,,pink,black|orange,,,all-season,AI-detected Skirt processed on 2025-11-08,pink-skirt-1762595261.png,public
Pink Skirt,Skirt,bottom,,,pink,brown|black,,,all-season,AI-detected Skirt processed on 2025-11-08,pink-skirt-1762574766.png,public
Pink Skirt,Skirt,bottom,,,pink,gray|black,,,all-season,AI-detected Skirt processed on 2025-11-08,pink-skirt-1762569629.png,public
Pink Skirt,Skirt,bottom,,,pink,gray|black,,,all-season,AI-detected Skirt processed on 2025-11-08,pink-skirt-1762571512.png,public
Pink Skirt,Skirt,bottom,,,pink,gray|black,,,all-season,AI-detected Skirt processed on 2025-11-08,pink-skirt-1762573812.png,public
Pink Skirt,Skirt,bottom,,,pink,gray|black,,,all-season,AI-detected Skirt processed on 2025-11-08,pink-skirt-1762574673.png,public
Pink Skirt,Skirt,bottom,,,pink,gray|black,,,all-season,AI-detected Skirt processed on 2025-11-08,pink-skirt-1762577091.png,public
Pink Skirt,Skirt,bottom,,,pink,gray|black,,,all-season,AI-detected Skirt processed on 2025-11-08,pink-skirt-1762578992.png,public
Pink Skirt,Skirt,bottom,,,pink,gray|black,,,all-season,AI-detected Skirt processed on 2025-11-08,pink-skirt-1762581156.png,public
Pink Skirt,Skirt,bottom,,,pink,gray|black,,,all-season,AI-detected Skirt processed on 2025-11-08,pink-skirt-1762582517.png,public
Pink Skirt,Skirt,bottom,,,pink,gray|black,,,all-season,AI-detected Skirt processed on 2025-11-08,pink-skirt-1762585116.png,public
Pink Skirt,Skirt,bottom,,,pink,gray|black,,,all-season,AI-detected Skirt processed on 2025-11-08,pink-skirt-1762590306.png,public
Pink Skirt,Skirt,bottom,,,pink,gray|black,,,all-season,AI-detected Skirt processed on 2025-11-08,pink-skirt-1762590837.png,public
Pink Skirt,Skirt,bottom,,,pink,gray|black,,,all-season,AI-detected Skirt processed on 2025-11-08,pink-skirt-1762590992.png,public
Pink Skirt,Skirt,bottom,,,pink,gray|black,,,all-season,AI-detected Skirt processed on 2025-11-08,pink-skirt-1762593652.png,public
Pink Skirt,Skirt,bottom,,,pink,gray|black,,,all-season,AI-detected Skirt processed on 2025-11-08,pink-skirt-1762596178.png,public
Pink Skirt,Skirt,bottom,,,pink,gray|black,,,all-season,AI-detected Skirt processed on 2025-11-08,pink-skirt-1762600297.png,public
Pink Skirt,Skirt,bottom,,,pink,gray|black,,,all-season,AI-detected Skirt processed on 2025-11-08,pink-skirt-1762603669.png,public
Pink Skirt,Skirt,bottom,,,pink,maroon|gray,,,all-season,AI-detected Skirt processed on 2025-11-08,pink-skirt-1762595813.png,public
Pink Skirt,Skirt,bottom,,,pink,maroon|gray,,,all-season,AI-detected Skirt processed on 2025-11-08,pink-skirt-1762596780.png,public
Pink Skirt,Skirt,bottom,,,pink,orange|black,,,all-season,AI-detected Skirt processed on 2025-11-08,pink-skirt-1762573234.png,public
Pink Skirt,Skirt,bottom,,,pink,orange|black,,,all-season,AI-detected Skirt processed on 2025-11-08,pink-skirt-1762594116.png,public
Pink T-Shirt,T-Shirt,top,,,pink,black|beige,,,all-season,AI-detected T-Shirt processed on 2025-11-08,pink-t-shirt-1762597362.png,public
Pink T-Shirt,T-Shirt,top,,,pink,black|gray,,,all-season,AI-detected T-Shirt processed on 2025-11-08,pink-t-shirt-1762583829.png,public
Pink T-Shirt,T-Shirt,top,,,pink,black|gray,,,all-season,AI-detected T-Shirt processed on 2025-11-08,pink-t-shirt-1762588703.png,public
Pink T-Shirt,T-Shirt,top,,,pink,gray|black,,,all-season,AI-detected T-Shirt processed on 2025-11-08,pink-t-shirt-1762603448.png,public
Pink Top,Top,top,,,pink,black|gray,,,all-season,AI-detected Top processed on 2025-11-08,pink-top-1762582389.png,public
Pink Top,Top,top,,,pink,black|gray,,,all-season,AI-detected Top processed on 2025-11-08,pink-top-1762588819.png,public
Pink Undershirt,Undershirt,top,,,pink,beige|black,,,all-season,AI-detected Undershirt processed on 2025-11-08,pink-undershirt-1762606356.png,public
Pink Undershirt,Undershirt,top,,,pink,black,,,all-season,AI-detected Undershirt processed on 2025-11-08,pink-undershirt-1762579404.png,public
Pink Undershirt,Undershirt,top,,,pink,black|beige,,,all-season,AI-detected Undershirt processed on 2025-11-08,pink-undershirt-1762582360.png,public
Purple Dress,Dress,outerwear,,,purple,black,,,all-season,AI-detected Dress processed on 2025-11-08,purple-dress-1762578119.png,public
Purple Dress,Dress,outerwear,,,purple,black,,,all-season,AI-detected Dress processed on 2025-11-08,purple-dress-1762579410.png,public
Purple Dress,Dress,outerwear,,,purple,black,,,all-season,AI-detected Dress processed on 2025-11-08,purple-dress-1762590212.png,public
Purple Dress,Dress,outerwear,,,purple,black,,,all-season,AI-detected Dress processed on 2025-11-08,purple-dress-1762595116.png,public
Purple Dress,Dress,outerwear,,,purple,black|beige,,,all-season,AI-detected Dress processed on 2025-11-08,purple-dress-1762601843.png,public
Purple Dress,Dress,outerwear,,,purple,black|beige,,,all-season,AI-detected Dress processed on 2025-11-08,purple-dress-1762604007.png,public
Purple Dress,Dress,outerwear,,,purple,black|brown,,,all-season,AI-detected Dress processed on 2025-11-08,purple-dress-1762584166.png,public
Purple Dress,Dress,outerwear,,,purple,black|brown,,,all-season,AI-detected Dress processed on 2025-11-08,purple-dress-1762592536.png,public
Purple Dress,Dress,outerwear,,,purple,black|brown,,,all-season,AI-detected Dress processed on 2025-11-08,purple-dress-1762599604.png,public
Purple Dress,Dress,outerwear,,,purple,black|brown,,,all-season,AI-detected Dress processed on 2025-11-08,purple-dress-1762600134.png,public
Purple Dress,Dress,outerwear,,,purple,black|gray,,,all-season,AI-detected Dress processed on 2025-11-08,purple-dress-1762572408.png,public
Purple Dress,Dress,outerwear,,,purple,black|gray,,,all-season,AI-detected Dress processed on 2025-11-08,purple-dress-1762587624.png,public
Purple Dress,Dress,outerwear,,,purple,black|gray,,,all-season,AI-detected Dress processed on 2025-11-08,purple-dress-1762602717.png,public
Purple Dress,Dress,outerwear,,,purple,black|maroon,,,all-season,AI-detected Dress processed on 2025-11-08,purple-dress-1762571880.png,public
Purple Dress,Dress,outerwear,,,purple,black|navy,,,all-season,AI-detected Dress processed on 2025-11-08,purple-dress-1762580051.png,public
Purple Dress,Dress,outerwear,,,purple,black|pink,,,all-season,AI-detected Dress processed on 2025-11-08,purple-dress-1762581465.png,public
Purple Dress,Dress,outerwear,,,purple,gray|black,,,all-season,AI-detected Dress processed on 2025-11-08,purple-dress-1762581381.png,public
Purple Dress,Dress,outerwear,,,purple,gray|black,,,all-season,AI-detected Dress processed on 2025-11-08,purple-dress-1762591759.png,public
Purple Dress,Dress,outerwear,,,purple,navy|gray,,,all-season,AI-detected Dress processed on 2025-11-08,purple-dress-1762577483.png,public
Purple Dress,Dress,outerwear,,,purple,pink|black,,,all-season,AI-detected Dress processed on 2025-11-08,purple-dress-1762583999.png,public
Purple Hat,Hat,accessory,,,purple,black,,,all-season,AI-detected Hat processed on 2025-11-08,purple-hat-1762589121.png,public
Purple Hat,Hat,accessory,,,purple,black,,,all-season,AI-detected Hat processed on 2025-11-08,purple-hat-1762604946.png,public
Purple Hat,Hat,accessory,,,purple,black|gray,,,all-season,AI-detected Hat processed on 2025-11-08,purple-hat-1762607669.png,public
Purple Hat,Hat,accessory,,,purple,gray|black,,,all-season,AI-detected Hat processed on 2025-11-08,purple-hat-1762568945.png,public
Purple Longsleeve,Longsleeve,top,,,purple,gray|black,,,all-season,AI-detected Longsleeve processed on 2025-11-08,purple-longsleeve-1762599875.png,public
Purple Shoes,Shoes,shoes,,,purple,black|beige,,,all-season,AI-detected Shoes processed on 2025-11-08,purple-shoes-1762591715.png,public
Purple Shoes,Shoes,shoes,,,purple,black|brown,,,all-season,AI-detected Shoes processed on 2025-11-08,purple-shoes-1762574143.png,public
Purple Shoes,Shoes,shoes,,,purple,black|pink,,,all-season,AI-detected Shoes processed on 2025-11-08,purple-shoes-1762598645.png,public
Purple Skirt,Skirt,bottom,,,purple,black,,,all-season,AI-detected Skirt processed on 2025-11-08,purple-skirt-1762582353.png,public
Purple Skirt,Skirt,bottom,,,purple,black,,,all-season,AI-detected Skirt processed on 2025-11-08,purple-skirt-1762585275.png,public
Purple Skirt,Skirt,bottom,,,purple,black,,,all-season,AI-detected Skirt processed on 2025-11-08,purple-skirt-1762592543.png,public
Purple Skirt,Skirt,bottom,,,purple,brown|black,,,all-season,AI-detected Skirt processed on 2025-11-08,purple-skirt-1762595572.png,public
Purple Skirt,Skirt,bottom,,,purple,gray|black,,,all-season,AI-detected Skirt processed on 2025-11-08,purple-skirt-1762575227.png,public
Purple Skirt,Skirt,bottom,,,purple,gray|black,,,all-season,AI-detected Skirt processed on 2025-11-08,purple-skirt-1762602839.png,public
Purple Skirt,Skirt,bottom,,,purple,navy|black,,,all-season,AI-detected Skirt processed on 2025-11-08,purple-skirt-1762583265.png,public
Red Blazer,Blazer,outerwear,,,red,brown|black,,,all-season,AI-detected Blazer processed on 2025-11-08,red-blazer-1762581199.png,public
Red Dress,Dress,outerwear,,,red,black|brown,,,all-season,AI-detected Dress processed on 2025-11-08,red-dress-1762569980.png,public
Red Dress,Dress,outerwear,,,red,black|brown,,,all-season,AI-detected Dress processed on 2025-11-08,red-dress-1762575679.png,public
Red Dress,Dress,outerwear,,,red,black|brown,,,all-season,AI-detected Dress processed on 2025-11-08,red-dress-1762588024.png,public
Red Dress,Dress,outerwear,,,red,black|brown,,,all-season,AI-detected Dress processed on 2025-11-08,red-dress-1762599915.png,public
Red Dress,Dress,outerwear,,,red,black|brown,,,all-season,AI-detected Dress processed on 2025-11-08,red-dress-1762601413.png,public
Red Dress,Dress,outerwear,,,red,black|brown,,,all-season,AI-detected Dress processed on 2025-11-08,red-dress-1762603874.png,public
Red Dress,Dress,outerwear,,,red,black|brown,,,all-season,AI-detected Dress processed on 2025-11-08,red-dress-1762605234.png,public
Red Dress,Dress,outerwear,,,red,black|gray,,,all-season,AI-detected Dress processed on 2025-11-08,red-dress-1762568574.png,public
Red Dress,Dress,outerwear,,,red,black|maroon,,,all-season,AI-detected Dress processed on 2025-11-08,red-dress-1762570366.png,public
Red Dress,Dress,outerwear,,,red,brown|black,,,all-season,AI-detected Dress processed on 2025-11-08,red-dress-1762572760.png,public
Red Dress,Dress,outerwear,,,red,brown|black,,,all-season,AI-detected Dress processed on 2025-11-08,red-dress-1762591197.png,public
Red Dress,Dress,outerwear,,,red,brown|black,,,all-season,AI-detected Dress processed on 2025-11-08,red-dress-1762598827.png,public
Red Dress,Dress,outerwear,,,red,brown|black,,,all-season,AI-detected Dress processed on 2025-11-08,red-dress-1762603936.png,public
Red Dress,Dress,outerwear,,,red,maroon|black,,,all-season,AI-detected Dress processed on 2025-11-08,red-dress-1762571326.png,public
Red Hat,Hat,accessory,,,red,black|brown,,,all-season,AI-detected Hat processed on 2025-11-08,red-hat-1762570156.png,public
Red Hat,Hat,accessory,,,red,black|brown,,,all-season,AI-detected Hat processed on 2025-11-08,red-hat-1762584782.png,public
Red Hat,Hat,accessory,,,red,black|brown,,,all-season,AI-detected Hat processed on 2025-11-08,red-hat-1762588607.png,public
Red Hat,Hat,accessory,,,red,black|brown,,,all-season,AI-detected Hat processed on 2025-11-08,red-hat-1762601043.png,public
Red Longsleeve,Longsleeve,top,,,red,black|gray,,,all-season,AI-detected Longsleeve processed on 2025-11-08,red-longsleeve-1762581175.png,public
Red Shoes,Shoes,shoes,,,red,black,,,all-season,AI-detected Shoes processed on 2025-11-08,red-shoes-1762598014.png,public
Red Shoes,Shoes,shoes,,,red,black|brown,,,all-season,AI-detected Shoes processed on 2025-11-08,red-shoes-1762592668.png,public
Red Shoes,Shoes,shoes,,,red,black|maroon,,,all-season,AI-detected Shoes processed on 2025-11-08,red-shoes-1762588236.png,public
Red Skirt,Skirt,bottom,,,red,black|brown,,,all-season,AI-detected Skirt processed on 2025-11-08,red-skirt-1762580165.png,public
Red Skirt,Skirt,bottom,,,red,black|brown,,,all-season,AI-detected Skirt processed on 2025-11-08,red-skirt-1762581593.png,public
Red Skirt,Skirt,bottom,,,red,brown|black,,,all-season,AI-detected Skirt processed on 2025-11-08,red-skirt-1762574885.png,public
Red Skirt,Skirt,bottom,,,red,brown|black,,,all-season,AI-detected Skirt processed on 2025-11-08,red-skirt-1762583538.png,public
Red T-Shirt,T-Shirt,top,,,red,black|brown,,,all-season,AI-detected T-Shirt processed on 2025-11-08,red-t-shirt-1762569022.png,public
Red Undershirt,Undershirt,top,,,red,black|gray,,,all-season,AI-detected Undershirt processed on 2025-11-08,red-undershirt-1762605930.png,public
Teal Blazer,Blazer,outerwear,,,teal,black,,,all-season,AI-detected Blazer processed on 2025-11-08,teal-blazer-1762587242.png,public
Teal Blazer,Blazer,outerwear,,,teal,black|gray,,,all-season,AI-detected Blazer processed on 2025-11-08,teal-blazer-1762580191.png,public
Teal Blazer,Blazer,outerwear,,,teal,black|gray,,,all-season,AI-detected Blazer processed on 2025-11-08,teal-blazer-1762588384.png,public
Teal Blazer,Blazer,outerwear,,,teal,black|gray,,,all-season,AI-detected Blazer processed on 2025-11-08,teal-blazer-1762602329.png,public
Teal Blazer,Blazer,outerwear,,,teal,black|navy,,,all-season,AI-detected Blazer processed on 2025-11-08,teal-blazer-1762596862.png,public
Teal Blazer,Blazer,outerwear,,,teal,black|navy,,,all-season,AI-detected Blazer processed on 2025-11-08,teal-blazer-1762607069.png,public
Teal Blazer,Blazer,outerwear,,,teal,gray|black,,,all-season,AI-detected Blazer processed on 2025-11-08,teal-blazer-1762586037.png,public
Teal Body,Body,top,,,teal,gray|black,,,all-season,AI-detected Body processed on 2025-11-08,teal-body-1762583227.png,public
Teal Dress,Dress,outerwear,,,teal,black,,,all-season,AI-detected Dress processed on 2025-11-08,teal-dress-1762568784.png,public
Teal Dress,Dress,outerwear,,,teal,black,,,all-season,AI-detected Dress processed on 2025-11-08,teal-dress-1762574131.png,public
Teal Dress,Dress,outerwear,,,teal,black,,,all-season,AI-detected Dress processed on 2025-11-08,teal-dress-1762574991.png,public
Teal Dress,Dress,outerwear,,,teal,black,,,all-season,AI-detected Dress processed on 2025-11-08,teal-dress-1762575837.png,public
Teal Dress,Dress,outerwear,,,teal,black,,,all-season,AI-detected Dress processed on 2025-11-08,teal-dress-1762578496.png,public
Teal Dress,Dress,outerwear,,,teal,black,,,all-season,AI-detected Dress processed on 2025-11-08,teal-dress-1762580804.png,public
Teal Dress,Dress,outerwear,,,teal,black,,,all-season,AI-detected Dress processed on 2025-11-08,teal-dress-1762582651.png,public
Teal Dress,Dress,outerwear,,,teal,black,,,all-season,AI-detected Dress processed on 2025-11-08,teal-dress-1762584569.png,public
Teal Dress,Dress,outerwear,,,teal,black,,,all-season,AI-detected Dress processed on 2025-11-08,teal-dress-1762596547.png,public
Teal Dress,Dress,outerwear,,,teal,black|beige,,,all-season,AI-detected Dress processed on 2025-11-08,teal-dress-1762592458.png,public
Teal Dress,Dress,outerwear,,,teal,black|gray,,,all-season,AI-detected Dress processed on 2025-11-08,teal-dress-1762569158.png,public
Teal Dress,Dress,outerwear,,,teal,black|gray,,,all-season,AI-detected Dress processed on 2025-11-08,teal-dress-1762571216.png,public
Teal Dress,Dress,outerwear,,,teal,black|gray,,,all-season,AI-detected Dress processed on 2025-11-08,teal-dress-1762571283.png,public
Teal Dress,Dress,outerwear,,,teal,black|gray,,,all-season,AI-detected Dress processed on 2025-11-08,teal-dress-1762579275.png,public
Teal Dress,Dress,outerwear,,,teal,black|gray,,,all-season,AI-detected Dress processed on 2025-11-08,teal-dress-1762579851.png,public
Teal Dress,Dress,outerwear,,,teal,black|gray,,,all-season,AI-detected Dress processed on 2025-11-08,teal-dress-1762580688.png,public
Teal Dress,Dress,outerwear,,,teal,black|gray,,,all-season,AI-detected Dress processed on 2025-11-08,teal-dress-1762582077.png,public
Teal Dress,Dress,outerwear,,,teal,black|gray,,,all-season,AI-detected Dress processed on 2025-11-08,teal-dress-1762588128.png,public
Teal Dress,Dress,outerwear,,,teal,black|gray,,,all-season,AI-detected Dress processed on 2025-11-08,teal-dress-1762592906.png,public
Teal Dress,Dress,outerwear,,,teal,black|gray,,,all-season,AI-detected Dress processed on 2025-11-08,teal-dress-1762606497.png,public
Teal Dress,Dress,outerwear,,,teal,black|navy,,,all-season,AI-detected Dress processed on 2025-11-08,teal-dress-1762578276.png,public
Teal Dress,Dress,outerwear,,,teal,black|navy,,,all-season,AI-detected Dress processed on 2025-11-08,teal-dress-1762588312.png,public
Teal Dress,Dress,outerwear,,,teal,black|navy,,,all-season,AI-detected Dress processed on 2025-11-08,teal-dress-1762604556.png,public
Teal Dress,Dress,outerwear,,,teal,black|pink,,,all-season,AI-detected Dress processed on 2025-11-08,teal-dress-1762578093.png,public
Teal Dress,Dress,outerwear,,,teal,black|pink,,,all-season,AI-detected Dress processed on 2025-11-08,teal-dress-1762607631.png,public
Teal Dress,Dress,outerwear,,,teal,gray|black,,,all-season,AI-detected Dress processed on 2025-11-08,teal-dress-1762579024.png,public
Teal Dress,Dress,outerwear,,,teal,gray|black,,,all-season,AI-detected Dress processed on 2025-11-08,teal-dress-1762583254.png,public
Teal Dress,Dress,outerwear,,,teal,gray|black,,,all-season,AI-detected Dress processed on 2025-11-08,teal-dress-1762585138.png,public
Teal Dress,Dress,outerwear,,,teal,gray|black,,,all-season,AI-detected Dress processed on 2025-11-08,teal-dress-1762585518.png,public
Teal Dress,Dress,outerwear,,,teal,navy|black,,,all-season,AI-detected Dress processed on 2025-11-08,teal-dress-1762605413.png,public
Teal Hat,Hat,accessory,,,teal,black,,,all-season,AI-detected Hat processed on 2025-11-08,teal-hat-1762571055.png,public
Teal Hat,Hat,accessory,,,teal,black|gray,,,all-season,AI-detected Hat processed on 2025-11-08,teal-hat-1762578936.png,public
Teal Hat,Hat,accessory,,,teal,black|gray,,,all-season,AI-detected Hat processed on 2025-11-08,teal-hat-1762598497.png,public
Teal Hat,Hat,accessory,,,teal,black|gray,,,all-season,AI-detected Hat processed on 2025-11-08,teal-hat-1762601186.png,public
Teal Hat,Hat,accessory,,,teal,black|gray,,,all-season,AI-detected Hat processed on 2025-11-08,teal-hat-1762603199.png,public
Teal Hat,Hat,accessory,,,teal,black|navy,,,all-season,AI-detected Hat processed on 2025-11-08,teal-hat-1762606189.png,public
Teal Hat,Hat,accessory,,,teal,black|pink,,,all-season,AI-detected Hat processed on 2025-11-08,teal-hat-1762570478.png,public
Teal Hat,Hat,accessory,,,teal,black|pink,,,all-season,AI-detected Hat processed on 2025-11-08,teal-hat-1762577065.png,public
Teal Hat,Hat,accessory,,,teal,gray|black,,,all-season,AI-detected Hat processed on 2025-11-08,teal-hat-1762593286.png,public
Teal Hat,Hat,accessory,,,teal,pink|black,,,all-season,AI-detected Hat processed on 2025-11-08,teal-hat-1762601539.png,public
Teal Hoodie,Hoodie,outerwear,,,teal,black|gray,,,all-season,AI-detected Hoodie processed on 2025-11-08,teal-hoodie-1762589236.png,public
Teal Longsleeve,Longsleeve,top,,,teal,black,,,all-season,AI-detected Longsleeve processed on 2025-11-08,teal-longsleeve-1762590168.png,public
Teal Longsleeve,Longsleeve,top,,,teal,black|gray,,,all-season,AI-detected Longsleeve processed on 2025-11-08,teal-longsleeve-1762571280.png,public
Teal Pants,Pants,bottom,,,teal,black,,,all-season,AI-detected Pants processed on 2025-11-08,teal-pants-1762569768.png,public
Teal Pants,Pants,bottom,,,teal,cyan|black,,,all-season,AI-detected Pants processed on 2025-11-08,teal-pants-1762589808.png,public
Teal Pants,Pants,bottom,,,teal,gray|black,,,all-season,AI-detected Pants processed on 2025-11-08,teal-pants-1762607258.png,public
Teal Polo,Polo,top,,,teal,black,,,all-season,AI-detected Polo processed on 2025-11-08,teal-polo-1762597012.png,public
Teal Shirt,Shirt,top,,,teal,black|gray,,,all-season,AI-detected Shirt processed on 2025-11-08,teal-shirt-1762571470.png,public
Teal Shirt,Shirt,top,,,teal,black|gray,,,all-season,AI-detected Shirt processed on 2025-11-08,teal-shirt-1762579879.png,public
Teal Shirt,Shirt,top,,,teal,gray|black,,,all-season,AI-detected Shirt processed on 2025-11-08,teal-shirt-1762570415.png,public
Teal Shirt,Shirt,top,,,teal,gray|black,,,all-season,AI-detected Shirt processed on 2025-11-08,teal-shirt-1762600706.png,public
Teal Shoes,Shoes,shoes,,,teal,black|beige,,,all-season,AI-detected Shoes processed on 2025-11-08,teal-shoes-1762593292.png,public
Teal Shoes,Shoes,shoes,,,teal,black|gray,,,all-season,AI-detected Shoes processed on 2025-11-08,teal-shoes-1762586845.png,public
Teal Shoes,Shoes,shoes,,,teal,black|gray,,,all-season,AI-detected Shoes processed on 2025-11-08,teal-shoes-1762603942.png,public
Teal Shoes,Shoes,shoes,,,teal,black|pink,,,all-season,AI-detected Shoes processed on 2025-11-08,teal-shoes-1762572734.png,public
Teal Shoes,Shoes,shoes,,,teal,navy|black,,,all-season,AI-detected Shoes processed on 2025-11-08,teal-shoes-1762570722.png,public
Teal Shorts,Shorts,bottom,,,teal,black,,,all-season,AI-detected Shorts processed on 2025-11-08,teal-shorts-1762590228.png,public
Teal Shorts,Shorts,bottom,,,teal,black,,,all-season,AI-detected Shorts processed on 2025-11-08,teal-shorts-1762602593.png,public
Teal Shorts,Shorts,bottom,,,teal,black|gray,,,all-season,AI-detected Shorts processed on 2025-11-08,teal-shorts-1762568542.png,public
Teal Shorts,Shorts,bottom,,,teal,black|gray,,,all-season,AI-detected Shorts processed on 2025-11-08,teal-shorts-1762575068.png,public
Teal Shorts,Shorts,bottom,,,teal,black|gray,,,all-season,AI-detected Shorts processed on 2025-11-08,teal-shorts-1762577858.png,public
Teal Shorts,Shorts,bottom,,,teal,black|gray,,,all-season,AI-detected Shorts processed on 2025-11-08,teal-shorts-1762579913.png,public
Teal Shorts,Shorts,bottom,,,teal,black|gray,,,all-season,AI-detected Shorts processed on 2025-11-08,teal-shorts-1762584161.png,public
Teal Shorts,Shorts,bottom,,,teal,black|gray,,,all-season,AI-detected Shorts processed on 2025-11-08,teal-shorts-1762585055.png,public
Teal Shorts,Shorts,bottom,,,teal,black|gray,,,all-season,AI-detected Shorts processed on 2025-11-08,teal-shorts-1762587103.png,public
Teal Shorts,Shorts,bottom,,,teal,black|gray,,,all-season,AI-detected Shorts processed on 2025-11-08,teal-shorts-1762595848.png,public
Teal Shorts,Shorts,bottom,,,teal,black|gray,,,all-season,AI-detected Shorts processed on 2025-11-08,teal-shorts-1762607518.png,public
Teal Shorts,Shorts,bottom,,,teal,gray|black,,,all-season,AI-detected Shorts processed on 2025-11-08,teal-shorts-1762570017.png,public
Teal Shorts,Shorts,bottom,,,teal,gray|black,,,all-season,AI-detected Shorts processed on 2025-11-08,teal-shorts-1762570265.png,public
Teal Shorts,Shorts,bottom,,,teal,gray|black,,,all-season,AI-detected Shorts processed on 2025-11-08,teal-shorts-1762570992.png,public
Teal Shorts,Shorts,bottom,,,teal,gray|black,,,all-season,AI-detected Shorts processed on 2025-11-08,teal-shorts-1762578141.png,public
Teal Shorts,Shorts,bottom,,,teal,gray|black,,,all-season,AI-detected Shorts processed on 2025-11-08,teal-shorts-1762587279.png,public
Teal Shorts,Shorts,bottom,,,teal,gray|black,,,all-season,AI-detected Shorts processed on 2025-11-08,teal-shorts-1762589698.png,public
Teal Shorts,Shorts,bottom,,,teal,gray|black,,,all-season,AI-detected Shorts processed on 2025-11-08,teal-shorts-1762604802.png,public
Teal Shorts,Shorts,bottom,,,teal,navy|black,,,all-season,AI-detected Shorts processed on 2025-11-08,teal-shorts-1762580924.png,public
Teal Skirt,Skirt,bottom,,,teal,black,,,all-season,AI-detected Skirt processed on 2025-11-08,teal-skirt-1762571588.png,public
Teal Skirt,Skirt,bottom,,,teal,black,,,all-season,AI-detected Skirt processed on 2025-11-08,teal-skirt-1762571632.png,public
Teal Skirt,Skirt,bottom,,,teal,black,,,all-season,AI-detected Skirt processed on 2025-11-08,teal-skirt-1762581684.png,public
Teal Skirt,Skirt,bottom,,,teal,black,,,all-season,AI-detected Skirt processed on 2025-11-08,teal-skirt-1762582432.png,public
Teal Skirt,Skirt,bottom,,,teal,black,,,all-season,AI-detected Skirt processed on 2025-11-08,teal-skirt-1762589421.png,public
Teal Skirt,Skirt,bottom,,,teal,black,,,all-season,AI-detected Skirt processed on 2025-11-08,teal-skirt-1762592842.png,public
Teal Skirt,Skirt,bottom,,,teal,black|beige,,,all-season,AI-detected Skirt processed on 2025-11-08,teal-skirt-1762592891.png,public
Teal Skirt,Skirt,bottom,,,teal,black|gray,,,all-season,AI-detected Skirt processed on 2025-11-08,teal-skirt-1762577433.png,public
Teal Skirt,Skirt,bottom,,,teal,black|gray,,,all-season,AI-detected Skirt processed on 2025-11-08,teal-skirt-1762595192.png,public
Teal Skirt,Skirt,bottom,,,teal,black|gray,,,all-season,AI-detected Skirt processed on 2025-11-08,teal-skirt-1762597372.png,public
Teal Skirt,Skirt,bottom,,,teal,gray|black,,,all-season,AI-detected Skirt processed on 2025-11-08,teal-skirt-1762574808.png,public
Teal Skirt,Skirt,bottom,,,teal,gray|black,,,all-season,AI-detected Skirt processed on 2025-11-08,teal-skirt-1762582301.png,public
Teal Skirt,Skirt,bottom,,,teal,gray|black,,,all-season,AI-detected Skirt processed on 2025-11-08,teal-skirt-1762583432.png,public
Teal Skirt,Skirt,bottom,,,teal,gray|black,,,all-season,AI-detected Skirt processed on 2025-11-08,teal-skirt-1762584108.png,public
Teal Skirt,Skirt,bottom,,,teal,gray|black,,,all-season,AI-detected Skirt processed on 2025-11-08,teal-skirt-1762584813.png,public
Teal Skirt,Skirt,bottom,,,teal,gray|black,,,all-season,AI-detected Skirt processed on 2025-11-08,teal-skirt-1762593534.png,public
Teal Skirt,Skirt,bottom,,,teal,gray|black,,,all-season,AI-detected Skirt processed on 2025-11-08,teal-skirt-1762597662.png,public
Teal Skirt,Skirt,bottom,,,teal,navy|black,,,all-season,AI-detected Skirt processed on 2025-11-08,teal-skirt-1762603963.png,public
Teal Skirt,Skirt,bottom,,,teal,pink|black,,,all-season,AI-detected Skirt processed on 2025-11-08,teal-skirt-1762573577.png,public
Teal Skirt,Skirt,bottom,,,teal,pink|gray,,,all-season,AI-detected Skirt processed on 2025-11-08,teal-skirt-1762570771.png,public
White Dress,Dress,outerwear,,,white,beige|black,,,all-season,AI-detected Dress processed on 2025-11-08,white-dress-1762574892.png,public
White Dress,Dress,outerwear,,,white,beige|black,,,all-season,AI-detected Dress processed on 2025-11-08,white-dress-1762580408.png,public
White Dress,Dress,outerwear,,,white,beige|black,,,all-season,AI-detected Dress processed on 2025-11-08,white-dress-1762582319.png,public
White Dress,Dress,outerwear,,,white,beige|black,,,all-season,AI-detected Dress processed on 2025-11-08,white-dress-1762598066.png,public
White Dress,Dress,outerwear,,,white,black|beige,,,all-season,AI-detected Dress processed on 2025-11-08,white-dress-1762575384.png,public
White Dress,Dress,outerwear,,,white,black|beige,,,all-season,AI-detected Dress processed on 2025-11-08,white-dress-1762583032.png,public
White Dress,Dress,outerwear,,,white,black|beige,,,all-season,AI-detected Dress processed on 2025-11-08,white-dress-1762587096.png,public
White Dress,Dress,outerwear,,,white,black|beige,,,all-season,AI-detected Dress processed on 2025-11-08,white-dress-1762595989.png,public
White Dress,Dress,outerwear,,,white,black|beige,,,all-season,AI-detected Dress processed on 2025-11-08,white-dress-1762597502.png,public
White Dress,Dress,outerwear,,,white,black|beige,,,all-season,AI-detected Dress processed on 2025-11-08,white-dress-1762599835.png,public
White Dress,Dress,outerwear,,,white,black|beige,,,all-season,AI-detected Dress processed on 2025-11-08,white-dress-1762600524.png,public
White Dress,Dress,outerwear,,,white,black|beige,,,all-season,AI-detected Dress processed on 2025-11-08,white-dress-1762601033.png,public
White Dress,Dress,outerwear,,,white,gray|beige,,,all-season,AI-detected Dress processed on 2025-11-08,white-dress-1762571552.png,public
White Dress,Dress,outerwear,,,white,pink|black,,,all-season,AI-detected Dress processed on 2025-11-08,white-dress-1762571907.png,public
White Hat,Hat,accessory,,,white,beige|black,,,all-season,AI-detected Hat processed on 2025-11-08,white-hat-1762572634.png,public
White Hat,Hat,accessory,,,white,beige|black,,,all-season,AI-detected Hat processed on 2025-11-08,white-hat-1762579605.png,public
White Hat,Hat,accessory,,,white,beige|black,,,all-season,AI-detected Hat processed on 2025-11-08,white-hat-1762582661.png,public
White Hat,Hat,accessory,,,white,beige|black,,,all-season,AI-detected Hat processed on 2025-11-08,white-hat-1762604246.png,public
White Hat,Hat,accessory,,,white,beige|black,,,all-season,AI-detected Hat processed on 2025-11-08,white-hat-1762606413.png,public
White Hat,Hat,accessory,,,white,beige|gray,,,all-season,AI-detected Hat processed on 2025-11-08,white-hat-1762599389.png,public
White Hat,Hat,accessory,,,white,beige|gray,,,all-season,AI-detected Hat processed on 2025-11-08,white-hat-1762607381.png,public
White Hat,Hat,accessory,,,white,black|beige,,,all-season,AI-detected Hat processed on 2025-11-08,white-hat-1762579468.png,public
White Hat,Hat,accessory,,,white,black|beige,,,all-season,AI-detected Hat processed on 2025-11-08,white-hat-1762581109.png,public
White Hat,Hat,accessory,,,white,black|beige,,,all-season,AI-detected Hat processed on 2025-11-08,white-hat-1762582669.png,public
White Hat,Hat,accessory,,,white,black|beige,,,all-season,AI-detected Hat processed on 2025-11-08,white-hat-1762599491.png,public
White Hat,Hat,accessory,,,white,black|beige,,,all-season,AI-detected Hat processed on 2025-11-08,white-hat-1762600231.png,public
White Hat,Hat,accessory,,,white,black|gray,,,all-season,AI-detected Hat processed on 2025-11-08,white-hat-1762570655.png,public
White Hat,Hat,accessory,,,white,black|gray,,,all-season,AI-detected Hat processed on 2025-11-08,white-hat-1762571951.png,public
White Hat,Hat,accessory,,,white,black|gray,,,all-season,AI-detected Hat processed on 2025-11-08,white-hat-1762575017.png,public
White Hat,Hat,accessory,,,white,black|gray,,,all-season,AI-detected Hat processed on 2025-11-08,white-hat-1762583373.png,public
White Hat,Hat,accessory,,,white,black|gray,,,all-season,AI-detected Hat processed on 2025-11-08,white-hat-1762603318.png,public
White Hat,Hat,accessory,,,white,black|pink,,,all-season,AI-detected Hat processed on 2025-11-08,white-hat-1762601270.png,public
White Hat,Hat,accessory,,,white,black|pink,,,all-season,AI-detected Hat processed on 2025-11-08,white-hat-1762602684.png,public
White Hat,Hat,accessory,,,white,black|pink,,,all-season,AI-detected Hat processed on 2025-11-08,white-hat-1762606815.png,public
White Hat,Hat,accessory,,,white,gray|black,,,all-season,AI-detected Hat processed on 2025-11-08,white-hat-1762571722.png,public
White Longsleeve,Longsleeve,top,,,white,beige|black,,,all-season,AI-detected Longsleeve processed on 2025-11-08,white-longsleeve-1762600172.png,public
White Pants,Pants,bottom,,,white,beige|black,,,all-season,AI-detected Pants processed on 2025-11-08,white-pants-1762572252.png,public
White Pants,Pants,bottom,,,white,beige|black,,,all-season,AI-detected Pants processed on 2025-11-08,white-pants-1762574364.png,public
White Pants,Pants,bottom,,,white,beige|black,,,all-season,AI-detected Pants processed on 2025-11-08,white-pants-1762595525.png,public
White Pants,Pants,bottom,,,white,beige|black,,,all-season,AI-detected Pants processed on 2025-11-08,white-pants-1762596925.png,public
White Pants,Pants,bottom,,,white,beige|black,,,all-season,AI-detected Pants processed on 2025-11-08,white-pants-1762597207.png,public
White Pants,Pants,bottom,,,white,beige|black,,,all-season,AI-detected Pants processed on 2025-11-08,white-pants-1762601321.png,public
White Pants,Pants,bottom,,,white,beige|black,,,all-season,AI-detected Pants processed on 2025-11-08,white-pants-1762602914.png,public
White Pants,Pants,bottom,,,white,beige|black,,,all-season,AI-detected Pants processed on 2025-11-08,white-pants-1762605172.png,public
White Pants,Pants,bottom,,,white,black|beige,,,all-season,AI-detected Pants processed on 2025-11-08,white-pants-1762576695.png,public
White Pants,Pants,bottom,,,white,black|beige,,,all-season,AI-detected Pants processed on 2025-11-08,white-pants-1762597063.png,public
White Pants,Pants,bottom,,,white,black|beige,,,all-season,AI-detected Pants processed on 2025-11-08,white-pants-1762603966.png,public
White Pants,Pants,bottom,,,white,black|beige,,,all-season,AI-detected Pants processed on 2025-11-08,white-pants-1762604711.png,public
White Pants,Pants,bottom,,,white,black|beige,,,all-season,AI-detected Pants processed on 2025-11-08,white-pants-1762605663.png,public
White Pants,Pants,bottom,,,white,black|gray,,,all-season,AI-detected Pants processed on 2025-11-08,white-pants-1762583276.png,public
White Pants,Pants,bottom,,,white,black|gray,,,all-season,AI-detected Pants processed on 2025-11-08,white-pants-1762584707.png,public
White Pants,Pants,bottom,,,white,gray|beige,,,all-season,AI-detected Pants processed on 2025-11-08,white-pants-1762580065.png,public
White Pants,Pants,bottom,,,white,gray|beige,,,all-season,AI-detected Pants processed on 2025-11-08,white-pants-1762587513.png,public
White Pants,Pants,bottom,,,white,gray|beige,,,all-season,AI-detected Pants processed on 2025-11-08,white-pants-1762598629.png,public
White Pants,Pants,bottom,,,white,pink|black,,,all-season,AI-detected Pants processed on 2025-11-08,white-pants-1762593516.png,public
White Shirt,Shirt,top,,,white,beige|black,,,all-season,AI-detected Shirt processed on 2025-11-08,white-shirt-1762576623.png,public
White Shirt,Shirt,top,,,white,beige|black,,,all-season,AI-detected Shirt processed on 2025-11-08,white-shirt-1762584448.png,public
White Shoes,Shoes,shoes,,,white,beige|black,,,all-season,AI-detected Shoes processed on 2025-11-08,white-shoes-1762574572.png,public
White Shoes,Shoes,shoes,,,white,beige|black,,,all-season,AI-detected Shoes processed on 2025-11-08,white-shoes-1762595556.png,public
White Shoes,Shoes,shoes,,,white,beige|black,,,all-season,AI-detected Shoes processed on 2025-11-08,white-shoes-1762600348.png,public
White Shoes,Shoes,shoes,,,white,black|beige,,,all-season,AI-detected Shoes processed on 2025-11-08,white-shoes-1762576839.png,public
White Shoes,Shoes,shoes,,,white,black|gray,,,all-season,AI-detected Shoes processed on 2025-11-08,white-shoes-1762571123.png,public
White Shoes,Shoes,shoes,,,white,black|pink,,,all-season,AI-detected Shoes processed on 2025-11-08,white-shoes-1762571210.png,public
White Shoes,Shoes,shoes,,,white,black|pink,,,all-season,AI-detected Shoes processed on 2025-11-08,white-shoes-1762578470.png,public
White Shoes,Shoes,shoes,,,white,black|pink,,,all-season,AI-detected Shoes processed on 2025-11-08,white-shoes-1762586324.png,public
White Shoes,Shoes,shoes,,,white,black|pink,,,all-season,AI-detected Shoes processed on 2025-11-08,white-shoes-1762590833.png,public
White Shoes,Shoes,shoes,,,white,black|pink,,,all-season,AI-detected Shoes processed on 2025-11-08,white-shoes-1762593250.png,public
White Shoes,Shoes,shoes,,,white,gray|black,,,all-season,AI-detected Shoes processed on 2025-11-08,white-shoes-1762603078.png,public
White Shoes,Shoes,shoes,,,white,pink|black,,,all-season,AI-detected Shoes processed on 2025-11-08,white-shoes-1762572948.png,public
White Shorts,Shorts,bottom,,,white,black|beige,,,all-season,AI-detected Shorts processed on 2025-11-08,white-shorts-1762577198.png,public
White Shorts,Shorts,bottom,,,white,black|gray,,,all-season,AI-detected Shorts processed on 2025-11-08,white-shorts-1762591643.png,public
White Shorts,Shorts,bottom,,,white,black|gray,,,all-season,AI-detected Shorts processed on 2025-11-08,white-shorts-1762594437.png,public
White Skirt,Skirt,bottom,,,white,beige|black,,,all-season,AI-detected Skirt processed on 2025-11-08,white-skirt-1762569263.png,public
White Skirt,Skirt,bottom,,,white,beige|black,,,all-season,AI-detected Skirt processed on 2025-11-08,white-skirt-1762607343.png,public
White Skirt,Skirt,bottom,,,white,black|beige,,,all-season,AI-detected Skirt processed on 2025-11-08,white-skirt-1762580703.png,public
White T-Shirt,T-Shirt,top,,,white,beige|black,,,all-season,AI-detected T-Shirt processed on 2025-11-08,white-t-shirt-1762605203.png,public
Yellow Blazer,Blazer,outerwear,,,yellow,black|olive,,,all-season,AI-detected Blazer processed on 2025-11-08,yellow-blazer-1762585476.png,public
Yellow Blazer,Blazer,outerwear,,,yellow,black|olive,,,all-season,AI-detected Blazer processed on 2025-11-08,yellow-blazer-1762586833.png,public
Yellow Blazer,Blazer,outerwear,,,yellow,black|olive,,,all-season,AI-detected Blazer processed on 2025-11-08,yellow-blazer-1762593553.png,public
Yellow Blazer,Blazer,outerwear,,,yellow,black|olive,,,all-season,AI-detected Blazer processed on 2025-11-08,yellow-blazer-1762606516.png,public
Yellow Blazer,Blazer,outerwear,,,yellow,black|pink,,,all-season,AI-detected Blazer processed on 2025-11-08,yellow-blazer-1762588143.png,public
Yellow Dress,Dress,outerwear,,,yellow,black,,,all-season,AI-detected Dress processed on 2025-11-08,yellow-dress-1762571167.png,public
Yellow Dress,Dress,outerwear,,,yellow,black|gray,,,all-season,AI-detected Dress processed on 2025-11-08,yellow-dress-1762569755.png,public
Yellow Dress,Dress,outerwear,,,yellow,black|gray,,,all-season,AI-detected Dress processed on 2025-11-08,yellow-dress-1762601864.png,public
Yellow Dress,Dress,outerwear,,,yellow,black|olive,,,all-season,AI-detected Dress processed on 2025-11-08,yellow-dress-1762573563.png,public
Yellow Dress,Dress,outerwear,,,yellow,black|orange,,,all-season,AI-detected Dress processed on 2025-11-08,yellow-dress-1762584299.png,public
Yellow Dress,Dress,outerwear,,,yellow,black|orange,,,all-season,AI-detected Dress processed on 2025-11-08,yellow-dress-1762600731.png,public
Yellow Dress,Dress,outerwear,,,yellow,black|orange,,,all-season,AI-detected Dress processed on 2025-11-08,yellow-dress-1762603089.png,public
Yellow Dress,Dress,outerwear,,,yellow,black|pink,,,all-season,AI-detected Dress processed on 2025-11-08,yellow-dress-1762579771.png,public
Yellow Dress,Dress,outerwear,,,yellow,gray|black,,,all-season,AI-detected Dress processed on 2025-11-08,yellow-dress-1762581355.png,public
Yellow Dress,Dress,outerwear,,,yellow,olive|black,,,all-season,AI-detected Dress processed on 2025-11-08,yellow-dress-1762570495.png,public
Yellow Dress,Dress,outerwear,,,yellow,orange|black,,,all-season,AI-detected Dress processed on 2025-11-08,yellow-dress-1762604257.png,public
Yellow Dress,Dress,outerwear,,,yellow,orange|black,,,all-season,AI-detected Dress processed on 2025-11-08,yellow-dress-1762607270.png,public
Yellow Hat,Hat,accessory,,,yellow,black|gray,,,all-season,AI-detected Hat processed on 2025-11-08,yellow-hat-1762590314.png,public
Yellow Hat,Hat,accessory,,,yellow,black|pink,,,all-season,AI-detected Hat processed on 2025-11-08,yellow-hat-1762596899.png,public
Yellow Hat,Hat,accessory,,,yellow,orange|black,,,all-season,AI-detected Hat processed on 2025-11-08,yellow-hat-1762577337.png,public
Yellow Longsleeve,Longsleeve,top,,,yellow,black|gray,,,all-season,AI-detected Longsleeve processed on 2025-11-08,yellow-longsleeve-1762586860.png,public
Yellow Longsleeve,Longsleeve,top,,,yellow,black|gray,,,all-season,AI-detected Longsleeve processed on 2025-11-08,yellow-longsleeve-1762598727.png,public
Yellow Longsleeve,Longsleeve,top,,,yellow,black|orange,,,all-season,AI-detected Longsleeve processed on 2025-11-08,yellow-longsleeve-1762574803.png,public
Yellow Longsleeve,Longsleeve,top,,,yellow,orange|black,,,all-season,AI-detected Longsleeve processed on 2025-11-08,yellow-longsleeve-1762584038.png,public
Yellow Pants,Pants,bottom,,,yellow,pink|black,,,all-season,AI-detected Pants processed on 2025-11-08,yellow-pants-1762586864.png,public
Yellow Shoes,Shoes,shoes,,,yellow,black|orange,,,all-season,AI-detected Shoes processed on 2025-11-08,yellow-shoes-1762591527.png,public
Yellow Shoes,Shoes,shoes,,,yellow,black|orange,,,all-season,AI-detected Shoes processed on 2025-11-08,yellow-shoes-1762592335.png,public
